-- --------------------------------------------------------
-- Host:                         127.0.0.1
-- Server version:               11.2.0-MariaDB-log - mariadb.org binary distribution
-- Server OS:                    Win64
-- HeidiSQL Version:             12.5.0.6677
-- --------------------------------------------------------

/*!40101 SET @OLD_CHARACTER_SET_CLIENT=@@CHARACTER_SET_CLIENT */;
/*!40101 SET NAMES utf8 */;
/*!50503 SET NAMES utf8mb4 */;
/*!40103 SET @OLD_TIME_ZONE=@@TIME_ZONE */;
/*!40103 SET TIME_ZONE='+00:00' */;
/*!40014 SET @OLD_FOREIGN_KEY_CHECKS=@@FOREIGN_KEY_CHECKS, FOREIGN_KEY_CHECKS=0 */;
/*!40101 SET @OLD_SQL_MODE=@@SQL_MODE, SQL_MODE='NO_AUTO_VALUE_ON_ZERO' */;
/*!40111 SET @OLD_SQL_NOTES=@@SQL_NOTES, SQL_NOTES=0 */;

-- Dumping structure for table aurora.categories
CREATE TABLE IF NOT EXISTS `categories` (
  `id` bigint(20) unsigned NOT NULL AUTO_INCREMENT,
  `title` varchar(255) NOT NULL,
  `slug` varchar(255) NOT NULL,
  `created_at` timestamp NULL DEFAULT NULL,
  `updated_at` timestamp NULL DEFAULT NULL,
  PRIMARY KEY (`id`),
  UNIQUE KEY `categories_slug_unique` (`slug`)
) ENGINE=InnoDB AUTO_INCREMENT=31 DEFAULT CHARSET=utf8mb4 COLLATE=utf8mb4_unicode_ci;

-- Dumping data for table aurora.categories: ~30 rows (approximately)
INSERT INTO `categories` (`id`, `title`, `slug`, `created_at`, `updated_at`) VALUES
	(1, 'Electronics', 'electronics', '2023-07-15 05:36:04', '2023-07-15 05:36:04'),
	(2, 'Fashion', 'fashion', '2023-07-15 05:36:04', '2023-07-15 05:36:04'),
	(3, 'Home & Kitchen', 'home-kitchen', '2023-07-15 05:36:04', '2023-07-15 05:36:04'),
	(4, 'Beauty & Personal Care', 'beauty-personal-care', '2023-07-15 05:36:04', '2023-07-15 05:36:04'),
	(5, 'Health & Fitness', 'health-fitness', '2023-07-15 05:36:04', '2023-07-15 05:36:04'),
	(6, 'Baby & Kids', 'baby-kids', '2023-07-15 05:36:04', '2023-07-15 05:36:04'),
	(7, 'Books & Literature', 'books-literature', '2023-07-15 05:36:04', '2023-07-15 05:36:04'),
	(8, 'Sports & Outdoors', 'sports-outdoors', '2023-07-15 05:36:04', '2023-07-15 05:36:04'),
	(9, 'Automotive', 'automotive', '2023-07-15 05:36:04', '2023-07-15 05:36:04'),
	(10, 'Tools & Home Improvement', 'tools-home-improvement', '2023-07-15 05:36:04', '2023-07-15 05:36:04'),
	(11, 'Movies & Entertainment', 'movies-entertainment', '2023-07-15 05:36:04', '2023-07-15 05:36:04'),
	(12, 'Music', 'music', '2023-07-15 05:36:04', '2023-07-15 05:36:04'),
	(13, 'Art & Crafts', 'art-crafts', '2023-07-15 05:36:04', '2023-07-15 05:36:04'),
	(14, 'Food & Beverages', 'food-beverages', '2023-07-15 05:36:04', '2023-07-15 05:36:04'),
	(15, 'Pet Supplies', 'pet-supplies', '2023-07-15 05:36:04', '2023-07-15 05:36:04'),
	(16, 'Office & School Supplies', 'office-school-supplies', '2023-07-15 05:36:04', '2023-07-15 05:36:04'),
	(17, 'Furniture', 'furniture', '2023-07-15 05:36:04', '2023-07-15 05:36:04'),
	(18, 'Travel & Luggage', 'travel-luggage', '2023-07-15 05:36:04', '2023-07-15 05:36:04'),
	(19, 'Garden & Outdoor', 'garden-outdoor', '2023-07-15 05:36:04', '2023-07-15 05:36:04'),
	(20, 'Toys & Games', 'toys-games', '2023-07-15 05:36:04', '2023-07-15 05:36:04'),
	(21, 'Jewelry & Accessories', 'jewelry-accessories', '2023-07-15 05:36:04', '2023-07-15 05:36:04'),
	(22, 'Watches', 'watches', '2023-07-15 05:36:04', '2023-07-15 05:36:04'),
	(23, 'Mobile Phones & Accessories', 'mobile-phones-accessories', '2023-07-15 05:36:04', '2023-07-15 05:36:04'),
	(24, 'Computers & Accessories', 'computers-accessories', '2023-07-15 05:36:04', '2023-07-15 05:36:04'),
	(25, 'Cameras & Photography', 'cameras-photography', '2023-07-15 05:36:04', '2023-07-15 05:36:04'),
	(26, 'Home Appliances', 'home-appliances', '2023-07-15 05:36:04', '2023-07-15 05:36:04'),
	(27, 'Musical Instruments', 'musical-instruments', '2023-07-15 05:36:04', '2023-07-15 05:36:04'),
	(28, 'Party & Event Supplies', 'party-event-supplies', '2023-07-15 05:36:04', '2023-07-15 05:36:04'),
	(29, 'Industrial & Scientific', 'industrial-scientific', '2023-07-15 05:36:04', '2023-07-15 05:36:04'),
	(30, 'Stationery & Office Supplies', 'stationery-office-supplies', '2023-07-15 05:36:04', '2023-07-15 05:36:04');

-- Dumping structure for table aurora.cities
CREATE TABLE IF NOT EXISTS `cities` (
  `id` bigint(20) unsigned NOT NULL AUTO_INCREMENT,
  `name` varchar(255) NOT NULL,
  `country_id` bigint(20) unsigned DEFAULT NULL,
  `created_at` timestamp NULL DEFAULT NULL,
  `updated_at` timestamp NULL DEFAULT NULL,
  PRIMARY KEY (`id`),
  KEY `cities_country_id_foreign` (`country_id`),
  CONSTRAINT `cities_country_id_foreign` FOREIGN KEY (`country_id`) REFERENCES `countries` (`id`) ON DELETE CASCADE ON UPDATE CASCADE
) ENGINE=InnoDB AUTO_INCREMENT=5 DEFAULT CHARSET=utf8mb4 COLLATE=utf8mb4_unicode_ci;

-- Dumping data for table aurora.cities: ~4 rows (approximately)
INSERT INTO `cities` (`id`, `name`, `country_id`, `created_at`, `updated_at`) VALUES
	(1, 'Dhaka', 18, '2023-07-15 05:36:04', '2023-07-15 05:36:04'),
	(2, 'Chattogram', 18, '2023-07-15 05:36:04', '2023-07-15 05:36:04'),
	(3, 'Feni', 18, '2023-07-15 05:36:04', '2023-07-15 05:36:04'),
	(4, 'Noakhali', 18, '2023-07-15 05:36:04', '2023-07-15 05:36:04');

-- Dumping structure for table aurora.countries
CREATE TABLE IF NOT EXISTS `countries` (
  `id` bigint(20) unsigned NOT NULL AUTO_INCREMENT,
  `iso` char(2) NOT NULL,
  `name` varchar(80) NOT NULL,
  `nicename` varchar(80) NOT NULL,
  `iso3` char(3) DEFAULT NULL,
  `numcode` smallint(6) DEFAULT NULL,
  `phonecode` int(11) NOT NULL,
  `created_at` timestamp NULL DEFAULT NULL,
  `updated_at` timestamp NULL DEFAULT NULL,
  PRIMARY KEY (`id`),
  UNIQUE KEY `countries_iso_unique` (`iso`),
  UNIQUE KEY `countries_name_unique` (`name`),
  UNIQUE KEY `countries_nicename_unique` (`nicename`),
  UNIQUE KEY `countries_iso3_unique` (`iso3`)
) ENGINE=InnoDB AUTO_INCREMENT=240 DEFAULT CHARSET=utf8mb4 COLLATE=utf8mb4_unicode_ci;

-- Dumping data for table aurora.countries: ~239 rows (approximately)
INSERT INTO `countries` (`id`, `iso`, `name`, `nicename`, `iso3`, `numcode`, `phonecode`, `created_at`, `updated_at`) VALUES
	(1, 'AF', 'AFGHANISTAN', 'Afghanistan', 'AFG', 4, 93, NULL, NULL),
	(2, 'AL', 'ALBANIA', 'Albania', 'ALB', 8, 355, NULL, NULL),
	(3, 'DZ', 'ALGERIA', 'Algeria', 'DZA', 12, 213, NULL, NULL),
	(4, 'AS', 'AMERICAN SAMOA', 'American Samoa', 'ASM', 16, 1684, NULL, NULL),
	(5, 'AD', 'ANDORRA', 'Andorra', 'AND', 20, 376, NULL, NULL),
	(6, 'AO', 'ANGOLA', 'Angola', 'AGO', 24, 244, NULL, NULL),
	(7, 'AI', 'ANGUILLA', 'Anguilla', 'AIA', 660, 1264, NULL, NULL),
	(8, 'AQ', 'ANTARCTICA', 'Antarctica', NULL, NULL, 0, NULL, NULL),
	(9, 'AG', 'ANTIGUA AND BARBUDA', 'Antigua and Barbuda', 'ATG', 28, 1268, NULL, NULL),
	(10, 'AR', 'ARGENTINA', 'Argentina', 'ARG', 32, 54, NULL, NULL),
	(11, 'AM', 'ARMENIA', 'Armenia', 'ARM', 51, 374, NULL, NULL),
	(12, 'AW', 'ARUBA', 'Aruba', 'ABW', 533, 297, NULL, NULL),
	(13, 'AU', 'AUSTRALIA', 'Australia', 'AUS', 36, 61, NULL, NULL),
	(14, 'AT', 'AUSTRIA', 'Austria', 'AUT', 40, 43, NULL, NULL),
	(15, 'AZ', 'AZERBAIJAN', 'Azerbaijan', 'AZE', 31, 994, NULL, NULL),
	(16, 'BS', 'BAHAMAS', 'Bahamas', 'BHS', 44, 1242, NULL, NULL),
	(17, 'BH', 'BAHRAIN', 'Bahrain', 'BHR', 48, 973, NULL, NULL),
	(18, 'BD', 'BANGLADESH', 'Bangladesh', 'BGD', 50, 880, NULL, NULL),
	(19, 'BB', 'BARBADOS', 'Barbados', 'BRB', 52, 1246, NULL, NULL),
	(20, 'BY', 'BELARUS', 'Belarus', 'BLR', 112, 375, NULL, NULL),
	(21, 'BE', 'BELGIUM', 'Belgium', 'BEL', 56, 32, NULL, NULL),
	(22, 'BZ', 'BELIZE', 'Belize', 'BLZ', 84, 501, NULL, NULL),
	(23, 'BJ', 'BENIN', 'Benin', 'BEN', 204, 229, NULL, NULL),
	(24, 'BM', 'BERMUDA', 'Bermuda', 'BMU', 60, 1441, NULL, NULL),
	(25, 'BT', 'BHUTAN', 'Bhutan', 'BTN', 64, 975, NULL, NULL),
	(26, 'BO', 'BOLIVIA', 'Bolivia', 'BOL', 68, 591, NULL, NULL),
	(27, 'BA', 'BOSNIA AND HERZEGOVINA', 'Bosnia and Herzegovina', 'BIH', 70, 387, NULL, NULL),
	(28, 'BW', 'BOTSWANA', 'Botswana', 'BWA', 72, 267, NULL, NULL),
	(29, 'BV', 'BOUVET ISLAND', 'Bouvet Island', NULL, NULL, 0, NULL, NULL),
	(30, 'BR', 'BRAZIL', 'Brazil', 'BRA', 76, 55, NULL, NULL),
	(31, 'IO', 'BRITISH INDIAN OCEAN TERRITORY', 'British Indian Ocean Territory', NULL, NULL, 246, NULL, NULL),
	(32, 'BN', 'BRUNEI DARUSSALAM', 'Brunei Darussalam', 'BRN', 96, 673, NULL, NULL),
	(33, 'BG', 'BULGARIA', 'Bulgaria', 'BGR', 100, 359, NULL, NULL),
	(34, 'BF', 'BURKINA FASO', 'Burkina Faso', 'BFA', 854, 226, NULL, NULL),
	(35, 'BI', 'BURUNDI', 'Burundi', 'BDI', 108, 257, NULL, NULL),
	(36, 'KH', 'CAMBODIA', 'Cambodia', 'KHM', 116, 855, NULL, NULL),
	(37, 'CM', 'CAMEROON', 'Cameroon', 'CMR', 120, 237, NULL, NULL),
	(38, 'CA', 'CANADA', 'Canada', 'CAN', 124, 1, NULL, NULL),
	(39, 'CV', 'CAPE VERDE', 'Cape Verde', 'CPV', 132, 238, NULL, NULL),
	(40, 'KY', 'CAYMAN ISLANDS', 'Cayman Islands', 'CYM', 136, 1345, NULL, NULL),
	(41, 'CF', 'CENTRAL AFRICAN REPUBLIC', 'Central African Republic', 'CAF', 140, 236, NULL, NULL),
	(42, 'TD', 'CHAD', 'Chad', 'TCD', 148, 235, NULL, NULL),
	(43, 'CL', 'CHILE', 'Chile', 'CHL', 152, 56, NULL, NULL),
	(44, 'CN', 'CHINA', 'China', 'CHN', 156, 86, NULL, NULL),
	(45, 'CX', 'CHRISTMAS ISLAND', 'Christmas Island', NULL, NULL, 61, NULL, NULL),
	(46, 'CC', 'COCOS (KEELING) ISLANDS', 'Cocos (Keeling) Islands', NULL, NULL, 672, NULL, NULL),
	(47, 'CO', 'COLOMBIA', 'Colombia', 'COL', 170, 57, NULL, NULL),
	(48, 'KM', 'COMOROS', 'Comoros', 'COM', 174, 269, NULL, NULL),
	(49, 'CG', 'CONGO', 'Congo', 'COG', 178, 242, NULL, NULL),
	(50, 'CD', 'CONGO, THE DEMOCRATIC REPUBLIC OF THE', 'Congo, the Democratic Republic of the', 'COD', 180, 242, NULL, NULL),
	(51, 'CK', 'COOK ISLANDS', 'Cook Islands', 'COK', 184, 682, NULL, NULL),
	(52, 'CR', 'COSTA RICA', 'Costa Rica', 'CRI', 188, 506, NULL, NULL),
	(53, 'CI', 'COTE DIVOIRE', 'Cote DIvoire', 'CIV', 384, 225, NULL, NULL),
	(54, 'HR', 'CROATIA', 'Croatia', 'HRV', 191, 385, NULL, NULL),
	(55, 'CU', 'CUBA', 'Cuba', 'CUB', 192, 53, NULL, NULL),
	(56, 'CY', 'CYPRUS', 'Cyprus', 'CYP', 196, 357, NULL, NULL),
	(57, 'CZ', 'CZECH REPUBLIC', 'Czech Republic', 'CZE', 203, 420, NULL, NULL),
	(58, 'DK', 'DENMARK', 'Denmark', 'DNK', 208, 45, NULL, NULL),
	(59, 'DJ', 'DJIBOUTI', 'Djibouti', 'DJI', 262, 253, NULL, NULL),
	(60, 'DM', 'DOMINICA', 'Dominica', 'DMA', 212, 1767, NULL, NULL),
	(61, 'DO', 'DOMINICAN REPUBLIC', 'Dominican Republic', 'DOM', 214, 1809, NULL, NULL),
	(62, 'EC', 'ECUADOR', 'Ecuador', 'ECU', 218, 593, NULL, NULL),
	(63, 'EG', 'EGYPT', 'Egypt', 'EGY', 818, 20, NULL, NULL),
	(64, 'SV', 'EL SALVADOR', 'El Salvador', 'SLV', 222, 503, NULL, NULL),
	(65, 'GQ', 'EQUATORIAL GUINEA', 'Equatorial Guinea', 'GNQ', 226, 240, NULL, NULL),
	(66, 'ER', 'ERITREA', 'Eritrea', 'ERI', 232, 291, NULL, NULL),
	(67, 'EE', 'ESTONIA', 'Estonia', 'EST', 233, 372, NULL, NULL),
	(68, 'ET', 'ETHIOPIA', 'Ethiopia', 'ETH', 231, 251, NULL, NULL),
	(69, 'FK', 'FALKLAND ISLANDS (MALVINAS)', 'Falkland Islands (Malvinas)', 'FLK', 238, 500, NULL, NULL),
	(70, 'FO', 'FAROE ISLANDS', 'Faroe Islands', 'FRO', 234, 298, NULL, NULL),
	(71, 'FJ', 'FIJI', 'Fiji', 'FJI', 242, 679, NULL, NULL),
	(72, 'FI', 'FINLAND', 'Finland', 'FIN', 246, 358, NULL, NULL),
	(73, 'FR', 'FRANCE', 'France', 'FRA', 250, 33, NULL, NULL),
	(74, 'GF', 'FRENCH GUIANA', 'French Guiana', 'GUF', 254, 594, NULL, NULL),
	(75, 'PF', 'FRENCH POLYNESIA', 'French Polynesia', 'PYF', 258, 689, NULL, NULL),
	(76, 'TF', 'FRENCH SOUTHERN TERRITORIES', 'French Southern Territories', NULL, NULL, 0, NULL, NULL),
	(77, 'GA', 'GABON', 'Gabon', 'GAB', 266, 241, NULL, NULL),
	(78, 'GM', 'GAMBIA', 'Gambia', 'GMB', 270, 220, NULL, NULL),
	(79, 'GE', 'GEORGIA', 'Georgia', 'GEO', 268, 995, NULL, NULL),
	(80, 'DE', 'GERMANY', 'Germany', 'DEU', 276, 49, NULL, NULL),
	(81, 'GH', 'GHANA', 'Ghana', 'GHA', 288, 233, NULL, NULL),
	(82, 'GI', 'GIBRALTAR', 'Gibraltar', 'GIB', 292, 350, NULL, NULL),
	(83, 'GR', 'GREECE', 'Greece', 'GRC', 300, 30, NULL, NULL),
	(84, 'GL', 'GREENLAND', 'Greenland', 'GRL', 304, 299, NULL, NULL),
	(85, 'GD', 'GRENADA', 'Grenada', 'GRD', 308, 1473, NULL, NULL),
	(86, 'GP', 'GUADELOUPE', 'Guadeloupe', 'GLP', 312, 590, NULL, NULL),
	(87, 'GU', 'GUAM', 'Guam', 'GUM', 316, 1671, NULL, NULL),
	(88, 'GT', 'GUATEMALA', 'Guatemala', 'GTM', 320, 502, NULL, NULL),
	(89, 'GN', 'GUINEA', 'Guinea', 'GIN', 324, 224, NULL, NULL),
	(90, 'GW', 'GUINEA-BISSAU', 'Guinea-Bissau', 'GNB', 624, 245, NULL, NULL),
	(91, 'GY', 'GUYANA', 'Guyana', 'GUY', 328, 592, NULL, NULL),
	(92, 'HT', 'HAITI', 'Haiti', 'HTI', 332, 509, NULL, NULL),
	(93, 'HM', 'HEARD ISLAND AND MCDONALD ISLANDS', 'Heard Island and Mcdonald Islands', NULL, NULL, 0, NULL, NULL),
	(94, 'VA', 'HOLY SEE (VATICAN CITY STATE)', 'Holy See (Vatican City State)', 'VAT', 336, 39, NULL, NULL),
	(95, 'HN', 'HONDURAS', 'Honduras', 'HND', 340, 504, NULL, NULL),
	(96, 'HK', 'HONG KONG', 'Hong Kong', 'HKG', 344, 852, NULL, NULL),
	(97, 'HU', 'HUNGARY', 'Hungary', 'HUN', 348, 36, NULL, NULL),
	(98, 'IS', 'ICELAND', 'Iceland', 'ISL', 352, 354, NULL, NULL),
	(99, 'IN', 'INDIA', 'India', 'IND', 356, 91, NULL, NULL),
	(100, 'ID', 'INDONESIA', 'Indonesia', 'IDN', 360, 62, NULL, NULL),
	(101, 'IR', 'IRAN, ISLAMIC REPUBLIC OF', 'Iran, Islamic Republic of', 'IRN', 364, 98, NULL, NULL),
	(102, 'IQ', 'IRAQ', 'Iraq', 'IRQ', 368, 964, NULL, NULL),
	(103, 'IE', 'IRELAND', 'Ireland', 'IRL', 372, 353, NULL, NULL),
	(104, 'IL', 'ISRAEL', 'Israel', 'ISR', 376, 972, NULL, NULL),
	(105, 'IT', 'ITALY', 'Italy', 'ITA', 380, 39, NULL, NULL),
	(106, 'JM', 'JAMAICA', 'Jamaica', 'JAM', 388, 1876, NULL, NULL),
	(107, 'JP', 'JAPAN', 'Japan', 'JPN', 392, 81, NULL, NULL),
	(108, 'JO', 'JORDAN', 'Jordan', 'JOR', 400, 962, NULL, NULL),
	(109, 'KZ', 'KAZAKHSTAN', 'Kazakhstan', 'KAZ', 398, 7, NULL, NULL),
	(110, 'KE', 'KENYA', 'Kenya', 'KEN', 404, 254, NULL, NULL),
	(111, 'KI', 'KIRIBATI', 'Kiribati', 'KIR', 296, 686, NULL, NULL),
	(112, 'KP', 'KOREA, DEMOCRATIC PEOPLES REPUBLIC OF', 'Korea, Democratic Peoples Republic of', 'PRK', 408, 850, NULL, NULL),
	(113, 'KR', 'KOREA, REPUBLIC OF', 'Korea, Republic of', 'KOR', 410, 82, NULL, NULL),
	(114, 'KW', 'KUWAIT', 'Kuwait', 'KWT', 414, 965, NULL, NULL),
	(115, 'KG', 'KYRGYZSTAN', 'Kyrgyzstan', 'KGZ', 417, 996, NULL, NULL),
	(116, 'LA', 'LAO PEOPLES DEMOCRATIC REPUBLIC', 'Lao Peoples Democratic Republic', 'LAO', 418, 856, NULL, NULL),
	(117, 'LV', 'LATVIA', 'Latvia', 'LVA', 428, 371, NULL, NULL),
	(118, 'LB', 'LEBANON', 'Lebanon', 'LBN', 422, 961, NULL, NULL),
	(119, 'LS', 'LESOTHO', 'Lesotho', 'LSO', 426, 266, NULL, NULL),
	(120, 'LR', 'LIBERIA', 'Liberia', 'LBR', 430, 231, NULL, NULL),
	(121, 'LY', 'LIBYAN ARAB JAMAHIRIYA', 'Libyan Arab Jamahiriya', 'LBY', 434, 218, NULL, NULL),
	(122, 'LI', 'LIECHTENSTEIN', 'Liechtenstein', 'LIE', 438, 423, NULL, NULL),
	(123, 'LT', 'LITHUANIA', 'Lithuania', 'LTU', 440, 370, NULL, NULL),
	(124, 'LU', 'LUXEMBOURG', 'Luxembourg', 'LUX', 442, 352, NULL, NULL),
	(125, 'MO', 'MACAO', 'Macao', 'MAC', 446, 853, NULL, NULL),
	(126, 'MK', 'MACEDONIA, THE FORMER YUGOSLAV REPUBLIC OF', 'Macedonia, the Former Yugoslav Republic of', 'MKD', 807, 389, NULL, NULL),
	(127, 'MG', 'MADAGASCAR', 'Madagascar', 'MDG', 450, 261, NULL, NULL),
	(128, 'MW', 'MALAWI', 'Malawi', 'MWI', 454, 265, NULL, NULL),
	(129, 'MY', 'MALAYSIA', 'Malaysia', 'MYS', 458, 60, NULL, NULL),
	(130, 'MV', 'MALDIVES', 'Maldives', 'MDV', 462, 960, NULL, NULL),
	(131, 'ML', 'MALI', 'Mali', 'MLI', 466, 223, NULL, NULL),
	(132, 'MT', 'MALTA', 'Malta', 'MLT', 470, 356, NULL, NULL),
	(133, 'MH', 'MARSHALL ISLANDS', 'Marshall Islands', 'MHL', 584, 692, NULL, NULL),
	(134, 'MQ', 'MARTINIQUE', 'Martinique', 'MTQ', 474, 596, NULL, NULL),
	(135, 'MR', 'MAURITANIA', 'Mauritania', 'MRT', 478, 222, NULL, NULL),
	(136, 'MU', 'MAURITIUS', 'Mauritius', 'MUS', 480, 230, NULL, NULL),
	(137, 'YT', 'MAYOTTE', 'Mayotte', NULL, NULL, 269, NULL, NULL),
	(138, 'MX', 'MEXICO', 'Mexico', 'MEX', 484, 52, NULL, NULL),
	(139, 'FM', 'MICRONESIA, FEDERATED STATES OF', 'Micronesia, Federated States of', 'FSM', 583, 691, NULL, NULL),
	(140, 'MD', 'MOLDOVA, REPUBLIC OF', 'Moldova, Republic of', 'MDA', 498, 373, NULL, NULL),
	(141, 'MC', 'MONACO', 'Monaco', 'MCO', 492, 377, NULL, NULL),
	(142, 'MN', 'MONGOLIA', 'Mongolia', 'MNG', 496, 976, NULL, NULL),
	(143, 'MS', 'MONTSERRAT', 'Montserrat', 'MSR', 500, 1664, NULL, NULL),
	(144, 'MA', 'MOROCCO', 'Morocco', 'MAR', 504, 212, NULL, NULL),
	(145, 'MZ', 'MOZAMBIQUE', 'Mozambique', 'MOZ', 508, 258, NULL, NULL),
	(146, 'MM', 'MYANMAR', 'Myanmar', 'MMR', 104, 95, NULL, NULL),
	(147, 'NA', 'NAMIBIA', 'Namibia', 'NAM', 516, 264, NULL, NULL),
	(148, 'NR', 'NAURU', 'Nauru', 'NRU', 520, 674, NULL, NULL),
	(149, 'NP', 'NEPAL', 'Nepal', 'NPL', 524, 977, NULL, NULL),
	(150, 'NL', 'NETHERLANDS', 'Netherlands', 'NLD', 528, 31, NULL, NULL),
	(151, 'AN', 'NETHERLANDS ANTILLES', 'Netherlands Antilles', 'ANT', 530, 599, NULL, NULL),
	(152, 'NC', 'NEW CALEDONIA', 'New Caledonia', 'NCL', 540, 687, NULL, NULL),
	(153, 'NZ', 'NEW ZEALAND', 'New Zealand', 'NZL', 554, 64, NULL, NULL),
	(154, 'NI', 'NICARAGUA', 'Nicaragua', 'NIC', 558, 505, NULL, NULL),
	(155, 'NE', 'NIGER', 'Niger', 'NER', 562, 227, NULL, NULL),
	(156, 'NG', 'NIGERIA', 'Nigeria', 'NGA', 566, 234, NULL, NULL),
	(157, 'NU', 'NIUE', 'Niue', 'NIU', 570, 683, NULL, NULL),
	(158, 'NF', 'NORFOLK ISLAND', 'Norfolk Island', 'NFK', 574, 672, NULL, NULL),
	(159, 'MP', 'NORTHERN MARIANA ISLANDS', 'Northern Mariana Islands', 'MNP', 580, 1670, NULL, NULL),
	(160, 'NO', 'NORWAY', 'Norway', 'NOR', 578, 47, NULL, NULL),
	(161, 'OM', 'OMAN', 'Oman', 'OMN', 512, 968, NULL, NULL),
	(162, 'PK', 'PAKISTAN', 'Pakistan', 'PAK', 586, 92, NULL, NULL),
	(163, 'PW', 'PALAU', 'Palau', 'PLW', 585, 680, NULL, NULL),
	(164, 'PS', 'PALESTINIAN TERRITORY, OCCUPIED', 'Palestinian Territory, Occupied', NULL, NULL, 970, NULL, NULL),
	(165, 'PA', 'PANAMA', 'Panama', 'PAN', 591, 507, NULL, NULL),
	(166, 'PG', 'PAPUA NEW GUINEA', 'Papua New Guinea', 'PNG', 598, 675, NULL, NULL),
	(167, 'PY', 'PARAGUAY', 'Paraguay', 'PRY', 600, 595, NULL, NULL),
	(168, 'PE', 'PERU', 'Peru', 'PER', 604, 51, NULL, NULL),
	(169, 'PH', 'PHILIPPINES', 'Philippines', 'PHL', 608, 63, NULL, NULL),
	(170, 'PN', 'PITCAIRN', 'Pitcairn', 'PCN', 612, 0, NULL, NULL),
	(171, 'PL', 'POLAND', 'Poland', 'POL', 616, 48, NULL, NULL),
	(172, 'PT', 'PORTUGAL', 'Portugal', 'PRT', 620, 351, NULL, NULL),
	(173, 'PR', 'PUERTO RICO', 'Puerto Rico', 'PRI', 630, 1787, NULL, NULL),
	(174, 'QA', 'QATAR', 'Qatar', 'QAT', 634, 974, NULL, NULL),
	(175, 'RE', 'REUNION', 'Reunion', 'REU', 638, 262, NULL, NULL),
	(176, 'RO', 'ROMANIA', 'Romania', 'ROM', 642, 40, NULL, NULL),
	(177, 'RU', 'RUSSIAN FEDERATION', 'Russian Federation', 'RUS', 643, 70, NULL, NULL),
	(178, 'RW', 'RWANDA', 'Rwanda', 'RWA', 646, 250, NULL, NULL),
	(179, 'SH', 'SAINT HELENA', 'Saint Helena', 'SHN', 654, 290, NULL, NULL),
	(180, 'KN', 'SAINT KITTS AND NEVIS', 'Saint Kitts and Nevis', 'KNA', 659, 1869, NULL, NULL),
	(181, 'LC', 'SAINT LUCIA', 'Saint Lucia', 'LCA', 662, 1758, NULL, NULL),
	(182, 'PM', 'SAINT PIERRE AND MIQUELON', 'Saint Pierre and Miquelon', 'SPM', 666, 508, NULL, NULL),
	(183, 'VC', 'SAINT VINCENT AND THE GRENADINES', 'Saint Vincent and the Grenadines', 'VCT', 670, 1784, NULL, NULL),
	(184, 'WS', 'SAMOA', 'Samoa', 'WSM', 882, 684, NULL, NULL),
	(185, 'SM', 'SAN MARINO', 'San Marino', 'SMR', 674, 378, NULL, NULL),
	(186, 'ST', 'SAO TOME AND PRINCIPE', 'Sao Tome and Principe', 'STP', 678, 239, NULL, NULL),
	(187, 'SA', 'SAUDI ARABIA', 'Saudi Arabia', 'SAU', 682, 966, NULL, NULL),
	(188, 'SN', 'SENEGAL', 'Senegal', 'SEN', 686, 221, NULL, NULL),
	(189, 'CS', 'SERBIA AND MONTENEGRO', 'Serbia and Montenegro', NULL, NULL, 381, NULL, NULL),
	(190, 'SC', 'SEYCHELLES', 'Seychelles', 'SYC', 690, 248, NULL, NULL),
	(191, 'SL', 'SIERRA LEONE', 'Sierra Leone', 'SLE', 694, 232, NULL, NULL),
	(192, 'SG', 'SINGAPORE', 'Singapore', 'SGP', 702, 65, NULL, NULL),
	(193, 'SK', 'SLOVAKIA', 'Slovakia', 'SVK', 703, 421, NULL, NULL),
	(194, 'SI', 'SLOVENIA', 'Slovenia', 'SVN', 705, 386, NULL, NULL),
	(195, 'SB', 'SOLOMON ISLANDS', 'Solomon Islands', 'SLB', 90, 677, NULL, NULL),
	(196, 'SO', 'SOMALIA', 'Somalia', 'SOM', 706, 252, NULL, NULL),
	(197, 'ZA', 'SOUTH AFRICA', 'South Africa', 'ZAF', 710, 27, NULL, NULL),
	(198, 'GS', 'SOUTH GEORGIA AND THE SOUTH SANDWICH ISLANDS', 'South Georgia and the South Sandwich Islands', NULL, NULL, 0, NULL, NULL),
	(199, 'ES', 'SPAIN', 'Spain', 'ESP', 724, 34, NULL, NULL),
	(200, 'LK', 'SRI LANKA', 'Sri Lanka', 'LKA', 144, 94, NULL, NULL),
	(201, 'SD', 'SUDAN', 'Sudan', 'SDN', 736, 249, NULL, NULL),
	(202, 'SR', 'SURINAME', 'Suriname', 'SUR', 740, 597, NULL, NULL),
	(203, 'SJ', 'SVALBARD AND JAN MAYEN', 'Svalbard and Jan Mayen', 'SJM', 744, 47, NULL, NULL),
	(204, 'SZ', 'SWAZILAND', 'Swaziland', 'SWZ', 748, 268, NULL, NULL),
	(205, 'SE', 'SWEDEN', 'Sweden', 'SWE', 752, 46, NULL, NULL),
	(206, 'CH', 'SWITZERLAND', 'Switzerland', 'CHE', 756, 41, NULL, NULL),
	(207, 'SY', 'SYRIAN ARAB REPUBLIC', 'Syrian Arab Republic', 'SYR', 760, 963, NULL, NULL),
	(208, 'TW', 'TAIWAN, PROVINCE OF CHINA', 'Taiwan, Province of China', 'TWN', 158, 886, NULL, NULL),
	(209, 'TJ', 'TAJIKISTAN', 'Tajikistan', 'TJK', 762, 992, NULL, NULL),
	(210, 'TZ', 'TANZANIA, UNITED REPUBLIC OF', 'Tanzania, United Republic of', 'TZA', 834, 255, NULL, NULL),
	(211, 'TH', 'THAILAND', 'Thailand', 'THA', 764, 66, NULL, NULL),
	(212, 'TL', 'TIMOR-LESTE', 'Timor-Leste', NULL, NULL, 670, NULL, NULL),
	(213, 'TG', 'TOGO', 'Togo', 'TGO', 768, 228, NULL, NULL),
	(214, 'TK', 'TOKELAU', 'Tokelau', 'TKL', 772, 690, NULL, NULL),
	(215, 'TO', 'TONGA', 'Tonga', 'TON', 776, 676, NULL, NULL),
	(216, 'TT', 'TRINIDAD AND TOBAGO', 'Trinidad and Tobago', 'TTO', 780, 1868, NULL, NULL),
	(217, 'TN', 'TUNISIA', 'Tunisia', 'TUN', 788, 216, NULL, NULL),
	(218, 'TR', 'TURKEY', 'Turkey', 'TUR', 792, 90, NULL, NULL),
	(219, 'TM', 'TURKMENISTAN', 'Turkmenistan', 'TKM', 795, 7370, NULL, NULL),
	(220, 'TC', 'TURKS AND CAICOS ISLANDS', 'Turks and Caicos Islands', 'TCA', 796, 1649, NULL, NULL),
	(221, 'TV', 'TUVALU', 'Tuvalu', 'TUV', 798, 688, NULL, NULL),
	(222, 'UG', 'UGANDA', 'Uganda', 'UGA', 800, 256, NULL, NULL),
	(223, 'UA', 'UKRAINE', 'Ukraine', 'UKR', 804, 380, NULL, NULL),
	(224, 'AE', 'UNITED ARAB EMIRATES', 'United Arab Emirates', 'ARE', 784, 971, NULL, NULL),
	(225, 'GB', 'UNITED KINGDOM', 'United Kingdom', 'GBR', 826, 44, NULL, NULL),
	(226, 'US', 'UNITED STATES', 'United States', 'USA', 840, 1, NULL, NULL),
	(227, 'UM', 'UNITED STATES MINOR OUTLYING ISLANDS', 'United States Minor Outlying Islands', NULL, NULL, 1, NULL, NULL),
	(228, 'UY', 'URUGUAY', 'Uruguay', 'URY', 858, 598, NULL, NULL),
	(229, 'UZ', 'UZBEKISTAN', 'Uzbekistan', 'UZB', 860, 998, NULL, NULL),
	(230, 'VU', 'VANUATU', 'Vanuatu', 'VUT', 548, 678, NULL, NULL),
	(231, 'VE', 'VENEZUELA', 'Venezuela', 'VEN', 862, 58, NULL, NULL),
	(232, 'VN', 'VIET NAM', 'Viet Nam', 'VNM', 704, 84, NULL, NULL),
	(233, 'VG', 'VIRGIN ISLANDS, BRITISH', 'Virgin Islands, British', 'VGB', 92, 1284, NULL, NULL),
	(234, 'VI', 'VIRGIN ISLANDS, U.S.', 'Virgin Islands, U.s.', 'VIR', 850, 1340, NULL, NULL),
	(235, 'WF', 'WALLIS AND FUTUNA', 'Wallis and Futuna', 'WLF', 876, 681, NULL, NULL),
	(236, 'EH', 'WESTERN SAHARA', 'Western Sahara', 'ESH', 732, 212, NULL, NULL),
	(237, 'YE', 'YEMEN', 'Yemen', 'YEM', 887, 967, NULL, NULL),
	(238, 'ZM', 'ZAMBIA', 'Zambia', 'ZMB', 894, 260, NULL, NULL),
	(239, 'ZW', 'ZIMBABWE', 'Zimbabwe', 'ZWE', 716, 263, NULL, NULL);

-- Dumping structure for table aurora.employee_ranges
CREATE TABLE IF NOT EXISTS `employee_ranges` (
  `id` bigint(20) unsigned NOT NULL AUTO_INCREMENT,
  `title` varchar(255) NOT NULL,
  `created_at` timestamp NULL DEFAULT NULL,
  `updated_at` timestamp NULL DEFAULT NULL,
  PRIMARY KEY (`id`)
) ENGINE=InnoDB AUTO_INCREMENT=7 DEFAULT CHARSET=utf8mb4 COLLATE=utf8mb4_unicode_ci;

-- Dumping data for table aurora.employee_ranges: ~6 rows (approximately)
INSERT INTO `employee_ranges` (`id`, `title`, `created_at`, `updated_at`) VALUES
	(1, '1-10', '2023-07-15 05:36:04', '2023-07-15 05:36:04'),
	(2, '11-50', '2023-07-15 05:36:04', '2023-07-15 05:36:04'),
	(3, '51-100', '2023-07-15 05:36:04', '2023-07-15 05:36:04'),
	(4, '101-500', '2023-07-15 05:36:04', '2023-07-15 05:36:04'),
	(5, '501-1000', '2023-07-15 05:36:04', '2023-07-15 05:36:04'),
	(6, '1001+', '2023-07-15 05:36:04', '2023-07-15 05:36:04');

-- Dumping structure for table aurora.failed_jobs
CREATE TABLE IF NOT EXISTS `failed_jobs` (
  `id` bigint(20) unsigned NOT NULL AUTO_INCREMENT,
  `uuid` varchar(255) NOT NULL,
  `connection` text NOT NULL,
  `queue` text NOT NULL,
  `payload` longtext NOT NULL,
  `exception` longtext NOT NULL,
  `failed_at` timestamp NOT NULL DEFAULT current_timestamp(),
  PRIMARY KEY (`id`),
  UNIQUE KEY `failed_jobs_uuid_unique` (`uuid`)
) ENGINE=InnoDB DEFAULT CHARSET=utf8mb4 COLLATE=utf8mb4_unicode_ci;

-- Dumping data for table aurora.failed_jobs: ~0 rows (approximately)

-- Dumping structure for table aurora.jobs
CREATE TABLE IF NOT EXISTS `jobs` (
  `id` bigint(20) unsigned NOT NULL AUTO_INCREMENT,
  `queue` varchar(255) NOT NULL,
  `payload` longtext NOT NULL,
  `attempts` tinyint(3) unsigned NOT NULL,
  `reserved_at` int(10) unsigned DEFAULT NULL,
  `available_at` int(10) unsigned NOT NULL,
  `created_at` int(10) unsigned NOT NULL,
  PRIMARY KEY (`id`),
  KEY `jobs_queue_index` (`queue`)
) ENGINE=InnoDB DEFAULT CHARSET=utf8mb4 COLLATE=utf8mb4_unicode_ci;

-- Dumping data for table aurora.jobs: ~0 rows (approximately)

-- Dumping structure for table aurora.migrations
CREATE TABLE IF NOT EXISTS `migrations` (
  `id` int(10) unsigned NOT NULL AUTO_INCREMENT,
  `migration` varchar(255) NOT NULL,
  `batch` int(11) NOT NULL,
  PRIMARY KEY (`id`)
) ENGINE=InnoDB AUTO_INCREMENT=19 DEFAULT CHARSET=utf8mb4 COLLATE=utf8mb4_unicode_ci;

-- Dumping data for table aurora.migrations: ~18 rows (approximately)
INSERT INTO `migrations` (`id`, `migration`, `batch`) VALUES
	(1, '2014_10_11_000000_create_roles_table', 1),
	(2, '2014_10_12_000000_create_users_table', 1),
	(3, '2014_10_12_100000_create_password_reset_tokens_table', 1),
	(4, '2014_10_12_200000_add_two_factor_columns_to_users_table', 1),
	(5, '2018_08_08_100000_create_telescope_entries_table', 1),
	(6, '2019_08_19_000000_create_failed_jobs_table', 1),
	(7, '2019_12_14_000001_create_personal_access_tokens_table', 1),
	(8, '2023_06_04_205814_create_sessions_table', 1),
	(9, '2023_06_15_183843_create_notifications_table', 1),
	(10, '2023_06_27_123456_create_countries_table', 1),
	(11, '2023_06_27_123501_create_cities_table', 1),
	(12, '2023_06_27_123507_create_employee_ranges_table', 1),
	(13, '2023_06_27_123600_create_profiles_table', 1),
	(14, '2023_06_27_134236_create_categories_table', 1),
	(15, '2023_06_28_234940_create_jobs_table', 1),
	(16, '2023_07_10_022246_create_product_categories_table', 1),
	(17, '2023_07_10_022334_create_products_table', 1),
	(18, '2023_07_11_005829_create_product_shops_table', 1);

-- Dumping structure for table aurora.notifications
CREATE TABLE IF NOT EXISTS `notifications` (
  `id` char(36) NOT NULL,
  `type` varchar(255) NOT NULL,
  `notifiable_type` varchar(255) NOT NULL,
  `notifiable_id` bigint(20) unsigned NOT NULL,
  `data` text NOT NULL,
  `read_at` timestamp NULL DEFAULT NULL,
  `created_at` timestamp NULL DEFAULT NULL,
  `updated_at` timestamp NULL DEFAULT NULL,
  PRIMARY KEY (`id`),
  KEY `notifications_notifiable_type_notifiable_id_index` (`notifiable_type`,`notifiable_id`)
) ENGINE=InnoDB DEFAULT CHARSET=utf8mb4 COLLATE=utf8mb4_unicode_ci;

-- Dumping data for table aurora.notifications: ~0 rows (approximately)

-- Dumping structure for table aurora.password_reset_tokens
CREATE TABLE IF NOT EXISTS `password_reset_tokens` (
  `email` varchar(255) NOT NULL,
  `token` varchar(255) NOT NULL,
  `created_at` timestamp NULL DEFAULT NULL,
  PRIMARY KEY (`email`)
) ENGINE=InnoDB DEFAULT CHARSET=utf8mb4 COLLATE=utf8mb4_unicode_ci;

-- Dumping data for table aurora.password_reset_tokens: ~0 rows (approximately)

-- Dumping structure for table aurora.personal_access_tokens
CREATE TABLE IF NOT EXISTS `personal_access_tokens` (
  `id` bigint(20) unsigned NOT NULL AUTO_INCREMENT,
  `tokenable_type` varchar(255) NOT NULL,
  `tokenable_id` bigint(20) unsigned NOT NULL,
  `name` varchar(255) NOT NULL,
  `token` varchar(64) NOT NULL,
  `abilities` text DEFAULT NULL,
  `last_used_at` timestamp NULL DEFAULT NULL,
  `expires_at` timestamp NULL DEFAULT NULL,
  `created_at` timestamp NULL DEFAULT NULL,
  `updated_at` timestamp NULL DEFAULT NULL,
  PRIMARY KEY (`id`),
  UNIQUE KEY `personal_access_tokens_token_unique` (`token`),
  KEY `personal_access_tokens_tokenable_type_tokenable_id_index` (`tokenable_type`,`tokenable_id`)
) ENGINE=InnoDB DEFAULT CHARSET=utf8mb4 COLLATE=utf8mb4_unicode_ci;

-- Dumping data for table aurora.personal_access_tokens: ~0 rows (approximately)

-- Dumping structure for table aurora.products
CREATE TABLE IF NOT EXISTS `products` (
  `id` bigint(20) unsigned NOT NULL AUTO_INCREMENT,
  `manufacturer_id` bigint(20) unsigned NOT NULL,
  `product_category_id` bigint(20) unsigned NOT NULL,
  `name` varchar(255) NOT NULL,
  `slug` varchar(255) NOT NULL,
  `description` longtext DEFAULT NULL,
  `price` decimal(8,2) NOT NULL,
  `image` varchar(255) DEFAULT NULL,
  `serial_number` varchar(255) NOT NULL,
  `qr_code` blob DEFAULT NULL,
  `warranty_period` int(11) DEFAULT NULL,
  `warranty_period_unit` enum('days','weeks','months','years') DEFAULT NULL,
  `created_at` timestamp NULL DEFAULT NULL,
  `updated_at` timestamp NULL DEFAULT NULL,
  PRIMARY KEY (`id`),
  UNIQUE KEY `products_slug_unique` (`slug`),
  UNIQUE KEY `products_serial_number_unique` (`serial_number`),
  KEY `products_manufacturer_id_foreign` (`manufacturer_id`),
  KEY `products_product_category_id_foreign` (`product_category_id`),
  CONSTRAINT `products_manufacturer_id_foreign` FOREIGN KEY (`manufacturer_id`) REFERENCES `profiles` (`id`),
  CONSTRAINT `products_product_category_id_foreign` FOREIGN KEY (`product_category_id`) REFERENCES `product_categories` (`id`)
) ENGINE=InnoDB AUTO_INCREMENT=501 DEFAULT CHARSET=utf8mb4 COLLATE=utf8mb4_unicode_ci;

-- Dumping data for table aurora.products: ~500 rows (approximately)
INSERT INTO `products` (`id`, `manufacturer_id`, `product_category_id`, `name`, `slug`, `description`, `price`, `image`, `serial_number`, `qr_code`, `warranty_period`, `warranty_period_unit`, `created_at`, `updated_at`) VALUES
	(1, 72, 108, 'Culpa cupiditate nulla sequi non vero quia rerum.', 'quia-molestiae-qui-odit-itaque-in-quo', 'Dolores dignissimos culpa incidunt facere esse qui omnis. Similique sunt rerum qui dolorum.', 648.19, NULL, 'SN-81945511', NULL, 8, 'months', '2023-07-15 05:36:06', '2023-07-15 05:36:06'),
	(2, 93, 29, 'Rerum molestiae omnis et sed veritatis magnam et labore.', 'iure-omnis-quisquam-ad-velit-rerum-nesciunt-sit', 'Et placeat molestiae odio saepe praesentium. Ab voluptatem officia aut sit. Vero voluptas est qui ea. Perferendis perspiciatis provident in natus dolorem corrupti qui.', 916.06, NULL, 'SN-14142714', NULL, 6, 'months', '2023-07-15 05:36:06', '2023-07-15 05:36:06'),
	(3, 61, 112, 'Dignissimos voluptatem minus consequatur sint maiores aut.', 'libero-omnis-quia-repellendus-et-ea', 'Dignissimos autem quia reprehenderit maxime magni dolorum ut. Quod aut vel iusto facere ut incidunt. Hic voluptas et id asperiores dolorem impedit.', 598.50, NULL, 'SN-62437591', NULL, 1, 'days', '2023-07-15 05:36:06', '2023-07-15 05:36:06'),
	(4, 97, 103, 'Ipsum quam suscipit magnam facere et cum.', 'iusto-voluptas-fugit-veritatis-earum-reiciendis-veniam', 'Voluptatum magnam consequatur sapiente est incidunt eum aut placeat. Eligendi quo autem fuga eveniet autem laudantium.', 4.65, NULL, 'SN-99783049', NULL, 2, 'days', '2023-07-15 05:36:06', '2023-07-15 05:36:06'),
	(5, 59, 71, 'Consectetur reiciendis quisquam ut doloribus.', 'perferendis-error-sint-eos-incidunt', 'Aut omnis ut repellendus itaque illum pariatur reprehenderit. Animi labore impedit iste sunt magnam nemo earum. Ut dicta aut tempore velit doloribus. Pariatur facilis tempore magnam esse dolorem minima.', 334.84, NULL, 'SN-05809534', NULL, 9, 'years', '2023-07-15 05:36:06', '2023-07-15 05:36:06'),
	(6, 79, 50, 'Ipsam dignissimos sed nobis et dolorem.', 'consectetur-consectetur-quos-eos-in-quo', 'Dolorem excepturi dolorem ea minima sint mollitia. Sit magni est ut occaecati consectetur.', 606.33, NULL, 'SN-07579235', NULL, 3, 'days', '2023-07-15 05:36:06', '2023-07-15 05:36:06'),
	(7, 84, 108, 'Eos quam neque nesciunt explicabo aut.', 'blanditiis-quo-aperiam-aut-reiciendis-qui-eius', 'Omnis veritatis aliquid voluptatem possimus sunt soluta. Modi repellat sint vero. Dolore ratione sapiente fugit quis quis. Vitae consequatur assumenda at sunt cumque quo. Molestias est ipsa sint nisi.', 433.88, NULL, 'SN-34554017', NULL, 6, 'weeks', '2023-07-15 05:36:06', '2023-07-15 05:36:06'),
	(8, 19, 50, 'Velit est dignissimos consectetur ducimus aut.', 'magni-qui-repellendus-aut-voluptate', 'Velit vel aspernatur voluptatibus ratione vitae est iusto. Tempora asperiores ex at ullam blanditiis unde. Ex sint veritatis facilis consequatur atque ut. Consequatur minus eveniet doloribus officiis. Delectus ut veniam optio earum pariatur.', 833.60, NULL, 'SN-30023457', NULL, 3, 'months', '2023-07-15 05:36:06', '2023-07-15 05:36:06'),
	(9, 52, 5, 'Sed ut deserunt dolores dolorem aut.', 'sed-doloremque-id-quis-numquam-optio', 'Voluptatem et quia natus et magni quam accusamus. Incidunt aut voluptas et sed sequi non. Commodi fugit consequuntur quos quia quo nemo. Rerum voluptatem saepe molestiae earum. Eaque qui quod nisi deleniti qui eveniet.', 903.65, NULL, 'SN-54543607', NULL, 6, 'months', '2023-07-15 05:36:06', '2023-07-15 05:36:06'),
	(10, 95, 97, 'Odio laborum sed quo ab veritatis.', 'nesciunt-quia-quo-voluptatem-nobis-voluptatem-error', 'Sed vel molestias consequatur in aperiam maxime. Nobis aut explicabo ex est. Aut temporibus sint qui repudiandae sed qui asperiores. Animi aut dignissimos labore nesciunt.', 27.22, NULL, 'SN-22310779', NULL, 3, 'days', '2023-07-15 05:36:06', '2023-07-15 05:36:06'),
	(11, 76, 27, 'Aliquam omnis vel consectetur porro.', 'voluptas-doloribus-dolorem-minima-neque-iusto-voluptas-sed-sit', 'Consectetur et totam fugiat qui impedit repellendus non. Ut est blanditiis voluptas exercitationem quos. Sit est tempora et fuga earum. Libero neque qui et ea eaque sint.', 213.21, NULL, 'SN-11284567', NULL, 2, 'weeks', '2023-07-15 05:36:06', '2023-07-15 05:36:06'),
	(12, 74, 2, 'Dolorem totam suscipit dolorem sapiente quo aut.', 'assumenda-qui-deserunt-nostrum-error-culpa', 'Et vitae cum occaecati corporis consequuntur. Voluptates itaque vel consequuntur autem sit sequi. Aut sunt ab voluptates vero quis.', 72.97, NULL, 'SN-17396299', NULL, 10, 'days', '2023-07-15 05:36:06', '2023-07-15 05:36:06'),
	(13, 9, 40, 'Necessitatibus voluptate qui aut qui culpa quibusdam iure.', 'soluta-et-nisi-aut-architecto', 'Dolore id ut esse quo aut fugiat voluptatum deserunt. Inventore rem architecto ut veniam aut quas. Qui iste maiores omnis. Eos omnis minima laborum atque illum.', 80.19, NULL, 'SN-42920844', NULL, 1, 'weeks', '2023-07-15 05:36:06', '2023-07-15 05:36:06'),
	(14, 79, 4, 'Odit quisquam facilis facere sequi.', 'voluptatem-vero-et-blanditiis-est-alias-in-assumenda-amet', 'Corrupti aut atque cumque ut. Est qui delectus autem neque repellendus iure qui recusandae. Id molestiae et architecto nobis eum. Porro beatae ab mollitia dolorem voluptatem ut inventore quasi.', 608.15, NULL, 'SN-18525468', NULL, 10, 'months', '2023-07-15 05:36:06', '2023-07-15 05:36:06'),
	(15, 60, 39, 'Velit consectetur esse pariatur rem reprehenderit.', 'dolor-ea-quasi-enim-saepe-quo', 'Qui in nulla placeat laboriosam nemo. Saepe natus adipisci error quas et. Ipsa occaecati ab laborum nostrum consequatur. Dolores enim est quaerat magni praesentium saepe temporibus.', 424.31, NULL, 'SN-22625080', NULL, 6, 'days', '2023-07-15 05:36:06', '2023-07-15 05:36:06'),
	(16, 23, 51, 'Eligendi sed sapiente suscipit mollitia aspernatur facilis nemo ea.', 'cupiditate-explicabo-corrupti-ut-alias-sed-dolor', 'Ratione iure ut expedita dolores maxime est. Fugiat modi numquam consequatur quisquam sapiente in non quibusdam. A porro ea nisi enim sit aut nihil. Optio itaque aut tempora accusantium tempora aliquid.', 231.72, NULL, 'SN-52056469', NULL, 8, 'years', '2023-07-15 05:36:06', '2023-07-15 05:36:06'),
	(17, 39, 74, 'Adipisci iure tenetur sapiente.', 'dolorum-cupiditate-autem-non-perspiciatis-et', 'Minima necessitatibus suscipit rem qui. In sunt explicabo aut sit dolores ipsa nihil. Est rerum ducimus enim qui est aperiam.', 255.36, NULL, 'SN-19557538', NULL, 7, 'weeks', '2023-07-15 05:36:06', '2023-07-15 05:36:06'),
	(18, 55, 117, 'Voluptatem non iusto iusto accusamus mollitia.', 'dolor-consequatur-ipsam-voluptatibus-cum-similique-voluptatem-blanditiis', 'Quasi nulla nemo veniam quia nulla rerum et. Minima ut qui architecto et id veniam consequatur. Sunt repellat quam ullam beatae consequatur unde. Veritatis ducimus necessitatibus eaque.', 241.18, NULL, 'SN-38358336', NULL, 10, 'years', '2023-07-15 05:36:06', '2023-07-15 05:36:06'),
	(19, 30, 82, 'Adipisci fuga beatae maiores et.', 'velit-et-autem-sunt-quod-ea-praesentium', 'Quis voluptatum quam est debitis. Consectetur quia voluptatem voluptas soluta ad optio nihil molestias. Nihil sequi molestiae ut velit asperiores.', 824.86, NULL, 'SN-33165167', NULL, 10, 'days', '2023-07-15 05:36:06', '2023-07-15 05:36:06'),
	(20, 59, 65, 'Consequatur doloremque quia enim esse.', 'veritatis-earum-eius-omnis-nam-reiciendis', 'Est perspiciatis sed harum dolores. Magnam expedita totam doloremque ex voluptatum non. Et reprehenderit corrupti quae et expedita.', 887.19, NULL, 'SN-30316065', NULL, 2, 'days', '2023-07-15 05:36:06', '2023-07-15 05:36:06'),
	(21, 46, 118, 'Itaque blanditiis numquam sit soluta rerum omnis eos.', 'eligendi-laborum-dolorem-illo-accusantium', 'Placeat expedita doloremque et. Aut exercitationem est soluta eligendi sint dolor vel reiciendis. Dolores quos est repudiandae quibusdam. Quis est non quas dicta inventore exercitationem.', 597.69, NULL, 'SN-20127027', NULL, 9, 'weeks', '2023-07-15 05:36:06', '2023-07-15 05:36:06'),
	(22, 96, 37, 'Et ducimus excepturi nesciunt amet.', 'cumque-quibusdam-et-dolores-laboriosam-recusandae-at', 'Magni voluptate consectetur tempora nostrum voluptas cumque aut. Maiores voluptatum maxime molestiae magnam quia rem. Enim nemo sequi atque rerum eos autem. Sint quos nihil distinctio deleniti.', 521.90, NULL, 'SN-13619886', NULL, 8, 'months', '2023-07-15 05:36:06', '2023-07-15 05:36:06'),
	(23, 87, 114, 'Iste numquam reiciendis exercitationem quos.', 'tempora-atque-pariatur-qui-consectetur-est-nulla', 'Delectus est non occaecati quis perferendis ipsum. Ut quibusdam culpa ut omnis laudantium aut odit. Et id dolorum reprehenderit non quam corrupti. Voluptas enim voluptates omnis totam dolor vel.', 693.81, NULL, 'SN-77134762', NULL, 2, 'years', '2023-07-15 05:36:06', '2023-07-15 05:36:06'),
	(24, 93, 83, 'Fugit est doloribus ea dignissimos.', 'explicabo-omnis-iusto-maiores-ea-beatae-sint', 'Unde dolores harum rerum praesentium iste sit. Sed quam quisquam non debitis reprehenderit. Ut id quod sint animi dolores perferendis eligendi.', 16.27, NULL, 'SN-35410589', NULL, 3, 'weeks', '2023-07-15 05:36:06', '2023-07-15 05:36:06'),
	(25, 93, 113, 'Assumenda repudiandae nesciunt quod quidem ut aspernatur.', 'iusto-et-quisquam-libero-similique', 'Architecto ab ex consectetur repellat distinctio vel. Blanditiis officia et non est neque qui tempore. Mollitia delectus quis eius. Commodi explicabo quo voluptatibus repellat consequatur in unde.', 490.30, NULL, 'SN-70082515', NULL, 5, 'years', '2023-07-15 05:36:06', '2023-07-15 05:36:06'),
	(26, 74, 110, 'Enim quibusdam autem sunt commodi modi aut.', 'sed-qui-magnam-quia-totam-voluptatem', 'Dolorem consequuntur nobis fugiat accusantium doloremque doloremque et. Officia harum provident id dolore. Sint quo et aut excepturi neque ipsa et facilis.', 571.01, NULL, 'SN-06328210', NULL, 4, 'years', '2023-07-15 05:36:06', '2023-07-15 05:36:06'),
	(27, 19, 102, 'Et aperiam mollitia exercitationem ratione quod totam.', 'nulla-aut-et-aperiam-eligendi', 'Quam inventore explicabo totam nostrum sint. Repellendus aspernatur eum natus mollitia reiciendis dignissimos sequi et. Eos sed recusandae delectus reiciendis. Quos dolore culpa doloribus magni doloribus ut. Sint aliquid non error dicta aut quidem.', 452.90, NULL, 'SN-95194863', NULL, 8, 'weeks', '2023-07-15 05:36:06', '2023-07-15 05:36:06'),
	(28, 39, 69, 'Sint qui ut sunt.', 'aut-error-in-accusantium-ut', 'Quasi non porro qui nulla ut ut doloremque. Qui adipisci aliquid quasi quia eveniet. Nostrum exercitationem et reprehenderit est officia nulla. Vero commodi quas quis accusantium.', 377.80, NULL, 'SN-90706471', NULL, 3, 'months', '2023-07-15 05:36:06', '2023-07-15 05:36:06'),
	(29, 64, 111, 'Deserunt quod vel quod nisi cupiditate et molestias.', 'tenetur-deleniti-in-dolore', 'Nulla qui sunt ad esse et iure possimus. Dolore ipsa qui non libero temporibus excepturi. Aut vitae consequatur eum enim quia. In quo enim consectetur quis exercitationem quos.', 783.05, NULL, 'SN-28945734', NULL, 8, 'days', '2023-07-15 05:36:06', '2023-07-15 05:36:06'),
	(30, 17, 28, 'Earum quas possimus repudiandae natus explicabo nulla molestias.', 'consequuntur-provident-exercitationem-a', 'Corrupti quam nisi consequatur accusamus aut. Sed asperiores et libero officiis facere repudiandae omnis. Vel dolorem vitae impedit ut. Et repellendus aut accusantium aut in dicta quod.', 802.32, NULL, 'SN-40017666', NULL, 5, 'months', '2023-07-15 05:36:06', '2023-07-15 05:36:06'),
	(31, 72, 32, 'Itaque possimus dolorem quis.', 'excepturi-et-provident-non-illo-molestias-molestias', 'Et commodi quia amet dolorem quod. Qui animi quos neque labore. Temporibus quia optio fuga ut.', 574.45, NULL, 'SN-13514515', NULL, 2, 'years', '2023-07-15 05:36:06', '2023-07-15 05:36:06'),
	(32, 48, 118, 'Commodi exercitationem incidunt eum ad qui.', 'et-fuga-ut-minus-est-sit', 'Rerum voluptatem quae a maiores. Sed alias autem consequatur ipsum repudiandae repudiandae eos. Praesentium vel illo quas hic.', 149.45, NULL, 'SN-21626197', NULL, 9, 'weeks', '2023-07-15 05:36:06', '2023-07-15 05:36:06'),
	(33, 33, 29, 'Omnis voluptatibus veritatis delectus quia inventore nemo.', 'culpa-vel-quia-voluptates-dolores-nemo-quo', 'Vero facere labore sequi. Error laboriosam nihil quia. Et et omnis facilis quam laudantium.', 839.76, NULL, 'SN-12216839', NULL, 10, 'days', '2023-07-15 05:36:06', '2023-07-15 05:36:06'),
	(34, 10, 14, 'Velit numquam amet voluptas temporibus molestiae vel dolorem.', 'adipisci-eos-corrupti-molestiae-ipsum-quaerat-eos', 'Repellendus vitae enim perferendis sed vel cupiditate culpa quo. Et distinctio quia quo. Ut consectetur labore itaque similique natus. Et occaecati fugit labore cupiditate consectetur laborum.', 338.34, NULL, 'SN-53568072', NULL, 7, 'months', '2023-07-15 05:36:06', '2023-07-15 05:36:06'),
	(35, 29, 17, 'Illo quia porro dignissimos non quos.', 'ipsa-quasi-voluptas-omnis-earum-minus-ut-neque', 'Dolor quis consequuntur eveniet nihil distinctio officiis non. Quo est aliquam reiciendis. Harum voluptatem vitae nemo.', 801.36, NULL, 'SN-62597682', NULL, 1, 'years', '2023-07-15 05:36:06', '2023-07-15 05:36:06'),
	(36, 52, 106, 'Quia cupiditate est eum ut.', 'nostrum-quo-hic-aut-eius-facere-modi', 'Et iusto officiis eius tenetur. Distinctio natus at labore quia velit. Sit ut maxime voluptatem aut voluptatum. Incidunt voluptatibus officia rerum consectetur. Pariatur dicta amet tempore autem laborum eos.', 588.12, NULL, 'SN-23859087', NULL, 5, 'days', '2023-07-15 05:36:06', '2023-07-15 05:36:06'),
	(37, 22, 129, 'Voluptatem et voluptatem qui aut et voluptatibus.', 'quibusdam-deserunt-nulla-eveniet-non', 'Aliquam rerum odio quaerat quam recusandae. Repellat sed et voluptatem aut saepe et. Expedita nemo reprehenderit sunt quidem et inventore est. Reprehenderit alias cumque et quis voluptatem deserunt corrupti. Consequatur sunt eum quam voluptas aut neque quis praesentium.', 131.25, NULL, 'SN-27679761', NULL, 8, 'years', '2023-07-15 05:36:06', '2023-07-15 05:36:06'),
	(38, 45, 30, 'Ad rem est aut perferendis quisquam libero atque.', 'architecto-praesentium-est-quaerat-nostrum-ut', 'Sed tempore et eos odio fugit facere voluptatem consequatur. Quia illo accusantium impedit et eveniet. Voluptatem nihil aliquam vero eius.', 879.41, NULL, 'SN-61906167', NULL, 8, 'weeks', '2023-07-15 05:36:06', '2023-07-15 05:36:06'),
	(39, 60, 82, 'Consequatur est voluptas sed.', 'aut-et-dolorem-consequatur-et-perspiciatis-nemo-eum', 'Ut soluta eos in ea expedita. Repudiandae aliquam quia assumenda. Perferendis omnis corporis ut tempora fugit aspernatur.', 461.43, NULL, 'SN-95420109', NULL, 8, 'weeks', '2023-07-15 05:36:06', '2023-07-15 05:36:06'),
	(40, 56, 9, 'Consequuntur debitis doloremque laborum illo.', 'non-repudiandae-enim-et-iusto-quo-saepe-ut-mollitia', 'Harum consequatur alias quos quis omnis doloremque. Deleniti omnis cum neque minus nesciunt sapiente eum. Culpa blanditiis ut est voluptatem ab aut.', 439.91, NULL, 'SN-49092818', NULL, 1, 'years', '2023-07-15 05:36:06', '2023-07-15 05:36:06'),
	(41, 47, 35, 'Quia non aperiam doloribus asperiores perspiciatis.', 'natus-earum-alias-velit-repudiandae-ratione-consequatur', 'Molestiae error reprehenderit et dolores optio doloribus. Vel ratione provident optio qui et eaque modi quod. Praesentium incidunt quia ex exercitationem voluptatibus.', 352.93, NULL, 'SN-70662867', NULL, 8, 'months', '2023-07-15 05:36:06', '2023-07-15 05:36:06'),
	(42, 76, 36, 'Magni qui aut perferendis sit.', 'reiciendis-odit-placeat-inventore-et-aliquid-neque', 'Repudiandae eum hic sunt debitis eaque voluptas ipsum. Veritatis cupiditate sunt dolores consectetur incidunt harum.', 350.66, NULL, 'SN-89433253', NULL, 9, 'weeks', '2023-07-15 05:36:06', '2023-07-15 05:36:06'),
	(43, 84, 112, 'Molestiae beatae reiciendis dolorum sint.', 'neque-deserunt-explicabo-eos-molestiae-architecto', 'Tempora dolorum repellendus autem sed animi. Officiis qui nam et perspiciatis explicabo. Accusamus autem temporibus in aut. Nihil impedit dolorem totam numquam molestias sapiente voluptas.', 545.30, NULL, 'SN-64796978', NULL, 9, 'weeks', '2023-07-15 05:36:06', '2023-07-15 05:36:06'),
	(44, 22, 71, 'Eum debitis ex non distinctio.', 'doloribus-nihil-minus-qui-et', 'Mollitia doloribus expedita et quas similique dolores itaque. Rerum quibusdam quod sed qui quisquam aspernatur laboriosam. Ut nihil officiis recusandae facere rerum quia non. Qui aut quia id odio possimus.', 854.03, NULL, 'SN-06093784', NULL, 6, 'days', '2023-07-15 05:36:06', '2023-07-15 05:36:06'),
	(45, 15, 135, 'Iure et dolorem et eos laborum.', 'ut-tenetur-est-consequatur-et', 'Eum et inventore quidem eos consequatur vel a. Sequi unde iure similique necessitatibus deleniti et sunt. Quos ut nihil at qui harum at dignissimos. Facere ut aspernatur inventore assumenda fuga odit quia.', 538.05, NULL, 'SN-05443955', NULL, 3, 'days', '2023-07-15 05:36:06', '2023-07-15 05:36:06'),
	(46, 29, 103, 'Ipsa fuga dignissimos quisquam deserunt quam similique.', 'dolorum-omnis-facere-ea-ut-excepturi', 'Quisquam quaerat aut reiciendis tempore odio a. Nesciunt nisi placeat totam non. Repellendus ut vitae voluptas voluptas. Voluptas soluta aut non.', 548.06, NULL, 'SN-54498149', NULL, 8, 'years', '2023-07-15 05:36:06', '2023-07-15 05:36:06'),
	(47, 47, 86, 'Vitae molestias eaque vitae nam consequuntur iste.', 'et-omnis-quos-dolor-voluptas-velit-iste', 'Nam nihil provident animi aut optio ducimus. Nesciunt velit eos ex expedita iusto hic. In officia saepe necessitatibus amet ipsam suscipit eaque. Totam tempora qui veniam minus officia autem expedita sed.', 378.82, NULL, 'SN-89697070', NULL, 10, 'weeks', '2023-07-15 05:36:06', '2023-07-15 05:36:06'),
	(48, 64, 53, 'Accusamus quia est ullam corrupti quae ut.', 'earum-commodi-sed-libero-sunt-accusamus-ipsa', 'Ipsa laboriosam sapiente consequuntur voluptatem sit autem modi. Nisi deleniti voluptatem in ipsa laborum perferendis. Quasi voluptas quia deserunt magnam in suscipit. Debitis aut esse quibusdam dolore consequatur aut ducimus et.', 337.28, NULL, 'SN-35175304', NULL, 10, 'months', '2023-07-15 05:36:06', '2023-07-15 05:36:06'),
	(49, 10, 7, 'Error dignissimos eos quia dolor.', 'quia-possimus-ut-qui-laudantium-nobis-est-omnis', 'Dicta sapiente tempora officiis omnis. Repellat voluptates atque eveniet consequatur voluptas facere optio. Dolorem omnis fugiat amet architecto amet soluta.', 734.83, NULL, 'SN-67149514', NULL, 1, 'days', '2023-07-15 05:36:06', '2023-07-15 05:36:06'),
	(50, 41, 43, 'Suscipit eligendi est iusto veritatis perspiciatis quaerat nesciunt sit.', 'vero-assumenda-quam-voluptatum-quia-ipsam-et-velit-nostrum', 'Amet inventore id voluptas. Magnam voluptate quo quo aut. Dolorem sint impedit assumenda necessitatibus et omnis.', 970.10, NULL, 'SN-34898906', NULL, 6, 'years', '2023-07-15 05:36:06', '2023-07-15 05:36:06'),
	(51, 22, 85, 'Quae perferendis cumque totam quo.', 'officia-possimus-provident-mollitia-aut-sapiente-dolorem-iure', 'Enim repudiandae ut quas quibusdam delectus modi illo. Sed quia eius eveniet.', 940.27, NULL, 'SN-75217584', NULL, 4, 'weeks', '2023-07-15 05:36:06', '2023-07-15 05:36:06'),
	(52, 39, 71, 'Consequatur reprehenderit repudiandae commodi omnis maxime voluptatem sit deserunt.', 'et-voluptatem-rem-voluptates-consequatur-et-eos-necessitatibus', 'Vel nam ratione illo consequatur. Nesciunt reiciendis mollitia porro. Nisi deleniti et ad praesentium officia.', 453.91, NULL, 'SN-28278985', NULL, 9, 'weeks', '2023-07-15 05:36:06', '2023-07-15 05:36:06'),
	(53, 60, 16, 'Ut omnis ut possimus beatae neque quas maiores.', 'non-ut-sit-totam-minus', 'Iste non voluptate itaque. Qui magni nihil recusandae expedita nisi quae rerum. Quo est enim quaerat dolores nihil.', 926.19, NULL, 'SN-34859788', NULL, 4, 'years', '2023-07-15 05:36:06', '2023-07-15 05:36:06'),
	(54, 47, 99, 'Quas qui iure omnis dolores sit animi.', 'odit-dolore-exercitationem-provident-officia-aut-ea-magnam-in', 'Sapiente est ea adipisci est. Magnam harum dolor aut tempore. Aliquam placeat eligendi qui autem vel harum. Numquam ad non neque et.', 620.74, NULL, 'SN-15918142', NULL, 2, 'weeks', '2023-07-15 05:36:06', '2023-07-15 05:36:06'),
	(55, 79, 84, 'Aut sequi nobis eius.', 'nesciunt-et-et-omnis-animi-libero', 'Deserunt est soluta quae qui eum odio harum. Quis saepe magni doloribus quibusdam.', 529.74, NULL, 'SN-48270236', NULL, 2, 'weeks', '2023-07-15 05:36:06', '2023-07-15 05:36:06'),
	(56, 29, 32, 'Aut et pariatur aut et quis vitae dicta aut.', 'adipisci-magni-officiis-occaecati-eligendi', 'Ut labore voluptas qui sit laudantium dolorem. Voluptate veritatis accusantium eum omnis dolor earum.', 9.78, NULL, 'SN-03716393', NULL, 6, 'days', '2023-07-15 05:36:06', '2023-07-15 05:36:06'),
	(57, 44, 81, 'Ad nihil sed reiciendis et nemo.', 'et-aut-quidem-tempore-qui-unde-aut-odio-optio', 'Nostrum beatae perferendis rerum. Et ipsa aut distinctio recusandae tempore. Et vel quam blanditiis velit. Modi sed molestias et.', 878.45, NULL, 'SN-37345875', NULL, 7, 'days', '2023-07-15 05:36:06', '2023-07-15 05:36:06'),
	(58, 59, 121, 'Rem id et labore.', 'sed-et-tempora-doloremque-ut-quibusdam-placeat-distinctio', 'Quis nam sit harum aliquam magnam non voluptatum iure. Non ratione officia ex dolore aliquid veniam quia. Velit qui ut qui enim sequi. Natus possimus perspiciatis officiis itaque vitae molestiae.', 121.85, NULL, 'SN-63480741', NULL, 5, 'years', '2023-07-15 05:36:06', '2023-07-15 05:36:06'),
	(59, 48, 13, 'Dicta voluptate ratione molestiae quo maiores tempore sed.', 'totam-eum-laboriosam-dolor-in-fugiat-eos', 'Distinctio dolorem occaecati voluptatem est rem enim. Sunt dolorem libero enim laborum eaque molestias suscipit. Consequatur sint voluptas architecto incidunt explicabo officia nam dolor. Eius earum consequatur saepe saepe dolorem odio maxime.', 719.52, NULL, 'SN-78604246', NULL, 5, 'months', '2023-07-15 05:36:06', '2023-07-15 05:36:06'),
	(60, 41, 45, 'Qui et voluptatum excepturi culpa ut consequuntur sint.', 'ut-praesentium-et-delectus', 'Atque expedita magnam qui consequatur corrupti. Adipisci delectus delectus vel magni esse ex exercitationem occaecati. Voluptatem repellendus perferendis quia qui libero ut eveniet aut. Quis sapiente minus molestiae veniam.', 69.89, NULL, 'SN-13465172', NULL, 2, 'days', '2023-07-15 05:36:06', '2023-07-15 05:36:06'),
	(61, 38, 113, 'Et ea molestiae necessitatibus accusamus nihil ullam quae.', 'et-sunt-doloribus-officia-ut-soluta-dolore', 'Incidunt sunt autem est ex quia quidem et. Quisquam ipsum iusto praesentium. Molestias ullam accusantium consequatur debitis. Possimus vel autem eum dolore qui. Rerum sit nam nihil.', 594.81, NULL, 'SN-58122115', NULL, 8, 'months', '2023-07-15 05:36:06', '2023-07-15 05:36:06'),
	(62, 42, 128, 'Qui non unde delectus ad.', 'placeat-natus-accusantium-saepe-rerum-consequatur-illo', 'Neque nostrum mollitia est error fugit consectetur. Mollitia est illo repellendus nihil animi dolorum repellat. Expedita dolorem sapiente nihil in illum.', 594.96, NULL, 'SN-36676574', NULL, 4, 'weeks', '2023-07-15 05:36:06', '2023-07-15 05:36:06'),
	(63, 45, 68, 'Vero esse velit perferendis.', 'laudantium-consequuntur-ut-numquam-rerum-et-exercitationem-dolorem', 'Eius architecto aut itaque nobis excepturi aspernatur officia. Ab natus cum in tenetur aut. Voluptates dolor deleniti suscipit aut. Ut sed veniam nam excepturi.', 278.74, NULL, 'SN-94211454', NULL, 5, 'weeks', '2023-07-15 05:36:06', '2023-07-15 05:36:06'),
	(64, 55, 1, 'Est quis deserunt nesciunt.', 'soluta-qui-totam-nesciunt-labore-rerum-voluptas', 'Minus ea rerum molestias voluptates facere. Fugit et illo rerum. Omnis labore dignissimos voluptate sapiente laborum. In tenetur doloremque sit quasi sit natus.', 572.38, NULL, 'SN-37462229', NULL, 7, 'years', '2023-07-15 05:36:06', '2023-07-15 05:36:06'),
	(65, 15, 60, 'Rerum nihil qui dolorem minus qui.', 'veritatis-soluta-qui-ut-assumenda-et-provident', 'Ipsum voluptatem sed dolores laboriosam accusamus molestias ut incidunt. Aut atque a molestias voluptatibus omnis. Mollitia porro ut quae et aut rerum non.', 604.83, NULL, 'SN-01678381', NULL, 4, 'years', '2023-07-15 05:36:06', '2023-07-15 05:36:06'),
	(66, 26, 54, 'Similique eius facilis quia et.', 'soluta-similique-quis-ipsam-quidem-quia', 'Explicabo animi earum consequatur eligendi. Dolore inventore maxime rerum et molestiae cupiditate. Repellat consequatur nesciunt magnam. Non ut sint quia similique quasi.', 175.80, NULL, 'SN-24308160', NULL, 10, 'weeks', '2023-07-15 05:36:06', '2023-07-15 05:36:06'),
	(67, 23, 72, 'Voluptatibus cumque odio voluptatibus officiis corporis consequuntur.', 'inventore-est-voluptatem-nostrum-dignissimos-optio-laudantium-fugiat', 'Suscipit quod et itaque possimus. Sapiente eum recusandae aliquam non minus ut error quaerat. Ad dignissimos iste praesentium eos.', 95.84, NULL, 'SN-78807750', NULL, 8, 'months', '2023-07-15 05:36:06', '2023-07-15 05:36:06'),
	(68, 15, 3, 'Non explicabo ut quos et.', 'et-rerum-iste-porro-quia-in-adipisci', 'Eaque atque eum illum cum. Autem laboriosam ex asperiores ut quia atque et. Consectetur quia id sunt ab. Consequatur dolores qui iusto a.', 843.00, NULL, 'SN-42760321', NULL, 6, 'weeks', '2023-07-15 05:36:06', '2023-07-15 05:36:06'),
	(69, 29, 46, 'Laudantium eos soluta eaque animi blanditiis non eum ut.', 'repudiandae-necessitatibus-et-suscipit-quos-nihil-ad-sed-est', 'Sapiente non est laudantium molestiae. Distinctio qui unde blanditiis enim. Vel ut exercitationem eius nostrum dicta officiis qui. Cupiditate quae aliquam ut fugit ut a. Sit aut illum enim molestiae optio et.', 396.31, NULL, 'SN-14886322', NULL, 4, 'years', '2023-07-15 05:36:06', '2023-07-15 05:36:06'),
	(70, 35, 117, 'Similique rerum eligendi ut delectus porro.', 'nesciunt-sit-quia-quia-ea-sint-omnis-velit', 'Tenetur beatae neque necessitatibus libero accusantium pariatur. Ipsam non necessitatibus quia explicabo quis exercitationem corrupti eos. Perferendis sit ut amet itaque harum nisi. Quaerat quis corporis consectetur nostrum mollitia.', 136.19, NULL, 'SN-48024177', NULL, 6, 'years', '2023-07-15 05:36:06', '2023-07-15 05:36:06'),
	(71, 30, 88, 'Maiores magnam aut reiciendis tempore molestias blanditiis.', 'neque-deleniti-inventore-magnam-sint', 'Libero consequatur dolore voluptatum voluptates. Rerum animi sint suscipit nemo nihil voluptatum. Molestias ut in est ipsum temporibus illo ea officia. Iure recusandae distinctio impedit ullam autem facilis molestiae.', 838.02, NULL, 'SN-90541556', NULL, 4, 'months', '2023-07-15 05:36:06', '2023-07-15 05:36:06'),
	(72, 72, 103, 'Enim aperiam ipsum suscipit sapiente est et placeat.', 'veritatis-iste-atque-et-id-nostrum', 'Aut fugit quia enim officiis ad. Eveniet aut iste fugiat. Perferendis voluptas qui voluptatum.', 716.74, NULL, 'SN-71727577', NULL, 7, 'weeks', '2023-07-15 05:36:06', '2023-07-15 05:36:06'),
	(73, 66, 33, 'Repudiandae distinctio nam laboriosam hic voluptate impedit quibusdam.', 'animi-ratione-expedita-ducimus-dolor', 'Sed nostrum doloribus placeat blanditiis. Optio qui ipsum eum alias ut.', 747.49, NULL, 'SN-60363991', NULL, 9, 'months', '2023-07-15 05:36:06', '2023-07-15 05:36:06'),
	(74, 26, 127, 'Sint tempora et occaecati inventore quod.', 'voluptate-dolorem-corporis-aut-aut-tempora-facere-autem', 'Impedit quis voluptatem nihil. Repellat maiores rerum quidem consequatur. Nobis et voluptas alias qui explicabo accusantium.', 580.17, NULL, 'SN-32437807', NULL, 10, 'years', '2023-07-15 05:36:06', '2023-07-15 05:36:06'),
	(75, 65, 78, 'Error optio cumque sint voluptas.', 'illum-earum-quisquam-eos-dolore-et-porro-voluptas', 'Eos et nihil sed neque rem voluptatem. Blanditiis a non nobis ut dolor et in. Illum qui hic laborum accusamus repudiandae perspiciatis consectetur.', 581.62, NULL, 'SN-68391302', NULL, 8, 'weeks', '2023-07-15 05:36:07', '2023-07-15 05:36:07'),
	(76, 87, 55, 'Sed quia sed repellendus ut sapiente dolorum qui.', 'repellat-rerum-odit-quia-placeat-et', 'Vel ad quia labore. Optio est aut est dicta vel. Voluptas et aut et ut ut quam sint. Consequatur odit mollitia et culpa in facilis cupiditate.', 545.79, NULL, 'SN-25042087', NULL, 9, 'months', '2023-07-15 05:36:07', '2023-07-15 05:36:07'),
	(77, 66, 61, 'Quia alias aut alias.', 'neque-voluptas-nihil-consequatur-dolorem-ipsam-aut-recusandae', 'Debitis dolores molestiae voluptatum enim eaque. Voluptatum rerum voluptate eum nihil. Saepe non id eos mollitia. Quia consequatur nisi sint quibusdam ut porro eligendi.', 756.26, NULL, 'SN-37921013', NULL, 2, 'days', '2023-07-15 05:36:07', '2023-07-15 05:36:07'),
	(78, 29, 86, 'Excepturi qui odio numquam qui.', 'aut-iusto-aliquam-distinctio-ut-assumenda', 'Rerum quia aperiam aperiam fugit eveniet quos. Doloribus non ab enim placeat et nemo. Consequatur vel modi deleniti laborum inventore distinctio fugiat.', 958.20, NULL, 'SN-97917790', NULL, 7, 'weeks', '2023-07-15 05:36:07', '2023-07-15 05:36:07'),
	(79, 76, 95, 'Omnis eius enim possimus soluta blanditiis porro.', 'voluptas-est-dignissimos-saepe-sunt', 'Excepturi maxime accusantium veritatis quasi praesentium veritatis. Quis nemo omnis libero. Omnis et eveniet ea porro. Possimus libero veniam et sed sapiente qui.', 196.55, NULL, 'SN-09273902', NULL, 1, 'months', '2023-07-15 05:36:07', '2023-07-15 05:36:07'),
	(80, 79, 109, 'Vel aliquid aperiam eos autem velit dignissimos.', 'autem-consequatur-voluptatem-sit-quam', 'Maiores quia quia vero quisquam tempora totam. Animi tempora doloribus ut. Corporis similique nisi laborum accusamus omnis ipsam. Ab reprehenderit saepe sit nihil.', 130.41, NULL, 'SN-62660730', NULL, 8, 'weeks', '2023-07-15 05:36:07', '2023-07-15 05:36:07'),
	(81, 68, 32, 'Aut expedita quia quia perspiciatis dolorum velit ut.', 'aut-animi-qui-est-et-et-odit-itaque-totam', 'Omnis et dolor nesciunt necessitatibus dignissimos repudiandae. A inventore accusantium ratione officia dolores mollitia. Hic qui mollitia quo. Voluptatem quia ut vero unde rerum optio.', 424.50, NULL, 'SN-36175713', NULL, 1, 'years', '2023-07-15 05:36:07', '2023-07-15 05:36:07'),
	(82, 17, 15, 'Sapiente aliquam odit veritatis et quae praesentium enim.', 'sed-provident-doloremque-asperiores-veritatis-quidem-ipsum-illum', 'Numquam dolores qui est molestiae nostrum. Enim consequatur nemo sit nostrum autem.', 551.40, NULL, 'SN-57124288', NULL, 6, 'days', '2023-07-15 05:36:07', '2023-07-15 05:36:07'),
	(83, 48, 69, 'Inventore non dolorem et sit vero eos.', 'sed-neque-itaque-tempora-quos-vero-quam', 'Aut hic dolorem non blanditiis officia voluptas. Voluptas illo delectus at. Rerum consequatur quis sint ea esse facilis. Aut similique perferendis aut explicabo libero nobis.', 732.70, NULL, 'SN-96137000', NULL, 1, 'days', '2023-07-15 05:36:07', '2023-07-15 05:36:07'),
	(84, 48, 27, 'Sit officiis in beatae dicta dolorem beatae.', 'aut-id-consequatur-sed-illum-voluptatem-voluptatem', 'Perferendis iure non consequuntur quod consequuntur. Suscipit sit aut qui dolores quo quis. Sit ut sed dolorem molestiae ipsa ut officiis vitae.', 233.60, NULL, 'SN-85374515', NULL, 8, 'months', '2023-07-15 05:36:07', '2023-07-15 05:36:07'),
	(85, 30, 119, 'Consequatur velit consequatur dolores vitae accusamus rem quod odio.', 'error-sed-atque-debitis-ut-fugit-et-neque', 'Expedita non assumenda qui corrupti quos cum est. Enim incidunt voluptatibus qui cupiditate. Et fugit ut aut assumenda ab laudantium exercitationem. In aut voluptas error commodi beatae. Non animi recusandae enim voluptas excepturi sit.', 146.55, NULL, 'SN-81703420', NULL, 8, 'days', '2023-07-15 05:36:07', '2023-07-15 05:36:07'),
	(86, 52, 103, 'Velit ipsum harum neque accusamus.', 'eligendi-enim-qui-ut-voluptatibus', 'Et qui esse et est quibusdam. Exercitationem enim eum tempora ea beatae fugit. Illum sit itaque in quia eos maiores.', 597.95, NULL, 'SN-62264595', NULL, 3, 'days', '2023-07-15 05:36:07', '2023-07-15 05:36:07'),
	(87, 60, 8, 'Consequatur quasi ducimus reiciendis ut excepturi eos.', 'dolorem-sapiente-est-laudantium-esse', 'Recusandae at assumenda ipsa eum qui molestiae. Aliquam ad enim quia blanditiis asperiores earum quis non.', 941.06, NULL, 'SN-37968048', NULL, 3, 'months', '2023-07-15 05:36:07', '2023-07-15 05:36:07'),
	(88, 9, 131, 'Dolore non aliquid nihil.', 'qui-ipsum-eos-asperiores-provident-voluptatem-modi', 'Id non earum ea quis voluptates et. Voluptas deserunt soluta quia consequatur. Qui omnis maxime totam voluptas non.', 505.09, NULL, 'SN-09884066', NULL, 6, 'months', '2023-07-15 05:36:07', '2023-07-15 05:36:07'),
	(89, 59, 43, 'Id qui nulla voluptas occaecati eius blanditiis asperiores.', 'officiis-dolorum-libero-et-debitis-aliquam-sequi', 'Aliquam consequatur assumenda sunt eum sint libero. Dolores ratione itaque rem.', 2.43, NULL, 'SN-26640135', NULL, 1, 'months', '2023-07-15 05:36:07', '2023-07-15 05:36:07'),
	(90, 73, 80, 'Doloribus et deserunt et delectus aut.', 'mollitia-voluptatibus-aut-rerum-eum-aut-iusto', 'Aut neque modi qui deserunt ad quis ut ut. Tempora sit laudantium odit corporis eius voluptas aut. Accusamus dolore voluptatem quidem voluptas.', 646.31, NULL, 'SN-69443181', NULL, 4, 'months', '2023-07-15 05:36:07', '2023-07-15 05:36:07'),
	(91, 51, 78, 'Corporis dolorem fugit sequi alias.', 'nostrum-placeat-aliquam-voluptate-at-odio-distinctio-quia', 'Consectetur pariatur dolorem voluptates illo esse qui dolores. Enim voluptatem in dolor. Laborum dolor explicabo quasi aperiam laboriosam. Rerum reprehenderit consectetur et explicabo.', 115.37, NULL, 'SN-34692648', NULL, 8, 'days', '2023-07-15 05:36:07', '2023-07-15 05:36:07'),
	(92, 74, 36, 'Animi non optio impedit id quidem vero.', 'eveniet-aut-adipisci-ut-est', 'Accusantium quia vel amet quod quasi repellendus molestiae ipsum. Voluptatum quia modi qui dolor. Qui velit odio a consectetur laborum ut tempora.', 839.57, NULL, 'SN-88426865', NULL, 2, 'months', '2023-07-15 05:36:07', '2023-07-15 05:36:07'),
	(93, 56, 117, 'Fugit veniam temporibus maiores aut atque sit maxime eaque.', 'enim-ad-esse-maxime-qui', 'Rem nobis nesciunt ea delectus ad incidunt quis veritatis. Eos aut hic rerum cupiditate. Et itaque eos et voluptas earum aliquid. Qui nobis at maiores.', 611.82, NULL, 'SN-42104412', NULL, 8, 'days', '2023-07-15 05:36:07', '2023-07-15 05:36:07'),
	(94, 64, 131, 'Eum quia voluptatem corporis debitis voluptas iure.', 'debitis-possimus-animi-omnis-ab', 'Dignissimos et aut suscipit eveniet qui illum. Maiores cum eum numquam eligendi amet est consequatur sed. Id architecto itaque possimus odio excepturi eum.', 795.38, NULL, 'SN-53776669', NULL, 4, 'weeks', '2023-07-15 05:36:07', '2023-07-15 05:36:07'),
	(95, 47, 11, 'Rerum velit sit atque voluptatem.', 'eligendi-alias-sed-voluptatibus-ut-quia-et-illum', 'Reiciendis sint praesentium nulla quasi. Neque qui ut rerum impedit omnis voluptatem ut. Officiis veniam maxime quo.', 849.71, NULL, 'SN-67641566', NULL, 2, 'weeks', '2023-07-15 05:36:07', '2023-07-15 05:36:07'),
	(96, 47, 26, 'Est possimus et similique recusandae.', 'aliquid-ut-reiciendis-est-magnam', 'Quam aut sed tempora. Necessitatibus fugit error pariatur molestias ut perspiciatis qui. Voluptas qui sequi sint iste sequi.', 274.45, NULL, 'SN-07857451', NULL, 10, 'months', '2023-07-15 05:36:07', '2023-07-15 05:36:07'),
	(97, 56, 123, 'Repudiandae nam sapiente est iste sed.', 'pariatur-non-recusandae-facilis-qui-tempora-consequatur-suscipit', 'Porro sed sed consequatur mollitia porro saepe exercitationem. Cupiditate rem rem fugit itaque quia quis. Ut beatae voluptas consequatur aliquam possimus similique. Magnam ut soluta expedita fugit error et quia quisquam.', 163.64, NULL, 'SN-07450841', NULL, 6, 'weeks', '2023-07-15 05:36:07', '2023-07-15 05:36:07'),
	(98, 66, 1, 'Sed provident tempora dolorem voluptatem pariatur.', 'odit-cupiditate-ut-earum-ut', 'Ipsa ut sit eaque et inventore molestias tenetur. Dolorem non expedita expedita ipsa nulla sed temporibus. Cupiditate molestiae est modi consequatur.', 866.45, NULL, 'SN-58160885', NULL, 3, 'weeks', '2023-07-15 05:36:07', '2023-07-15 05:36:07'),
	(99, 47, 68, 'Sit est qui in quia consequatur hic dolorem excepturi.', 'quo-id-quos-officiis-amet-molestias', 'Sint voluptates voluptas ea amet voluptatem aut aut. Reiciendis quidem voluptatem a similique officiis repellat atque consequatur. Tempora provident reiciendis molestiae minus cum sunt.', 613.87, NULL, 'SN-21888813', NULL, 9, 'days', '2023-07-15 05:36:07', '2023-07-15 05:36:07'),
	(100, 55, 116, 'Placeat enim aut ea sit magni recusandae.', 'harum-delectus-sequi-nesciunt-alias-alias', 'Omnis vel ipsa molestiae consequatur omnis rem quia. Illum voluptas blanditiis omnis eos. Officiis dolor nulla magnam et corrupti. Deserunt recusandae rem expedita ea neque doloremque maxime.', 914.11, NULL, 'SN-25698191', NULL, 5, 'months', '2023-07-15 05:36:07', '2023-07-15 05:36:07'),
	(101, 60, 103, 'Voluptatibus modi rerum qui autem doloribus illum.', 'eos-eius-qui-rerum-et-voluptatem-adipisci-aperiam-tenetur', 'Doloribus saepe est quia omnis. Autem omnis quia blanditiis et nisi. Totam necessitatibus et eligendi atque consectetur placeat at. Repellendus eaque sunt amet sint modi.', 48.04, NULL, 'SN-29625996', NULL, 5, 'months', '2023-07-15 05:36:07', '2023-07-15 05:36:07'),
	(102, 42, 118, 'Quo quibusdam minus temporibus unde.', 'aut-voluptatem-velit-quia-magni-mollitia-odio-voluptates-voluptatum', 'Aut quibusdam pariatur consectetur laboriosam voluptas perferendis alias. Nesciunt officiis repellat non molestiae autem dignissimos autem. Quidem molestiae quas eveniet officiis ut saepe in. Unde vel porro non distinctio aut et quia aliquid.', 602.55, NULL, 'SN-74815235', NULL, 6, 'weeks', '2023-07-15 05:36:07', '2023-07-15 05:36:07'),
	(103, 76, 71, 'Quod qui quia et id consectetur delectus quaerat.', 'voluptas-consequatur-omnis-exercitationem-qui-a-est', 'Natus omnis eum quo quaerat excepturi explicabo. Minus error aut et inventore. Et tempore enim vitae culpa voluptas facilis. Sunt alias consequatur dignissimos reprehenderit voluptas.', 132.12, NULL, 'SN-06437376', NULL, 1, 'months', '2023-07-15 05:36:07', '2023-07-15 05:36:07'),
	(104, 59, 17, 'Quo maxime totam id vitae quam.', 'autem-atque-in-odit-ea-qui-perferendis', 'Eum quis beatae odit molestiae amet alias aspernatur facere. Sed explicabo sint aut. Inventore sequi et minus quia molestiae. Exercitationem veritatis voluptatem voluptas sit. Ut et quod eos nostrum alias perspiciatis voluptatibus.', 400.86, NULL, 'SN-21580350', NULL, 1, 'days', '2023-07-15 05:36:07', '2023-07-15 05:36:07'),
	(105, 38, 77, 'Dolores consectetur dolore architecto eius repellat.', 'rerum-adipisci-voluptate-laboriosam-ea-enim-et', 'Maxime nulla impedit a. Qui minima inventore suscipit. Fugiat commodi dolore enim animi beatae. Harum nam sit officiis quia dolore.', 354.77, NULL, 'SN-21760369', NULL, 2, 'days', '2023-07-15 05:36:07', '2023-07-15 05:36:07'),
	(106, 15, 125, 'In dolorem autem modi commodi fugit rerum.', 'molestias-optio-doloremque-exercitationem-ut-quaerat-autem-animi', 'Enim et omnis dolorum alias. Eos inventore amet animi officia natus. Quia laudantium distinctio tempore. Ut rerum quidem qui voluptatum. Et non labore omnis quo ad animi.', 471.45, NULL, 'SN-46427838', NULL, 2, 'months', '2023-07-15 05:36:07', '2023-07-15 05:36:07'),
	(107, 19, 2, 'Sed dolorum pariatur sed dolores et consequatur.', 'minima-cupiditate-fugiat-ex-odit', 'Earum molestias qui aliquam sapiente aut corrupti. Quia cum praesentium beatae. Quisquam explicabo mollitia ut omnis qui non. Voluptatibus eveniet reiciendis provident fuga.', 384.03, NULL, 'SN-14826254', NULL, 7, 'weeks', '2023-07-15 05:36:07', '2023-07-15 05:36:07'),
	(108, 46, 100, 'Dignissimos ut aut molestiae totam velit iusto.', 'nesciunt-qui-laudantium-quia-expedita-eos-hic', 'Non incidunt corporis aliquid perspiciatis qui. Eaque molestias veniam laborum quidem animi animi. Omnis et repellat repellendus velit. Similique itaque voluptas voluptas incidunt et.', 666.07, NULL, 'SN-47680554', NULL, 7, 'days', '2023-07-15 05:36:07', '2023-07-15 05:36:07'),
	(109, 47, 8, 'Ut vero corporis illo sed adipisci illum quod.', 'sit-dolorem-non-facilis-voluptate-molestias-nobis', 'Et sed est nemo qui fuga quos voluptas. Voluptas est aut soluta voluptas quibusdam possimus ipsa. Fugiat molestiae ducimus corrupti aut.', 672.24, NULL, 'SN-57526431', NULL, 5, 'weeks', '2023-07-15 05:36:07', '2023-07-15 05:36:07'),
	(110, 38, 121, 'Aut eum sunt repudiandae sit repellendus non nesciunt.', 'itaque-aut-ad-sunt-aut-vero-quas-architecto', 'Sunt suscipit adipisci ea adipisci aut id. Dolor quam impedit animi fuga minima omnis aliquid. Libero veritatis pariatur illum nam.', 581.03, NULL, 'SN-53550880', NULL, 1, 'weeks', '2023-07-15 05:36:07', '2023-07-15 05:36:07'),
	(111, 46, 41, 'Eligendi tempore et dolores eligendi.', 'ducimus-voluptatem-nemo-ipsa-voluptas-iusto-error', 'Soluta aliquid voluptate ut aliquam et. Nisi totam vitae ipsa ex molestias. Voluptatem quo soluta facilis. Iusto qui vel voluptatem nihil fugiat.', 119.51, NULL, 'SN-66791015', NULL, 3, 'months', '2023-07-15 05:36:07', '2023-07-15 05:36:07'),
	(112, 46, 36, 'Id iure corrupti eaque quo reprehenderit voluptas.', 'error-temporibus-amet-accusamus-dolor-ut', 'Adipisci corrupti provident officia alias aut. Labore unde porro itaque harum autem. Accusamus voluptatem magnam id nesciunt commodi quam laudantium.', 912.55, NULL, 'SN-78228720', NULL, 5, 'weeks', '2023-07-15 05:36:07', '2023-07-15 05:36:07'),
	(113, 39, 65, 'Nisi ut doloribus eum fuga qui et.', 'quam-sed-et-molestias-iusto', 'Qui cupiditate quis natus et id. Aut aut at modi. Vero dolores sunt natus et est unde veritatis. Quia distinctio debitis aperiam ut enim officia.', 233.43, NULL, 'SN-50817263', NULL, 1, 'weeks', '2023-07-15 05:36:07', '2023-07-15 05:36:07'),
	(114, 10, 48, 'Soluta est voluptas illo a fugiat consequatur.', 'aspernatur-veniam-quaerat-voluptates-est-quisquam-quaerat-eius-expedita', 'Dolores minus enim aliquid qui. Debitis molestiae iusto consequatur voluptatem occaecati fugiat. Blanditiis dignissimos alias qui cum harum deleniti. Tempore distinctio quibusdam ut.', 742.27, NULL, 'SN-78697953', NULL, 5, 'days', '2023-07-15 05:36:07', '2023-07-15 05:36:07'),
	(115, 29, 65, 'Consectetur veniam quod alias facere.', 'qui-quia-voluptas-corporis-sint-commodi-ea-in', 'Enim facilis repudiandae autem ab quis officia. Unde officiis sequi tenetur doloremque impedit.', 979.91, NULL, 'SN-85702959', NULL, 3, 'days', '2023-07-15 05:36:07', '2023-07-15 05:36:07'),
	(116, 45, 131, 'Et quae autem saepe molestias et.', 'consequatur-fugit-ipsam-quis-ab', 'Quia ea eaque dicta assumenda. Et molestiae est sint. A occaecati consequatur nostrum suscipit recusandae.', 393.87, NULL, 'SN-05583443', NULL, 1, 'days', '2023-07-15 05:36:07', '2023-07-15 05:36:07'),
	(117, 41, 79, 'Quibusdam atque quidem odit ea repellendus rerum.', 'adipisci-quo-sit-est-facilis-qui-porro-dolorem-corporis', 'Eaque eaque itaque est aliquam. Aspernatur ut ea velit amet earum. Ut reiciendis cumque laboriosam non odit sunt in. Eligendi quod sint molestias officiis commodi est dolores.', 258.92, NULL, 'SN-99715125', NULL, 3, 'months', '2023-07-15 05:36:07', '2023-07-15 05:36:07'),
	(118, 22, 24, 'Qui exercitationem et omnis iure reprehenderit quam eos.', 'repudiandae-veniam-nisi-cumque-ullam', 'Sed officiis corporis asperiores ex. Corrupti perferendis accusamus aperiam illo doloremque. Tempore eveniet molestias eos dolores id voluptatem. Quia ratione quis vitae rerum et quod. Veritatis est amet nihil dignissimos quis.', 548.05, NULL, 'SN-41946073', NULL, 5, 'months', '2023-07-15 05:36:07', '2023-07-15 05:36:07'),
	(119, 56, 20, 'Aliquam in voluptas ducimus.', 'sunt-quas-minus-nihil-vero-doloremque', 'Quae fuga voluptates perspiciatis qui sint est officiis dolorem. Ipsum alias ad dolorem eligendi. Amet repellat provident sunt. Qui et numquam dolores culpa.', 688.45, NULL, 'SN-86374889', NULL, 7, 'months', '2023-07-15 05:36:07', '2023-07-15 05:36:07'),
	(120, 44, 130, 'Quisquam ea suscipit recusandae consequatur autem iure nesciunt.', 'nihil-eligendi-omnis-corporis-nulla', 'Numquam minima dolorem voluptatem ducimus. Saepe quia beatae sint quasi non velit distinctio. Et voluptas nesciunt vel amet et similique. Error alias animi eius voluptatibus quis eveniet et.', 701.30, NULL, 'SN-82213117', NULL, 3, 'weeks', '2023-07-15 05:36:07', '2023-07-15 05:36:07'),
	(121, 19, 28, 'Ea et voluptates dicta esse.', 'est-sint-voluptatem-sunt-quasi-explicabo', 'Quod ducimus natus voluptas est. Ipsam qui et omnis excepturi odio assumenda.', 881.85, NULL, 'SN-65496986', NULL, 4, 'weeks', '2023-07-15 05:36:07', '2023-07-15 05:36:07'),
	(122, 97, 69, 'Aperiam soluta sint incidunt id perferendis.', 'molestiae-et-ut-consequatur-enim-ab-quis-et-sit', 'Enim aut qui dolores. Ab velit neque beatae et nulla. Sint quia et quo minus. Aut exercitationem autem dignissimos illo.', 684.38, NULL, 'SN-37526606', NULL, 6, 'months', '2023-07-15 05:36:07', '2023-07-15 05:36:07'),
	(123, 65, 7, 'Illum eveniet consequatur cum.', 'quae-qui-nesciunt-molestiae-quidem-excepturi-ab', 'Et aut consectetur in in cum nobis. Repudiandae asperiores fuga eos reiciendis reprehenderit. Eum nam doloribus adipisci quis hic natus qui.', 951.42, NULL, 'SN-53477729', NULL, 8, 'weeks', '2023-07-15 05:36:07', '2023-07-15 05:36:07'),
	(124, 39, 91, 'Quam ut praesentium officia unde.', 'est-explicabo-cum-qui-omnis-quia', 'Quod ad facilis fuga illum saepe nihil. Repellendus accusamus labore dolorem ut in praesentium. Ut debitis doloremque non debitis ex accusamus iusto. Iusto quos enim dolor illum assumenda numquam.', 425.25, NULL, 'SN-64150129', NULL, 1, 'days', '2023-07-15 05:36:07', '2023-07-15 05:36:07'),
	(125, 46, 95, 'Recusandae ex quia repudiandae non quo vel similique.', 'aut-voluptatem-ad-et-ducimus-molestiae', 'Dolorem dicta aperiam praesentium ab ut quae asperiores. Vel delectus soluta voluptas nulla vitae magni. Rerum ipsa dignissimos qui distinctio est et exercitationem quia. Qui at doloremque temporibus ut magni odio nesciunt.', 747.01, NULL, 'SN-61366249', NULL, 3, 'years', '2023-07-15 05:36:07', '2023-07-15 05:36:07'),
	(126, 54, 131, 'Nesciunt laudantium nihil non qui at fugiat.', 'enim-officia-sequi-fugiat-repellat-voluptas-asperiores-enim-eligendi', 'Eius autem veniam voluptas quasi mollitia doloribus. Sequi animi quia quam et ullam consectetur. Asperiores rerum quia non ea dicta inventore quia. Alias magni dolorem vel libero ut alias omnis autem.', 130.94, NULL, 'SN-13335920', NULL, 3, 'years', '2023-07-15 05:36:07', '2023-07-15 05:36:07'),
	(127, 60, 94, 'Rerum corporis autem ut.', 'quia-eum-voluptatem-perspiciatis-sapiente-possimus', 'Adipisci est animi facere et saepe quisquam quia. Quia eius voluptatem ab quo corrupti ullam nihil. Distinctio non quas ut facilis laboriosam. Voluptatum consequatur alias et aspernatur id et cupiditate.', 23.28, NULL, 'SN-25881824', NULL, 6, 'years', '2023-07-15 05:36:07', '2023-07-15 05:36:07'),
	(128, 42, 55, 'Ullam ut optio ut est cupiditate.', 'veritatis-praesentium-dolores-consequatur', 'Inventore sit aliquid numquam ad cum ut vel. Qui corrupti quae tenetur. Quia quo harum delectus earum fugit.', 917.36, NULL, 'SN-25217202', NULL, 9, 'days', '2023-07-15 05:36:07', '2023-07-15 05:36:07'),
	(129, 60, 101, 'Voluptatem ab aut sed veritatis sit illum.', 'quo-dolor-assumenda-dicta-incidunt-molestiae', 'Ut quas necessitatibus et quisquam non minima. Rem aut soluta et nihil aspernatur omnis.', 844.17, NULL, 'SN-06458957', NULL, 2, 'days', '2023-07-15 05:36:07', '2023-07-15 05:36:07'),
	(130, 97, 132, 'Unde aut voluptas et illum libero.', 'et-quas-voluptatem-voluptas', 'Autem rerum non et ex. Omnis voluptas repudiandae officiis.', 977.58, NULL, 'SN-55969564', NULL, 6, 'weeks', '2023-07-15 05:36:07', '2023-07-15 05:36:07'),
	(131, 47, 129, 'Tempora aut et asperiores quo et dolorem.', 'quis-sed-non-vel-aut-non-animi', 'Exercitationem dolor tempora eius ut. Dolorum aspernatur omnis suscipit. Culpa qui voluptatem qui qui quidem eum eos. Quos aliquid saepe et quo aperiam.', 136.66, NULL, 'SN-54369609', NULL, 4, 'weeks', '2023-07-15 05:36:07', '2023-07-15 05:36:07'),
	(132, 33, 26, 'Minima laudantium rem autem natus.', 'ab-minima-sequi-excepturi-modi-neque', 'Possimus fugiat ea praesentium rerum sed. Et magnam sed a ducimus. Voluptas esse assumenda facere voluptatem ut aliquam sit. Rerum eaque qui quia esse qui voluptates eius.', 655.04, NULL, 'SN-97311674', NULL, 5, 'days', '2023-07-15 05:36:07', '2023-07-15 05:36:07'),
	(133, 3, 18, 'Qui delectus cupiditate totam nisi odio quia.', 'placeat-excepturi-reiciendis-ipsum-omnis-fugit-molestiae-sint', 'Aut et quidem consequuntur est non harum. Suscipit nesciunt deserunt rerum error. Sequi voluptatum quis labore corrupti quis illum reiciendis alias. Voluptatem ipsum quam eum nesciunt et at velit dolorem. Itaque occaecati rerum architecto ut cumque nemo pariatur magnam.', 855.13, NULL, 'SN-24733615', NULL, 3, 'years', '2023-07-15 05:36:07', '2023-07-15 05:36:07'),
	(134, 66, 76, 'Sunt officia optio ut nihil.', 'natus-ut-velit-minima-labore', 'Repellendus beatae omnis et recusandae recusandae et quia. Fugiat voluptatem officia consectetur non. Consequuntur nobis quas molestias incidunt et aut. Ut ipsum qui officia et ducimus veniam ex.', 396.50, NULL, 'SN-72188001', NULL, 5, 'years', '2023-07-15 05:36:07', '2023-07-15 05:36:07'),
	(135, 95, 2, 'Praesentium et porro omnis repellendus saepe.', 'ea-cumque-rem-deleniti-voluptatem', 'Sit eius rerum nihil fugiat neque inventore. Et recusandae dicta iste odio molestiae. Quisquam molestiae dolor quo alias ut minus. Voluptatem sequi aut aut aut necessitatibus perspiciatis laudantium. Recusandae tenetur omnis fugiat eveniet facere placeat vel.', 890.92, NULL, 'SN-66397863', NULL, 3, 'days', '2023-07-15 05:36:07', '2023-07-15 05:36:07'),
	(136, 73, 104, 'Itaque odit vel nesciunt quasi.', 'itaque-sit-quos-quia-eum', 'Velit odio magnam dolores quos praesentium vel. Cupiditate aut ex amet ullam vel culpa magni autem. Eius in maiores necessitatibus animi quasi et facilis illum.', 935.37, NULL, 'SN-10717391', NULL, 4, 'years', '2023-07-15 05:36:07', '2023-07-15 05:36:07'),
	(137, 23, 65, 'Dolorem nihil molestiae ut accusantium ullam.', 'consequuntur-et-aut-dolor-illum-ut-magni-voluptatem', 'Nostrum et voluptatum quasi qui eveniet consectetur. Quibusdam nostrum in et et quaerat aliquid. Et placeat est eos aut non rem.', 359.10, NULL, 'SN-32015806', NULL, 2, 'days', '2023-07-15 05:36:07', '2023-07-15 05:36:07'),
	(138, 97, 33, 'Voluptas enim ea aut a a.', 'voluptatem-sunt-doloribus-vitae-corrupti-aut-tempora-eveniet', 'Nostrum aliquid neque earum placeat veritatis. Molestiae non quae doloribus veniam eos et consequatur quis. Eius sapiente ratione consequatur quos. Pariatur quas vel inventore magni.', 377.02, NULL, 'SN-66290882', NULL, 10, 'years', '2023-07-15 05:36:07', '2023-07-15 05:36:07'),
	(139, 46, 21, 'Consequatur ex in non qui magnam.', 'incidunt-id-necessitatibus-et-fugit', 'Rerum illo voluptatem necessitatibus est. Ut dicta qui eveniet aliquid ipsa. Dolorum hic eius nesciunt modi voluptatem. Autem sunt dicta qui blanditiis quis veritatis.', 752.23, NULL, 'SN-09887239', NULL, 5, 'weeks', '2023-07-15 05:36:07', '2023-07-15 05:36:07'),
	(140, 46, 88, 'Repellendus possimus sed fugiat distinctio omnis.', 'voluptatem-qui-error-doloremque-omnis-nihil-saepe-maiores', 'Distinctio ducimus sint consequuntur amet soluta eius error accusantium. Quia enim provident eum quam modi sit ut. Id rerum itaque veritatis eos et. Voluptatum et omnis beatae ipsam sed velit.', 686.63, NULL, 'SN-27916438', NULL, 3, 'years', '2023-07-15 05:36:07', '2023-07-15 05:36:07'),
	(141, 3, 62, 'Eos veniam est sit itaque cum voluptate.', 'dolores-ut-et-officiis-placeat', 'Quam architecto nostrum corporis est. Magni maiores et sit dolor et. Et magnam voluptate tempora. Odit molestias consequatur corrupti debitis illo laborum.', 387.43, NULL, 'SN-35645128', NULL, 3, 'months', '2023-07-15 05:36:07', '2023-07-15 05:36:07'),
	(142, 74, 120, 'Sunt nobis sit illo explicabo.', 'iure-sequi-maxime-nostrum-accusantium', 'Ipsa ad ut placeat corporis qui qui. Nobis voluptas doloribus earum reiciendis aut dolor tempore. Ut rem sint ab inventore. Tempore eos consequatur sed fugit.', 297.35, NULL, 'SN-40112949', NULL, 6, 'days', '2023-07-15 05:36:07', '2023-07-15 05:36:07'),
	(143, 41, 90, 'Qui aspernatur soluta est.', 'debitis-et-similique-temporibus-totam-praesentium-nesciunt-consequuntur', 'Sequi nostrum ut non vero veritatis. Delectus consequatur voluptatem enim ut hic et dolorum. Sunt accusamus et et ea autem rerum delectus. Sed ipsam natus qui est cupiditate.', 756.52, NULL, 'SN-19540860', NULL, 5, 'months', '2023-07-15 05:36:07', '2023-07-15 05:36:07'),
	(144, 15, 24, 'Minus amet ad molestiae qui sit rerum.', 'necessitatibus-ducimus-architecto-quae-ad-aut-aperiam-ratione', 'Praesentium voluptatem nesciunt aliquid sequi rerum est provident. Mollitia architecto eum qui error temporibus velit aut. Vel rerum modi minima expedita laboriosam tempore veniam.', 859.25, NULL, 'SN-13060263', NULL, 7, 'years', '2023-07-15 05:36:07', '2023-07-15 05:36:07'),
	(145, 22, 30, 'Laboriosam aut ut quia saepe non non.', 'doloremque-nisi-repellat-officia-et-id-sit-aliquam-voluptas', 'Consectetur explicabo voluptate ut sapiente et praesentium. Non vel modi sit laborum quasi quo ab. Qui distinctio odio fugiat voluptatibus et at.', 366.44, NULL, 'SN-29687376', NULL, 5, 'months', '2023-07-15 05:36:07', '2023-07-15 05:36:07'),
	(146, 74, 23, 'Eos quia blanditiis iste.', 'eveniet-rem-aut-deleniti-autem', 'Cum ut eveniet reiciendis corporis veniam. Impedit dolore debitis eius molestiae.', 885.66, NULL, 'SN-56622273', NULL, 5, 'weeks', '2023-07-15 05:36:07', '2023-07-15 05:36:07'),
	(147, 93, 45, 'Velit velit autem et et.', 'culpa-minima-a-voluptas-eligendi-quo', 'Expedita eos nisi velit quis accusantium qui saepe. Veritatis non quidem est asperiores harum tempore recusandae dicta. Iure eius ut repudiandae ea dolores tempora. In in sit veritatis repudiandae.', 551.28, NULL, 'SN-20536824', NULL, 3, 'years', '2023-07-15 05:36:07', '2023-07-15 05:36:07'),
	(148, 74, 37, 'Quis omnis aut recusandae rerum nostrum explicabo aliquam.', 'consequuntur-voluptas-et-veritatis-impedit-optio', 'Ipsum suscipit neque dolor in. Libero rerum suscipit recusandae ut architecto. Velit id et voluptatibus totam aspernatur iure.', 696.57, NULL, 'SN-51986663', NULL, 9, 'weeks', '2023-07-15 05:36:07', '2023-07-15 05:36:07'),
	(149, 29, 3, 'Ea provident voluptate assumenda qui.', 'neque-doloribus-est-dolorem-quaerat-aut-dignissimos-est-culpa', 'Placeat et esse repellendus est officia qui. Sit harum fugiat error officia. Sint ut voluptates quae labore.', 705.78, NULL, 'SN-71126751', NULL, 3, 'years', '2023-07-15 05:36:07', '2023-07-15 05:36:07'),
	(150, 65, 28, 'Reprehenderit voluptatem et doloribus natus possimus et esse.', 'laborum-incidunt-vel-in-possimus', 'Necessitatibus quia quos et voluptatem. Voluptas doloribus tempora facilis amet necessitatibus autem magnam eveniet. Dolor omnis dolorem in eos dignissimos qui voluptatibus perspiciatis. Quidem eius excepturi ut optio et possimus neque. Harum impedit non sunt rerum ut.', 692.73, NULL, 'SN-30122539', NULL, 1, 'days', '2023-07-15 05:36:07', '2023-07-15 05:36:07'),
	(151, 26, 109, 'Ut vel voluptatum asperiores sed.', 'velit-non-occaecati-eveniet-est-quae-omnis-fugiat-voluptatem', 'Exercitationem est consectetur animi qui est aut. Ut omnis deserunt molestias quis modi voluptas atque dicta. Facilis repudiandae qui neque est ipsum et voluptas.', 79.13, NULL, 'SN-66086888', NULL, 6, 'months', '2023-07-15 05:36:07', '2023-07-15 05:36:07'),
	(152, 22, 84, 'Explicabo quam aspernatur ut nulla nisi.', 'dolorum-repellendus-quia-error-a-nulla-ratione-vitae', 'Cum et accusamus consequatur. Voluptate quia voluptas pariatur cupiditate cumque sed sint doloribus. Quo enim velit eum harum amet dolor.', 567.12, NULL, 'SN-77803154', NULL, 3, 'weeks', '2023-07-15 05:36:07', '2023-07-15 05:36:07'),
	(153, 59, 34, 'Quia et nobis placeat sit ab non praesentium unde.', 'quia-sit-deserunt-veritatis-beatae-itaque-mollitia-rerum', 'Accusamus eaque ut nam sit reprehenderit cupiditate. Perspiciatis tempore aliquid vero et voluptatem perferendis. Qui accusamus et officia possimus non aut. Voluptatum reiciendis accusamus adipisci nulla.', 73.64, NULL, 'SN-99215093', NULL, 2, 'years', '2023-07-15 05:36:07', '2023-07-15 05:36:07'),
	(154, 74, 39, 'In eius sit totam eos facilis qui.', 'illum-accusantium-sit-est-explicabo', 'Id molestias est laudantium ea omnis esse dolorem quisquam. Est nostrum alias quam aliquid qui. Provident quas maxime deserunt. Omnis officia placeat consequatur cupiditate modi voluptatem. Voluptas inventore facere tempora.', 473.26, NULL, 'SN-00052073', NULL, 3, 'months', '2023-07-15 05:36:07', '2023-07-15 05:36:07'),
	(155, 49, 104, 'Natus sed voluptatem sint soluta ab quod occaecati.', 'enim-provident-occaecati-aliquid-quisquam-rerum-quaerat-nemo-minus', 'Quibusdam ut aut sapiente. Consequuntur voluptatem velit et iste. Officia et ipsum esse nihil impedit ullam sunt est.', 808.09, NULL, 'SN-17635273', NULL, 2, 'months', '2023-07-15 05:36:07', '2023-07-15 05:36:07'),
	(156, 59, 35, 'Consequatur sequi enim enim expedita saepe.', 'adipisci-aut-ut-autem-molestiae-omnis-minus', 'Et dolorem laborum sint facere provident. Et ipsa unde minus quisquam eius ullam odit. Mollitia quibusdam velit ducimus esse odio sit. Tenetur illo et tempora saepe in est et.', 590.77, NULL, 'SN-80749387', NULL, 10, 'years', '2023-07-15 05:36:07', '2023-07-15 05:36:07'),
	(157, 66, 114, 'Aut possimus eaque saepe quas perspiciatis molestias.', 'eum-culpa-itaque-nulla-iste-odit-quas', 'Amet maxime rem est. Fugit ratione nisi consequatur ut et voluptates et. Sit est voluptatem earum voluptatem eius neque. Consequatur nostrum officia blanditiis modi omnis exercitationem. Et repellendus ea autem quo et ut.', 712.80, NULL, 'SN-68307651', NULL, 7, 'months', '2023-07-15 05:36:07', '2023-07-15 05:36:07'),
	(158, 26, 47, 'Quidem debitis autem dignissimos id sit occaecati.', 'unde-non-pariatur-nostrum-rerum-sit-enim', 'Consequuntur magni sapiente eius fuga rerum. Aliquam odio corporis exercitationem et accusamus sit consequatur. Aut exercitationem amet dicta et. Sapiente assumenda neque accusantium sed. Est nam exercitationem cupiditate et repellendus recusandae placeat voluptatem.', 866.80, NULL, 'SN-06028968', NULL, 8, 'years', '2023-07-15 05:36:07', '2023-07-15 05:36:07'),
	(159, 96, 127, 'Magnam quaerat eligendi ex qui.', 'et-non-quo-quos', 'Sint modi et et quia. Sunt temporibus delectus vitae necessitatibus omnis dolores. Ad cum aut aliquam delectus est ut. Iusto qui voluptas reiciendis soluta aut.', 915.95, NULL, 'SN-10589700', NULL, 10, 'years', '2023-07-15 05:36:07', '2023-07-15 05:36:07'),
	(160, 74, 62, 'Ex veniam et temporibus iste tenetur.', 'autem-magni-facilis-et-animi', 'Quibusdam eveniet libero omnis unde maxime. Voluptas blanditiis sint nisi omnis. Magnam ab velit sint quo. Perspiciatis quaerat dolor nobis assumenda fugiat unde.', 902.74, NULL, 'SN-94452087', NULL, 8, 'weeks', '2023-07-15 05:36:07', '2023-07-15 05:36:07'),
	(161, 39, 69, 'Facilis veritatis voluptates ut perferendis rerum at saepe quasi.', 'iure-aliquid-ipsum-non-accusantium-velit', 'Culpa accusantium quis necessitatibus natus quas minima. Amet corporis quasi tenetur itaque totam consequatur ut. Quo numquam vitae occaecati aut possimus non.', 837.07, NULL, 'SN-09178937', NULL, 7, 'years', '2023-07-15 05:36:07', '2023-07-15 05:36:07'),
	(162, 73, 125, 'Atque vel laboriosam autem facere ea aliquid doloremque fuga.', 'incidunt-perferendis-cumque-unde', 'Earum sit sint voluptatem asperiores. Ut velit fugit et ea. Ut voluptatem iste nostrum expedita asperiores rerum aperiam velit.', 858.17, NULL, 'SN-62191322', NULL, 2, 'days', '2023-07-15 05:36:07', '2023-07-15 05:36:07'),
	(163, 55, 97, 'Cum ipsa omnis enim magnam dolores.', 'et-voluptatem-reprehenderit-cumque-illum', 'Ullam natus sapiente a inventore. Placeat in accusamus omnis et incidunt dolores. Labore neque inventore voluptas.', 757.60, NULL, 'SN-17088815', NULL, 9, 'months', '2023-07-15 05:36:07', '2023-07-15 05:36:07'),
	(164, 79, 82, 'In voluptate tempora voluptates quas totam qui.', 'tenetur-numquam-accusamus-vel-omnis-placeat', 'Temporibus reprehenderit maiores reprehenderit magni quia quisquam et. Laudantium suscipit assumenda amet. Omnis nemo voluptatem praesentium numquam soluta dolorem. Saepe non consequuntur in eum et eveniet eos.', 945.70, NULL, 'SN-89708845', NULL, 10, 'years', '2023-07-15 05:36:07', '2023-07-15 05:36:07'),
	(165, 96, 51, 'Et repudiandae est veniam quisquam sunt.', 'at-possimus-provident-blanditiis-nihil-animi-fugit', 'Quia et placeat laboriosam. Facere necessitatibus vel non cum. Ullam ut velit qui. Laborum aut animi sunt reiciendis fuga illo.', 790.94, NULL, 'SN-51267536', NULL, 4, 'months', '2023-07-15 05:36:07', '2023-07-15 05:36:07'),
	(166, 54, 124, 'Voluptatem explicabo dignissimos optio porro.', 'porro-veritatis-id-architecto-quia', 'Pariatur sed nostrum consequuntur quibusdam sequi. Consequuntur ratione incidunt voluptatem enim ut et. Explicabo aut magnam commodi. Id consequatur occaecati consectetur quam error eum pariatur. Porro et asperiores quaerat sit commodi.', 868.24, NULL, 'SN-10807832', NULL, 1, 'months', '2023-07-15 05:36:07', '2023-07-15 05:36:07'),
	(167, 39, 119, 'Voluptates alias fuga libero qui qui aut molestiae.', 'in-blanditiis-voluptatem-voluptatem-provident-mollitia-ratione', 'Modi sapiente quia laborum et. Et tenetur sit maxime voluptatem et autem. Sapiente ducimus adipisci et sapiente sed porro temporibus. Numquam cumque aut nisi voluptatibus.', 940.81, NULL, 'SN-20460630', NULL, 2, 'weeks', '2023-07-15 05:36:07', '2023-07-15 05:36:07'),
	(168, 72, 40, 'Et excepturi voluptatem qui dolores consequatur nulla cumque.', 'est-perspiciatis-qui-id-nam-consequuntur-vel-eum', 'Placeat magnam qui ducimus aut maxime qui. Inventore libero voluptas impedit ab sequi nam ut quos. Tempora est omnis nihil. Nam quisquam ratione ut dolorem omnis dolorem fuga.', 750.41, NULL, 'SN-00128203', NULL, 10, 'years', '2023-07-15 05:36:07', '2023-07-15 05:36:07'),
	(169, 46, 91, 'Enim deserunt suscipit et et necessitatibus recusandae nemo aspernatur.', 'sit-quisquam-fugit-quibusdam-eum-ipsam-eveniet', 'Est et officiis eos expedita quis ratione. Quod laborum nesciunt sed enim similique consectetur. Consequatur porro maxime illo rerum. Voluptatem amet nihil illum omnis laborum eos reprehenderit.', 536.35, NULL, 'SN-87023809', NULL, 1, 'months', '2023-07-15 05:36:07', '2023-07-15 05:36:07'),
	(170, 61, 39, 'Dolor voluptatibus unde dolorum.', 'architecto-voluptatem-possimus-optio-consequatur-eligendi-qui-laborum-soluta', 'Omnis deleniti nesciunt porro tempora dolorem tenetur. Ab ipsum quis soluta asperiores blanditiis. Placeat quibusdam saepe commodi delectus labore.', 104.20, NULL, 'SN-73093166', NULL, 7, 'months', '2023-07-15 05:36:07', '2023-07-15 05:36:07'),
	(171, 89, 97, 'Libero autem debitis facere quo numquam repellat.', 'ullam-et-nisi-corrupti-minima-repellendus-est-eum', 'Non occaecati sapiente ex enim tempora ipsum. Modi et et doloremque qui occaecati animi enim. Veritatis qui rem non. A quos accusantium omnis neque eaque.', 51.23, NULL, 'SN-60260271', NULL, 2, 'days', '2023-07-15 05:36:07', '2023-07-15 05:36:07'),
	(172, 97, 26, 'Cum quia voluptates minus dolor temporibus.', 'dolores-qui-consequuntur-animi-a-et-vel', 'Soluta voluptas reiciendis magnam beatae. Placeat assumenda incidunt sint at maiores culpa. Rem sit architecto at fugiat quia.', 946.99, NULL, 'SN-62532844', NULL, 5, 'months', '2023-07-15 05:36:07', '2023-07-15 05:36:07'),
	(173, 3, 74, 'Velit eos omnis ullam ducimus laudantium.', 'consequatur-nemo-sunt-iste-deserunt-sed-accusantium', 'Maxime in qui minus vel. Eum et ratione hic et. Aut dicta voluptas qui sapiente maxime recusandae. Sed neque officia eos excepturi.', 193.68, NULL, 'SN-73293968', NULL, 2, 'months', '2023-07-15 05:36:07', '2023-07-15 05:36:07'),
	(174, 15, 112, 'Dolor incidunt autem adipisci et adipisci eveniet eos.', 'repudiandae-suscipit-distinctio-et-aliquid', 'Distinctio dolore et quis illum sit. Aut quo est saepe nihil. Aut harum et necessitatibus facilis.', 823.20, NULL, 'SN-81665552', NULL, 10, 'weeks', '2023-07-15 05:36:07', '2023-07-15 05:36:07'),
	(175, 26, 12, 'Laudantium officiis consectetur aliquid ut.', 'nemo-dolore-ab-ea-perferendis', 'Doloremque autem aut rerum dolorum pariatur corrupti enim. Beatae sequi accusantium voluptatem et nostrum mollitia voluptates quod. Odio sit ut velit ad eveniet.', 799.49, NULL, 'SN-16309109', NULL, 1, 'weeks', '2023-07-15 05:36:07', '2023-07-15 05:36:07'),
	(176, 33, 103, 'Alias in impedit tenetur qui cumque.', 'sunt-quo-nam-est-dolore-officiis', 'Qui et expedita et dolorem libero. Neque impedit quis sint itaque est dolores.', 522.34, NULL, 'SN-81817169', NULL, 2, 'months', '2023-07-15 05:36:07', '2023-07-15 05:36:07'),
	(177, 17, 69, 'Sapiente est quod amet odit voluptas aut.', 'natus-pariatur-perferendis-aut-asperiores-dolorem-quia', 'Tenetur accusamus dolorum quam enim. Delectus qui doloremque et alias excepturi et voluptatem. Et enim similique voluptatem ullam. Molestias porro voluptate est illo voluptatibus in. Ipsam nisi neque excepturi repellat nisi reiciendis architecto qui.', 994.02, NULL, 'SN-95365661', NULL, 10, 'weeks', '2023-07-15 05:36:07', '2023-07-15 05:36:07'),
	(178, 30, 78, 'Atque excepturi illo quasi quia nobis.', 'non-dolorem-earum-magni-ut-hic-et-reiciendis', 'Voluptatem a sed cumque. Hic qui et inventore soluta. Inventore voluptate ut sit ut nesciunt sed. Inventore voluptatum aspernatur perferendis eius et tempore.', 346.71, NULL, 'SN-36478052', NULL, 4, 'weeks', '2023-07-15 05:36:07', '2023-07-15 05:36:07'),
	(179, 84, 131, 'Voluptatibus similique repellat repellendus accusamus voluptas in.', 'quaerat-illum-rerum-repudiandae-voluptatum', 'Minima ad quia consectetur ab quis facilis. Fuga non voluptatibus nemo aut expedita quis repellat. Voluptas culpa aliquid praesentium debitis facilis sunt veritatis.', 168.59, NULL, 'SN-34577710', NULL, 10, 'days', '2023-07-15 05:36:07', '2023-07-15 05:36:07'),
	(180, 42, 22, 'Rerum similique cumque maiores perspiciatis delectus sint totam.', 'modi-quia-tempore-voluptas-praesentium-sapiente-minus-quia', 'Cum expedita doloribus sed aperiam. Voluptas aspernatur asperiores ut blanditiis aperiam consequatur dolorem. Et eos repellendus velit quos aut. In eligendi sunt et iure dolore iste quibusdam dolores.', 571.92, NULL, 'SN-99683197', NULL, 3, 'days', '2023-07-15 05:36:07', '2023-07-15 05:36:07'),
	(181, 52, 122, 'Reiciendis rem praesentium quae quasi ipsum et similique.', 'numquam-ut-perferendis-incidunt-corrupti-porro-iusto-enim', 'Dolores eveniet pariatur vel explicabo. Qui ut exercitationem dolor sapiente. Beatae nesciunt porro vitae facilis perspiciatis atque laborum ullam. Inventore molestiae odio voluptas accusantium aspernatur impedit.', 490.94, NULL, 'SN-09298423', NULL, 5, 'months', '2023-07-15 05:36:07', '2023-07-15 05:36:07'),
	(182, 22, 29, 'Qui eligendi at atque possimus minima omnis.', 'consequatur-cumque-autem-suscipit-pariatur-iure-quibusdam', 'Quisquam incidunt qui excepturi veritatis. Inventore numquam neque quaerat et commodi quia. Commodi at qui possimus quia neque et tempore ratione. Et aut enim in impedit enim esse libero. Et sunt ut veniam et rem aspernatur at.', 275.04, NULL, 'SN-84988342', NULL, 9, 'days', '2023-07-15 05:36:07', '2023-07-15 05:36:07'),
	(183, 73, 48, 'Sit quo error eius tempore et et omnis sed.', 'consequatur-tempora-est-similique-magnam-aut-voluptatem-numquam-sint', 'Omnis est atque odio dicta quo. Consequuntur doloremque distinctio rerum dicta odio. Aliquid consequatur assumenda dicta non.', 614.97, NULL, 'SN-37714461', NULL, 6, 'weeks', '2023-07-15 05:36:07', '2023-07-15 05:36:07'),
	(184, 42, 23, 'Facere aut nostrum veritatis ipsa quis.', 'voluptas-nobis-corporis-ut-voluptas-ex', 'Cumque iusto temporibus alias provident doloremque cupiditate. Qui rem voluptates neque qui deserunt aliquam. Dolor nemo ut aut quasi odio et. Eum eos non eius velit iste architecto. Reiciendis adipisci ut consequuntur eveniet qui ex.', 779.54, NULL, 'SN-71243110', NULL, 8, 'years', '2023-07-15 05:36:07', '2023-07-15 05:36:07'),
	(185, 66, 33, 'Ut dolores praesentium eum harum hic.', 'minus-dolor-accusamus-cum-molestiae-totam-labore-voluptatem', 'Assumenda eos voluptatibus eum tempore aliquam voluptates. Commodi dolorem sint asperiores expedita ullam quia. Quibusdam saepe quibusdam non ullam nihil vero quidem. Aut aut rem aspernatur sed.', 215.54, NULL, 'SN-77718673', NULL, 7, 'days', '2023-07-15 05:36:07', '2023-07-15 05:36:07'),
	(186, 26, 74, 'Facilis vitae hic laborum officia voluptatem.', 'illum-repellendus-et-harum-sed', 'Sunt laboriosam pariatur autem soluta at. Vel inventore exercitationem est ipsam. Dignissimos magnam tempora incidunt aut eum in.', 691.05, NULL, 'SN-47539689', NULL, 9, 'years', '2023-07-15 05:36:07', '2023-07-15 05:36:07'),
	(187, 65, 15, 'Nihil veritatis dolores quam et reiciendis.', 'non-id-officiis-nesciunt-ut-accusamus', 'Voluptas esse tempore id quaerat. Possimus facilis laudantium necessitatibus unde sed. Quasi amet et deleniti molestiae atque est vero placeat. Esse iure soluta facilis rerum optio et.', 783.38, NULL, 'SN-29062483', NULL, 5, 'days', '2023-07-15 05:36:07', '2023-07-15 05:36:07'),
	(188, 52, 88, 'Sed voluptatem libero debitis ut mollitia sint voluptas.', 'sit-ut-et-aut-ratione-quam-ipsam', 'Rem velit quia dolore sit consectetur. Perspiciatis delectus doloribus magni sed totam maxime. Illo dicta non quae incidunt est fugiat.', 596.70, NULL, 'SN-74412201', NULL, 8, 'days', '2023-07-15 05:36:07', '2023-07-15 05:36:07'),
	(189, 97, 4, 'Quia consequatur adipisci quam animi commodi qui pariatur.', 'enim-est-odit-expedita-quisquam-officiis', 'Facilis fugiat perferendis accusamus quo sint alias ullam magnam. Voluptas reprehenderit tempore tempore placeat et impedit vitae sapiente. Illum eligendi neque odit sed quaerat. Quo itaque doloribus totam eum aut impedit quo.', 370.33, NULL, 'SN-39194115', NULL, 6, 'years', '2023-07-15 05:36:07', '2023-07-15 05:36:07'),
	(190, 89, 116, 'Aliquam quaerat vero quis eos aliquam.', 'voluptates-aut-quidem-veritatis-odit-dicta-accusantium-labore-fugit', 'Ipsam optio reprehenderit nam at doloribus. Unde enim nihil reprehenderit eos quae deserunt voluptatem. Error ducimus omnis harum. Expedita et sit nihil et mollitia nesciunt.', 541.91, NULL, 'SN-33685722', NULL, 6, 'weeks', '2023-07-15 05:36:07', '2023-07-15 05:36:07'),
	(191, 44, 117, 'Dolorem earum a sapiente reprehenderit enim.', 'ex-recusandae-et-sequi-aliquam-dignissimos-itaque', 'Consectetur aspernatur quis non nisi. Nisi numquam ut aut aut. Tempore eius in qui quo nihil. Quidem fugit similique qui dolor repellendus et.', 69.25, NULL, 'SN-72759056', NULL, 10, 'days', '2023-07-15 05:36:07', '2023-07-15 05:36:07'),
	(192, 17, 128, 'Itaque quae quidem aut eos et.', 'distinctio-dolore-sunt-numquam-reiciendis', 'At molestiae asperiores et ad quo ipsum sit eaque. Voluptas explicabo sequi expedita eum qui est. Quia sed quia deleniti. Magnam pariatur voluptate et quam.', 5.25, NULL, 'SN-42878117', NULL, 10, 'months', '2023-07-15 05:36:07', '2023-07-15 05:36:07'),
	(193, 33, 51, 'Fuga eum omnis non qui.', 'non-quam-voluptate-corrupti-architecto-commodi', 'Ea quis autem pariatur eveniet eaque dolores aperiam. Nihil explicabo consequuntur accusamus sit omnis et qui. Qui assumenda quia nam qui voluptate. Corrupti et nihil expedita qui.', 578.58, NULL, 'SN-61742644', NULL, 6, 'months', '2023-07-15 05:36:07', '2023-07-15 05:36:07'),
	(194, 49, 40, 'Similique quo numquam facere quia necessitatibus.', 'eligendi-occaecati-molestias-dolore-sed', 'Consequatur facere excepturi voluptatem sit sequi molestiae. Sapiente et qui quam vel perferendis. Dolore ad qui ut.', 796.14, NULL, 'SN-71680685', NULL, 9, 'years', '2023-07-15 05:36:07', '2023-07-15 05:36:07'),
	(195, 19, 53, 'Quo omnis voluptatem quos velit aut qui quia.', 'consequuntur-rem-labore-dicta-exercitationem', 'In non et ex. Est maxime recusandae magni et odio ratione. Repellat non fugiat velit aut. Deserunt asperiores laudantium dolor veniam eos possimus.', 913.61, NULL, 'SN-60561022', NULL, 2, 'years', '2023-07-15 05:36:07', '2023-07-15 05:36:07'),
	(196, 52, 12, 'Et ducimus corrupti facilis est a.', 'repudiandae-aut-architecto-illum-molestiae-corporis', 'Dolor iure consequatur quia repellat quod nihil et. Sapiente ipsam aliquid dolorem eos voluptatem facere deleniti. Provident eum voluptate tempora aut sed in. Unde ipsa est quasi est alias consequatur sunt quasi. Sed debitis at corrupti esse quo amet.', 43.21, NULL, 'SN-65402647', NULL, 10, 'weeks', '2023-07-15 05:36:07', '2023-07-15 05:36:07'),
	(197, 46, 45, 'Ut nihil possimus iusto non ipsam aut voluptatem.', 'nobis-quod-aut-id-architecto-sed-ipsum-veniam-nulla', 'Fugit dicta hic ipsa dolores deserunt alias accusamus velit. Delectus dolorem aut esse nisi quos. Dolorum accusantium qui perspiciatis dolorum velit sapiente.', 976.08, NULL, 'SN-57760942', NULL, 7, 'weeks', '2023-07-15 05:36:07', '2023-07-15 05:36:07'),
	(198, 68, 9, 'Ut pariatur rerum perspiciatis reiciendis.', 'quod-consequuntur-architecto-ipsam-sint-nobis-accusamus', 'Voluptatum et omnis eaque dolor. A cupiditate voluptas numquam architecto. Sint ab ullam temporibus pariatur tenetur eum. Qui optio velit aliquid et delectus.', 508.27, NULL, 'SN-54941674', NULL, 1, 'days', '2023-07-15 05:36:07', '2023-07-15 05:36:07'),
	(199, 73, 63, 'Est sunt est qui est nulla quia.', 'a-neque-voluptate-dolores-dignissimos', 'Itaque sed ea nulla at fugit sed. Ipsam modi earum et totam omnis. Excepturi ut commodi molestias aut. Occaecati est neque ut rerum temporibus rerum optio.', 792.14, NULL, 'SN-78920373', NULL, 4, 'weeks', '2023-07-15 05:36:07', '2023-07-15 05:36:07'),
	(200, 3, 59, 'Velit dolore nobis non.', 'quas-autem-animi-qui-eos-laboriosam-nobis', 'Dolorem tenetur nostrum animi quasi qui beatae dolorem aut. Perspiciatis tenetur ad rerum consequatur maiores quos qui. Sequi expedita optio adipisci possimus quis culpa quo. Sed ut possimus voluptates quam sit soluta accusamus.', 271.19, NULL, 'SN-43125916', NULL, 10, 'weeks', '2023-07-15 05:36:08', '2023-07-15 05:36:08'),
	(201, 96, 24, 'Dignissimos quo at nisi et.', 'consequuntur-delectus-et-et-quis-et-exercitationem-occaecati', 'Ut minima libero optio perferendis corporis qui qui qui. Porro quidem consequatur harum quo. Repellendus deserunt est ea harum assumenda quia sequi.', 276.85, NULL, 'SN-86102799', NULL, 2, 'weeks', '2023-07-15 05:36:08', '2023-07-15 05:36:08'),
	(202, 42, 70, 'Dicta eum dolore est molestias sint sunt ea.', 'exercitationem-ut-voluptatum-ut-aperiam-in', 'Dignissimos assumenda distinctio recusandae quis. Quam eum pariatur debitis eum reprehenderit. Ab impedit assumenda dolor omnis.', 55.33, NULL, 'SN-67833378', NULL, 7, 'months', '2023-07-15 05:36:08', '2023-07-15 05:36:08'),
	(203, 10, 119, 'Earum officiis id voluptates error.', 'ratione-nulla-reprehenderit-incidunt-sint-et-est-alias', 'Temporibus laboriosam quo ea atque quas iusto. Delectus accusamus voluptatum quo. Animi eligendi modi ducimus sed. Itaque excepturi aut et dolorem voluptatum eius qui.', 860.91, NULL, 'SN-21672704', NULL, 1, 'weeks', '2023-07-15 05:36:08', '2023-07-15 05:36:08'),
	(204, 48, 96, 'Voluptatibus quo nihil id aut accusamus commodi.', 'qui-eum-nesciunt-ea-voluptas-qui', 'Quis ab repellat eos quia. Et et rerum tempore atque officiis. Inventore molestiae hic dicta aut veritatis quasi.', 677.17, NULL, 'SN-96167057', NULL, 8, 'months', '2023-07-15 05:36:08', '2023-07-15 05:36:08'),
	(205, 35, 37, 'Ab corporis sed est.', 'ipsa-temporibus-fuga-nihil-officiis-qui-qui', 'Dolorem et dolorem repellendus eos nostrum. Doloribus fugiat sit nihil dicta non omnis vero aut.', 887.60, NULL, 'SN-21652275', NULL, 5, 'days', '2023-07-15 05:36:08', '2023-07-15 05:36:08'),
	(206, 95, 30, 'Praesentium deleniti blanditiis sapiente aut.', 'harum-repellendus-non-tempore-modi-est-repudiandae', 'Qui fugiat sed dolore saepe consequuntur commodi earum. Iure id aut dignissimos esse. Ab velit quis enim rem ut exercitationem ea. Rerum repellat ut dolorum.', 891.12, NULL, 'SN-87123230', NULL, 7, 'years', '2023-07-15 05:36:08', '2023-07-15 05:36:08'),
	(207, 29, 14, 'Placeat pariatur non ut.', 'perspiciatis-ut-porro-quae-quia', 'Quo qui sint temporibus et quia. Illum sed quia voluptatibus asperiores. Eligendi autem dolorum est animi adipisci. Quibusdam et odit voluptatibus odio voluptas ea. Aut maiores modi minima totam quibusdam reprehenderit in cum.', 69.98, NULL, 'SN-01867030', NULL, 8, 'weeks', '2023-07-15 05:36:08', '2023-07-15 05:36:08'),
	(208, 33, 93, 'Rerum non vitae maiores quia aliquid provident.', 'voluptatum-blanditiis-qui-harum-ut-molestias', 'Et veritatis ut suscipit molestiae ipsum. Voluptatibus perferendis ut maiores aliquid fugit alias cumque. Dolorem ipsam quae sint. Illum illo harum quaerat reiciendis id.', 234.01, NULL, 'SN-87657477', NULL, 6, 'days', '2023-07-15 05:36:08', '2023-07-15 05:36:08'),
	(209, 93, 127, 'Et impedit quia inventore consequatur nihil accusamus eos veniam.', 'rerum-non-dicta-consequuntur-excepturi-facere-quod-voluptate', 'Placeat est reiciendis eveniet veniam. Ea non tenetur aliquam impedit nesciunt dolores nobis. Ad quo quae exercitationem a veritatis.', 745.28, NULL, 'SN-53962489', NULL, 6, 'days', '2023-07-15 05:36:08', '2023-07-15 05:36:08'),
	(210, 64, 92, 'Ea dignissimos molestiae qui ut non.', 'iure-eos-culpa-nam-blanditiis-molestiae-sint-tempora', 'Quae autem enim placeat consequuntur quibusdam molestias velit. Dolorum eum fugiat nihil officia aspernatur sit beatae. Beatae sed aut facilis quasi autem illo delectus.', 592.34, NULL, 'SN-00599114', NULL, 1, 'days', '2023-07-15 05:36:08', '2023-07-15 05:36:08'),
	(211, 39, 59, 'Quis enim nesciunt quia eaque quidem consequatur.', 'ipsum-ut-voluptas-et-dolorum-tempore-qui-vel', 'Numquam consequatur eos temporibus. Quis et enim est dolorum culpa. Omnis ut aperiam provident. Nihil delectus labore qui amet cumque in.', 477.04, NULL, 'SN-59798672', NULL, 5, 'days', '2023-07-15 05:36:08', '2023-07-15 05:36:08'),
	(212, 79, 1, 'Magni delectus magnam dolor fugiat accusamus sequi est ex.', 'non-neque-qui-corporis-et', 'Dolores itaque accusamus quaerat consequatur suscipit laborum et vitae. Itaque voluptates rerum qui necessitatibus soluta voluptas est. Reprehenderit eos a quasi dolor aut omnis dolores.', 63.68, NULL, 'SN-57807973', NULL, 8, 'weeks', '2023-07-15 05:36:08', '2023-07-15 05:36:08'),
	(213, 74, 34, 'Ratione quia vel est doloribus velit.', 'voluptates-ut-optio-quia-voluptas-dolores', 'Possimus dolorem quia similique. Tenetur natus dolores saepe aliquam et placeat molestias.', 139.60, NULL, 'SN-15052802', NULL, 8, 'months', '2023-07-15 05:36:08', '2023-07-15 05:36:08'),
	(214, 87, 46, 'Voluptatem ipsam voluptatibus qui fugit architecto dolores.', 'saepe-ut-reiciendis-saepe-quia-eum', 'Adipisci quo modi praesentium deleniti. Ut deleniti aut et impedit quos. Sed minima officiis quia omnis eius repellat. Doloribus totam sapiente ipsa.', 317.00, NULL, 'SN-40528055', NULL, 10, 'months', '2023-07-15 05:36:08', '2023-07-15 05:36:08'),
	(215, 29, 12, 'Illum et ad tempora quo numquam.', 'eum-alias-repellat-culpa-possimus-sapiente-natus-repudiandae-animi', 'Autem omnis officiis aut optio ratione laudantium in. Rem enim blanditiis et et doloremque voluptatem. Minima voluptas ex nulla voluptas quod ad sed doloremque.', 795.98, NULL, 'SN-10367407', NULL, 3, 'months', '2023-07-15 05:36:08', '2023-07-15 05:36:08'),
	(216, 29, 25, 'Deleniti dolorem quidem enim voluptates consectetur aspernatur.', 'quae-quo-beatae-aut', 'Ea expedita accusantium doloribus ab tempora. Molestiae nobis eos voluptatem iusto. Nesciunt cupiditate sit rem repellendus officia nisi pariatur.', 761.35, NULL, 'SN-74720971', NULL, 6, 'months', '2023-07-15 05:36:08', '2023-07-15 05:36:08'),
	(217, 61, 69, 'In velit voluptate eos minus cum.', 'sunt-iusto-ut-laborum-repudiandae-enim-et-optio', 'Sed fuga sed asperiores fugit dolor voluptatem tempore. Totam enim et aliquid ut rerum ab eius. Excepturi voluptatem quidem odit beatae sed.', 638.37, NULL, 'SN-11660947', NULL, 8, 'days', '2023-07-15 05:36:08', '2023-07-15 05:36:08'),
	(218, 76, 57, 'Molestiae ut odio consectetur temporibus.', 'facilis-cum-quasi-ullam-est-veniam', 'Ab itaque harum rerum maiores maxime. Voluptatem eos nihil voluptate officia facere. Ratione quia quos recusandae vero quod. Eum earum nam eius aliquid quia.', 342.94, NULL, 'SN-07090589', NULL, 1, 'months', '2023-07-15 05:36:08', '2023-07-15 05:36:08'),
	(219, 10, 41, 'Et facilis facere ipsa consequatur aut consectetur nesciunt dolores.', 'ab-perferendis-aut-labore-suscipit-numquam-non-fugiat', 'Sint ex ut sequi. Iure vitae sapiente aspernatur qui consequatur at. Voluptas suscipit earum temporibus nobis consequatur ut nostrum beatae.', 817.66, NULL, 'SN-87270797', NULL, 9, 'years', '2023-07-15 05:36:08', '2023-07-15 05:36:08'),
	(220, 65, 99, 'Modi non cumque sed pariatur quibusdam dolor.', 'omnis-impedit-quia-itaque-minus-hic-ex-dolores', 'Est voluptas quisquam voluptas doloremque nisi aut amet et. Et sapiente recusandae nulla provident. Voluptatem veniam ut consectetur sit. Earum est voluptatem tempore aut.', 770.94, NULL, 'SN-01245345', NULL, 9, 'months', '2023-07-15 05:36:08', '2023-07-15 05:36:08'),
	(221, 15, 57, 'Ut qui ut recusandae distinctio atque laborum id odit.', 'fugiat-atque-quos-blanditiis', 'Molestiae sunt earum rerum consequatur. Eum maxime velit qui soluta repellendus. Recusandae vero aut quibusdam deserunt eos commodi dolor.', 651.25, NULL, 'SN-02299086', NULL, 7, 'months', '2023-07-15 05:36:08', '2023-07-15 05:36:08'),
	(222, 71, 3, 'Aut voluptate ratione optio labore.', 'ipsam-culpa-accusamus-voluptatem-tenetur-nulla', 'Voluptatem asperiores consectetur sapiente quidem in neque nostrum. Sequi aliquam nostrum odit minima similique omnis. Eos quibusdam iste quae corrupti. Exercitationem earum nisi asperiores sunt.', 778.73, NULL, 'SN-04506864', NULL, 10, 'years', '2023-07-15 05:36:08', '2023-07-15 05:36:08'),
	(223, 26, 8, 'Distinctio facere itaque qui consequuntur dolorem deserunt.', 'harum-ullam-tenetur-ipsa-libero-cumque-incidunt', 'Cumque aut accusantium officiis nulla. Enim laudantium optio non quam veniam. Dolor est dolores pariatur nemo reprehenderit provident nostrum. Rerum omnis sunt non tempore quasi beatae.', 881.45, NULL, 'SN-62264004', NULL, 8, 'months', '2023-07-15 05:36:08', '2023-07-15 05:36:08'),
	(224, 92, 110, 'Vel aut expedita nemo aliquam rerum.', 'reiciendis-pariatur-error-est-voluptas-numquam-quaerat-qui', 'Ut pariatur recusandae quis cumque. Quibusdam explicabo qui error quod sunt quos consequuntur eum. Voluptas sint et aut quas ut. Ea eum culpa molestiae optio et maiores.', 863.79, NULL, 'SN-03458648', NULL, 7, 'years', '2023-07-15 05:36:08', '2023-07-15 05:36:08'),
	(225, 59, 83, 'Tempore porro facilis sit qui sit.', 'esse-natus-quia-reprehenderit-exercitationem-cumque-id', 'Reprehenderit est ipsa atque vel. Aut eum delectus eaque eligendi reiciendis. Pariatur porro quis iusto quis ipsam est rerum.', 424.48, NULL, 'SN-97751495', NULL, 6, 'weeks', '2023-07-15 05:36:08', '2023-07-15 05:36:08'),
	(226, 68, 133, 'Asperiores dolorem dolorum hic non.', 'quas-labore-voluptas-vel-ut-ratione-perspiciatis', 'Dolorem nihil nihil temporibus nostrum. Qui veritatis dolorem eos quae. Dignissimos aspernatur velit quia vel. Quam odio nihil mollitia deleniti.', 763.43, NULL, 'SN-78533374', NULL, 6, 'years', '2023-07-15 05:36:08', '2023-07-15 05:36:08'),
	(227, 73, 43, 'Quae velit expedita et occaecati culpa magni eveniet.', 'et-delectus-animi-eligendi-cumque', 'Adipisci sunt doloribus eius aspernatur et veniam. Laudantium rerum error eum ut voluptatem. Ut magnam corporis ab quasi sed recusandae ea. Voluptatem nihil enim nam veritatis officia.', 338.88, NULL, 'SN-54702293', NULL, 8, 'years', '2023-07-15 05:36:08', '2023-07-15 05:36:08'),
	(228, 51, 116, 'Aperiam corrupti nemo doloribus tenetur animi quia at.', 'necessitatibus-nam-enim-aut-totam-iusto-necessitatibus', 'Doloremque ex libero quasi quos. Reiciendis voluptatum inventore necessitatibus vero. Ipsa id veniam dolor nesciunt odio consequuntur et. Quia amet nobis occaecati aliquid.', 286.12, NULL, 'SN-22274906', NULL, 10, 'months', '2023-07-15 05:36:08', '2023-07-15 05:36:08'),
	(229, 17, 126, 'Molestias qui eum temporibus quo quae et sapiente velit.', 'necessitatibus-at-et-quasi-ut-quibusdam-quis', 'Laudantium alias et eum consequatur est. Cum cumque incidunt asperiores omnis labore facere expedita. Possimus ipsum quisquam suscipit architecto aut eaque rem. Dolor qui debitis corporis.', 446.95, NULL, 'SN-26058325', NULL, 9, 'years', '2023-07-15 05:36:08', '2023-07-15 05:36:08'),
	(230, 66, 134, 'Fuga rerum esse nostrum omnis.', 'unde-tempora-qui-ad-asperiores', 'Reiciendis ad quam eaque repudiandae aut laudantium omnis. Eum eos eaque corporis et quo nemo fugiat. Et qui quos ipsa asperiores ullam necessitatibus nesciunt. Eligendi at ut fugiat dolorem ipsam iste porro voluptas. Sequi id ab alias id veritatis.', 625.93, NULL, 'SN-02059884', NULL, 6, 'days', '2023-07-15 05:36:08', '2023-07-15 05:36:08'),
	(231, 42, 18, 'Nostrum assumenda voluptatem nemo laborum.', 'recusandae-nemo-sed-quasi-reiciendis-eius', 'Autem eveniet qui qui qui sit aliquam ullam excepturi. At non porro quas aut voluptatem. Aspernatur temporibus exercitationem sunt ipsam. Placeat soluta beatae et iure tempore inventore quae.', 199.53, NULL, 'SN-58436854', NULL, 5, 'days', '2023-07-15 05:36:08', '2023-07-15 05:36:08'),
	(232, 92, 74, 'Animi ex laborum quibusdam et corporis earum.', 'dicta-molestiae-quo-accusantium-repudiandae-minima-provident-aut-qui', 'Nemo quia iste impedit et rerum nemo dicta. Voluptatem sit voluptas consequuntur amet omnis eaque quaerat nihil.', 877.80, NULL, 'SN-81691298', NULL, 4, 'weeks', '2023-07-15 05:36:08', '2023-07-15 05:36:08'),
	(233, 44, 50, 'Et libero consequuntur eum minus iure.', 'ut-ipsam-illum-unde', 'Doloribus dolore nostrum mollitia. Nesciunt impedit neque aut.', 628.42, NULL, 'SN-58300341', NULL, 9, 'months', '2023-07-15 05:36:08', '2023-07-15 05:36:08'),
	(234, 74, 67, 'Minima mollitia deleniti ut qui.', 'dolore-est-et-quis-assumenda-aut-itaque-officiis-reprehenderit', 'Et iure eos harum tempore ipsum aliquam ducimus. Dolore ut et provident et adipisci. Earum recusandae voluptas est error in maiores. Cum sapiente earum fuga sequi.', 887.13, NULL, 'SN-68677517', NULL, 7, 'weeks', '2023-07-15 05:36:08', '2023-07-15 05:36:08'),
	(235, 96, 83, 'Ex laborum voluptas dignissimos consequatur temporibus officiis.', 'quaerat-aut-accusamus-rerum-amet', 'Tempore voluptas vitae optio. Possimus et et quo consequuntur. Dolore et sint iusto quia. Optio nisi adipisci inventore dolor. Et consectetur optio voluptatum blanditiis omnis et.', 448.39, NULL, 'SN-19589483', NULL, 4, 'days', '2023-07-15 05:36:08', '2023-07-15 05:36:08'),
	(236, 97, 134, 'Aut voluptatem aut ut voluptas ullam qui odio.', 'expedita-dolores-velit-qui-eos-nihil-quia-autem', 'Quia excepturi id perferendis qui eos. Nisi blanditiis possimus sed nam voluptatem rerum.', 830.10, NULL, 'SN-14123967', NULL, 3, 'years', '2023-07-15 05:36:08', '2023-07-15 05:36:08'),
	(237, 60, 5, 'Animi optio est labore nesciunt ea sit sapiente.', 'delectus-qui-ut-ipsum-eligendi-repellat-nemo-fugit', 'Eum quibusdam eaque ut rerum voluptates. Aut distinctio cupiditate asperiores totam quia harum eum. Dicta ipsa consequatur quaerat quia. Rem quam qui aut. Nulla eos cumque cupiditate quas inventore.', 366.33, NULL, 'SN-26771624', NULL, 1, 'weeks', '2023-07-15 05:36:08', '2023-07-15 05:36:08'),
	(238, 72, 98, 'Reiciendis vel adipisci alias error.', 'odio-praesentium-quam-et-pariatur', 'Aut quis fuga et necessitatibus dolores deserunt. Ullam aliquam perferendis iusto totam non. Quia quam sit animi aut qui voluptate.', 904.21, NULL, 'SN-97208035', NULL, 8, 'days', '2023-07-15 05:36:08', '2023-07-15 05:36:08'),
	(239, 79, 61, 'Ut atque qui ipsum quis sapiente quam.', 'eum-eligendi-voluptas-amet-delectus', 'Voluptatem aspernatur dolor rerum illum quis. Qui nam modi consequatur facilis. Natus repellat totam fuga eos deserunt.', 690.09, NULL, 'SN-97475978', NULL, 7, 'days', '2023-07-15 05:36:08', '2023-07-15 05:36:08'),
	(240, 65, 41, 'Sed modi voluptatem quasi aliquid ut vel.', 'nihil-numquam-commodi-ea-ut-architecto-quasi-tempore', 'Omnis consequatur sunt nemo nostrum. Provident ex omnis omnis molestias. Explicabo voluptas repellat debitis aut corrupti quas. Molestiae et illum accusantium quis.', 261.62, NULL, 'SN-73633562', NULL, 2, 'weeks', '2023-07-15 05:36:08', '2023-07-15 05:36:08'),
	(241, 26, 100, 'Rerum asperiores rerum et doloribus excepturi expedita.', 'doloribus-molestiae-dolor-cupiditate-voluptates-aspernatur-ut-quidem', 'Ducimus enim enim at maiores reprehenderit sapiente. Tempore tempora earum rerum eos. Eius illo neque ipsam.', 435.18, NULL, 'SN-21858903', NULL, 8, 'weeks', '2023-07-15 05:36:08', '2023-07-15 05:36:08'),
	(242, 89, 11, 'Cum est expedita dicta nihil et minus.', 'laboriosam-non-odio-qui-earum-iusto-eum-officiis', 'Cupiditate ea ut illum mollitia. Numquam asperiores autem ad. Eaque maiores dolore illo sunt et nobis. Placeat nisi voluptatum eveniet voluptas molestiae esse consequatur fugiat.', 477.99, NULL, 'SN-05479849', NULL, 5, 'weeks', '2023-07-15 05:36:08', '2023-07-15 05:36:08'),
	(243, 55, 4, 'Officiis nostrum quam quaerat impedit porro voluptatem.', 'sequi-cum-deleniti-ea', 'Et aliquid porro fuga cupiditate ex vero commodi. Est vitae est neque quibusdam. Dolorum rerum magnam cumque in nam neque enim quis. Error officiis dolorem asperiores voluptate vel.', 424.26, NULL, 'SN-29691056', NULL, 1, 'days', '2023-07-15 05:36:08', '2023-07-15 05:36:08'),
	(244, 59, 47, 'Dicta totam eaque aut consequatur rem suscipit possimus.', 'quas-ut-aut-voluptatem-quod-placeat', 'Sequi sequi aut doloremque quod. Nobis est occaecati deserunt dolore corporis. Totam sit voluptates assumenda natus est. Rem voluptatum voluptas repudiandae magnam.', 10.60, NULL, 'SN-60887160', NULL, 4, 'months', '2023-07-15 05:36:08', '2023-07-15 05:36:08'),
	(245, 56, 134, 'Enim nulla omnis omnis voluptatum maiores sunt.', 'nobis-sit-harum-libero-architecto-ducimus-libero', 'Dolor dolorem est aliquid est facere. Magni exercitationem dolorem molestias tempore. Natus debitis mollitia sequi culpa repellendus provident autem et. Sit fuga voluptatem excepturi nesciunt impedit.', 915.04, NULL, 'SN-57518755', NULL, 2, 'years', '2023-07-15 05:36:08', '2023-07-15 05:36:08'),
	(246, 17, 56, 'Rerum ex dolor laboriosam nulla voluptate laboriosam amet.', 'quae-voluptatem-quasi-et-aut-commodi-fuga-id-quo', 'Harum id nihil est distinctio sit facere. Molestiae et non eos rerum. Et sequi laudantium temporibus rerum illum consequatur. Recusandae quia aspernatur voluptas placeat cum.', 397.06, NULL, 'SN-46229859', NULL, 2, 'months', '2023-07-15 05:36:08', '2023-07-15 05:36:08'),
	(247, 49, 44, 'Dolores tempore voluptate accusamus aspernatur voluptas voluptatem quia.', 'sint-nisi-autem-reprehenderit-ea-a-sit', 'Accusantium eos rerum sit officia dolores magni est. Nihil quae dolorem ut hic rerum esse omnis minus. Eligendi aspernatur quia porro aut iure officiis. At dicta nihil tempore.', 282.44, NULL, 'SN-05652633', NULL, 7, 'months', '2023-07-15 05:36:08', '2023-07-15 05:36:08'),
	(248, 61, 86, 'Provident beatae voluptatum eum illo laboriosam et consequatur est.', 'incidunt-optio-voluptates-sunt-maxime-inventore-delectus-nisi', 'Nemo quia molestias et quibusdam laboriosam rerum accusantium. Error culpa magnam in ipsam autem cupiditate consectetur enim. Sed non aliquid in maxime.', 953.15, NULL, 'SN-63927119', NULL, 5, 'weeks', '2023-07-15 05:36:08', '2023-07-15 05:36:08'),
	(249, 54, 64, 'Explicabo repudiandae voluptas doloremque quis.', 'sunt-facere-ullam-pariatur-ea', 'Qui ut ipsam enim et. Sint ut perferendis nostrum nulla ab. Explicabo eaque consequatur animi exercitationem fugit consequatur et itaque.', 332.69, NULL, 'SN-53781650', NULL, 9, 'months', '2023-07-15 05:36:08', '2023-07-15 05:36:08'),
	(250, 72, 123, 'Expedita vel sunt voluptatem cumque est perferendis error.', 'nihil-quod-aspernatur-voluptatem-nobis-debitis-reprehenderit', 'Atque omnis similique adipisci dolorum nihil. Labore sit similique consequuntur similique numquam. Omnis et debitis voluptatibus dignissimos ratione. Quibusdam dolores quaerat voluptatem corporis sit.', 731.18, NULL, 'SN-36790220', NULL, 8, 'days', '2023-07-15 05:36:08', '2023-07-15 05:36:08'),
	(251, 19, 107, 'Quia neque et recusandae quae laboriosam.', 'sapiente-voluptates-culpa-ex-ut-quis', 'Numquam eum quae voluptates. Recusandae quia sit eos voluptatem. Ut earum quis accusantium totam asperiores possimus. A autem rem eum vel aut voluptatem. Numquam aliquid perspiciatis repudiandae dolores sit distinctio velit.', 873.53, NULL, 'SN-50141991', NULL, 10, 'days', '2023-07-15 05:36:08', '2023-07-15 05:36:08'),
	(252, 97, 129, 'Similique magnam sit labore molestiae veritatis consequatur consequatur quam.', 'aut-culpa-aut-recusandae', 'Delectus animi vel architecto voluptas. Laborum rerum voluptatum et exercitationem fugiat. Minima accusantium molestiae est esse. Dignissimos voluptas voluptatem fuga aut consequatur voluptatem.', 620.79, NULL, 'SN-51183051', NULL, 1, 'months', '2023-07-15 05:36:08', '2023-07-15 05:36:08'),
	(253, 46, 38, 'Quod nihil qui et.', 'delectus-est-voluptatem-debitis-corrupti', 'Sequi repellendus dolorum officiis modi amet. Accusamus illum quam quibusdam at corrupti. Consectetur qui sit et et. Molestiae iure et magni rerum cum repellendus.', 347.89, NULL, 'SN-89842992', NULL, 5, 'weeks', '2023-07-15 05:36:08', '2023-07-15 05:36:08'),
	(254, 38, 30, 'Officiis laborum numquam sint corrupti.', 'ea-nam-reiciendis-facilis-reprehenderit', 'Nihil et est sint dolorem et consectetur consequatur. Ullam voluptas dignissimos qui. Minus laborum quia dolorem laborum inventore repellat non fugiat. Illo quas unde dolorum repellat.', 276.42, NULL, 'SN-90109194', NULL, 2, 'years', '2023-07-15 05:36:08', '2023-07-15 05:36:08'),
	(255, 92, 55, 'Eum et laborum distinctio ab.', 'eos-eligendi-sit-assumenda-est-qui-quos', 'Consequatur in sint aspernatur autem illo. Enim non aut et harum. Voluptas consequatur quia qui sit enim autem quam. Laborum velit et consequatur error.', 514.74, NULL, 'SN-87874586', NULL, 6, 'days', '2023-07-15 05:36:08', '2023-07-15 05:36:08'),
	(256, 23, 43, 'Ullam molestiae autem est autem.', 'ipsam-voluptas-occaecati-debitis-voluptatem-nobis-commodi-quibusdam', 'Natus iste quia consequuntur ut consequatur optio. Quisquam ut qui eum veritatis aliquid sunt. Culpa reiciendis illo ratione aperiam animi. Reprehenderit molestiae cupiditate enim maxime quis.', 182.15, NULL, 'SN-54072215', NULL, 2, 'months', '2023-07-15 05:36:08', '2023-07-15 05:36:08'),
	(257, 84, 9, 'Odio esse earum sit exercitationem ipsa et incidunt.', 'tenetur-suscipit-est-voluptate', 'Sequi omnis nisi velit aut temporibus sit corporis. Nulla est qui incidunt quidem distinctio. Odit est blanditiis id sapiente error molestiae similique. Ratione esse inventore reprehenderit officiis.', 884.23, NULL, 'SN-17613772', NULL, 5, 'months', '2023-07-15 05:36:08', '2023-07-15 05:36:08'),
	(258, 57, 37, 'Sapiente unde rerum unde autem veniam dolorum consequatur quibusdam.', 'dolorem-natus-quia-qui-omnis', 'Corrupti eos quibusdam ut beatae atque. Odit nemo modi harum. Ea rerum omnis a eum omnis repellat hic.', 400.22, NULL, 'SN-87607666', NULL, 4, 'weeks', '2023-07-15 05:36:08', '2023-07-15 05:36:08'),
	(259, 44, 67, 'Consectetur consequuntur placeat consequatur ipsam ut.', 'praesentium-recusandae-alias-et-dicta-sint-aut-quos-voluptatum', 'Perferendis assumenda rerum fugiat. Distinctio cumque eos quia repellat in. Eaque qui impedit deleniti velit veritatis.', 811.05, NULL, 'SN-62302453', NULL, 3, 'weeks', '2023-07-15 05:36:08', '2023-07-15 05:36:08'),
	(260, 66, 96, 'Et aut omnis vel modi ab ea.', 'aut-voluptatem-non-qui-quas-aspernatur-voluptas-quia', 'A omnis dolorum cum at adipisci accusantium iusto eum. Repellat voluptas quod et ullam perspiciatis. Repellendus dolore incidunt recusandae odit velit magnam quasi impedit. Eos doloribus voluptatem consequatur sit vero veritatis.', 974.44, NULL, 'SN-85523710', NULL, 2, 'months', '2023-07-15 05:36:08', '2023-07-15 05:36:08'),
	(261, 26, 30, 'Facilis et voluptates id possimus aliquid et.', 'reprehenderit-dolor-eum-similique-sint-enim-alias', 'Distinctio necessitatibus vero mollitia officiis. Ut quis harum aspernatur. Consequatur dolor et doloremque error minima voluptatem voluptas. Doloremque repudiandae nihil sed ea asperiores nemo.', 64.00, NULL, 'SN-71066565', NULL, 7, 'months', '2023-07-15 05:36:08', '2023-07-15 05:36:08'),
	(262, 22, 37, 'Ad nihil alias laborum sit.', 'odio-magnam-error-eveniet-distinctio-odio-et-maxime', 'Ut minima impedit deleniti ab ratione. Mollitia quia eum repellat cumque ad. Nam expedita ut repellat consequatur ut ut. Dolorum doloribus maxime aut et velit saepe.', 668.30, NULL, 'SN-39533954', NULL, 1, 'weeks', '2023-07-15 05:36:08', '2023-07-15 05:36:08'),
	(263, 15, 6, 'Reiciendis voluptatum perferendis deleniti.', 'voluptas-qui-sed-minima-ex-debitis', 'Soluta voluptatem beatae eos maiores. Beatae voluptatem adipisci maiores deleniti qui. Facilis quidem consequuntur asperiores aliquid eos qui fuga. Est tempora doloremque nesciunt dolorem fugiat ullam.', 386.09, NULL, 'SN-66672745', NULL, 9, 'weeks', '2023-07-15 05:36:08', '2023-07-15 05:36:08'),
	(264, 48, 120, 'Laudantium id est totam hic.', 'eaque-aut-quasi-sunt-et', 'Qui libero impedit laudantium eius quibusdam rerum ut. Necessitatibus sit aut accusantium assumenda et necessitatibus dolorem voluptatem.', 501.65, NULL, 'SN-49515316', NULL, 7, 'months', '2023-07-15 05:36:08', '2023-07-15 05:36:08'),
	(265, 42, 86, 'Voluptate nesciunt exercitationem vel a qui.', 'maxime-in-dolore-odio-omnis', 'Earum aut est reprehenderit ipsam in asperiores rerum nobis. Reprehenderit optio et iure. Qui aut odit et enim. Voluptatum et eaque ut vitae voluptate occaecati.', 714.05, NULL, 'SN-01556539', NULL, 1, 'days', '2023-07-15 05:36:08', '2023-07-15 05:36:08'),
	(266, 92, 100, 'Dolores odit hic tenetur repudiandae et aspernatur aut.', 'vitae-nobis-ipsum-repellendus-sunt', 'Enim sit neque totam nobis corrupti cumque repudiandae. Hic omnis suscipit quia facilis illum repellendus tempore. Officiis ut consectetur ipsum et laudantium aut. Qui quis suscipit laboriosam.', 889.68, NULL, 'SN-72939327', NULL, 8, 'weeks', '2023-07-15 05:36:08', '2023-07-15 05:36:08'),
	(267, 29, 80, 'Dolor ut exercitationem expedita autem nobis eius nulla.', 'ab-officia-sit-dignissimos-odit-dignissimos-repudiandae-magni', 'Nemo nobis hic et vitae facilis porro aut. Qui tempore ut et ut exercitationem quis minima. Eum laudantium deserunt maiores vel veritatis. Qui sint beatae laborum atque culpa asperiores hic. Est dolor cupiditate est facilis dolores rem veritatis.', 262.67, NULL, 'SN-92056216', NULL, 10, 'years', '2023-07-15 05:36:08', '2023-07-15 05:36:08'),
	(268, 65, 66, 'Cumque quisquam sequi assumenda architecto dolores aut sit.', 'reprehenderit-praesentium-odit-voluptatem-qui', 'Quos laudantium quae est excepturi et ipsa rerum quaerat. Aliquid non occaecati aut quidem. Non necessitatibus veniam ut iure omnis. Iusto quia animi velit unde velit hic.', 63.80, NULL, 'SN-82421574', NULL, 10, 'years', '2023-07-15 05:36:08', '2023-07-15 05:36:08'),
	(269, 79, 44, 'Beatae maiores debitis officiis.', 'nisi-accusantium-qui-maiores-commodi-sit-eaque-ipsam-aliquid', 'Suscipit eveniet consectetur amet amet minus ipsam cum et. Nulla est debitis ipsum sapiente temporibus nihil dignissimos quaerat. Ea voluptatem dolores error culpa. Rerum ipsam commodi eius voluptas est.', 65.06, NULL, 'SN-82684300', NULL, 6, 'days', '2023-07-15 05:36:08', '2023-07-15 05:36:08'),
	(270, 38, 2, 'Ut ad sunt dicta ipsam inventore praesentium autem et.', 'voluptate-aliquid-magnam-reprehenderit-eos', 'Autem itaque veritatis et illo. Quaerat et fugiat ullam dolores omnis blanditiis ut. At et inventore aliquam officia.', 256.66, NULL, 'SN-41914883', NULL, 2, 'weeks', '2023-07-15 05:36:08', '2023-07-15 05:36:08'),
	(271, 66, 49, 'Et nulla provident quia voluptas tempora in consectetur.', 'et-harum-autem-amet-non', 'Illo est ipsam omnis suscipit corrupti magnam molestiae. Non molestiae illo veritatis odio est sint. Autem minus eos voluptate. Dignissimos officia eaque delectus voluptatem delectus et occaecati et. Sit vero est necessitatibus vero velit eum aut.', 621.92, NULL, 'SN-37801856', NULL, 4, 'years', '2023-07-15 05:36:08', '2023-07-15 05:36:08'),
	(272, 19, 89, 'Velit reprehenderit eveniet numquam et doloremque accusantium perferendis.', 'iusto-eius-rerum-sequi-voluptatem-dolorum-sint-ea', 'Perferendis impedit tempore explicabo eum. Pariatur repellendus assumenda ex eos et ipsa veniam.', 76.72, NULL, 'SN-43607449', NULL, 9, 'years', '2023-07-15 05:36:08', '2023-07-15 05:36:08'),
	(273, 72, 118, 'Accusantium voluptate amet blanditiis autem et et et sunt.', 'qui-consequatur-voluptatem-voluptatem-iure-vel', 'Quo harum id molestias soluta dolorum. Facere voluptatum sed reprehenderit reprehenderit earum illum. Sunt aliquid esse soluta itaque deleniti.', 888.64, NULL, 'SN-47909239', NULL, 1, 'years', '2023-07-15 05:36:08', '2023-07-15 05:36:08'),
	(274, 48, 88, 'Nemo inventore earum earum dolore exercitationem.', 'dignissimos-modi-est-repellat-ex-laborum-voluptatibus-neque-molestiae', 'Exercitationem quis sint nam non impedit qui aut voluptatem. Dolor pariatur sint et ex assumenda sed. A quae et quis sint. Sunt pariatur accusamus deserunt id minima eveniet.', 704.85, NULL, 'SN-99901616', NULL, 5, 'months', '2023-07-15 05:36:08', '2023-07-15 05:36:08'),
	(275, 59, 32, 'Perferendis eum quidem non.', 'omnis-possimus-reprehenderit-culpa-labore', 'Unde sit neque quia distinctio facere aut est. Deleniti cumque perferendis quam vero veritatis.', 82.77, NULL, 'SN-86340734', NULL, 4, 'weeks', '2023-07-15 05:36:08', '2023-07-15 05:36:08'),
	(276, 56, 29, 'Eum sit excepturi et mollitia aut in.', 'recusandae-voluptas-nulla-perferendis-aperiam-sequi-magnam', 'Quaerat sunt suscipit fugit ut. Excepturi in aliquid numquam. Iure quidem non accusamus quidem rem soluta. Sit maiores rerum laudantium sit.', 387.35, NULL, 'SN-41962164', NULL, 8, 'days', '2023-07-15 05:36:08', '2023-07-15 05:36:08'),
	(277, 49, 49, 'Vitae ea perferendis sint quos enim quae.', 'ratione-totam-qui-molestiae-aut-tempore', 'Nesciunt harum veniam odit voluptate neque tempore ipsum. Pariatur unde in delectus et et omnis veniam. Mollitia at eaque aut modi illo ex. Delectus omnis exercitationem est dolor. Ut at eveniet dolores corporis.', 756.48, NULL, 'SN-45320653', NULL, 9, 'days', '2023-07-15 05:36:08', '2023-07-15 05:36:08'),
	(278, 44, 129, 'Assumenda incidunt voluptatum quos quia esse.', 'repellat-corrupti-quis-qui-dolorum-dolorum-voluptates-sapiente', 'Aspernatur dolor eos fugiat deleniti asperiores. Culpa assumenda tempore quo quia rerum.', 644.65, NULL, 'SN-99662421', NULL, 5, 'months', '2023-07-15 05:36:08', '2023-07-15 05:36:08'),
	(279, 10, 111, 'Nulla illum aut id aut et illo sed.', 'non-sit-molestiae-illo-et-voluptate-aut-quo', 'Mollitia est dolorem sit qui quo. Excepturi pariatur velit quaerat sequi aut debitis fuga.', 51.95, NULL, 'SN-61213893', NULL, 8, 'years', '2023-07-15 05:36:08', '2023-07-15 05:36:08'),
	(280, 68, 134, 'Minima sit nam ut eos tempora ratione.', 'et-quaerat-quo-quia-voluptatem-unde', 'Dolores exercitationem architecto nulla maxime aut corrupti sit. Molestiae fugit dolor nemo quibusdam perspiciatis qui velit magnam. Occaecati expedita qui exercitationem aliquam.', 952.48, NULL, 'SN-03116748', NULL, 9, 'years', '2023-07-15 05:36:08', '2023-07-15 05:36:08'),
	(281, 97, 61, 'Nihil ipsam voluptatem harum magni quam voluptatem et.', 'et-dolorum-fuga-ducimus-harum', 'Quis explicabo tenetur vel alias voluptatibus. Necessitatibus impedit assumenda incidunt et. Natus voluptatibus voluptatum veniam nesciunt similique. Necessitatibus laudantium nesciunt quia necessitatibus beatae.', 99.62, NULL, 'SN-31279586', NULL, 10, 'months', '2023-07-15 05:36:08', '2023-07-15 05:36:08'),
	(282, 51, 106, 'Ut expedita eveniet quasi qui veniam.', 'voluptates-eos-nisi-sit-placeat', 'Itaque qui sapiente ex exercitationem assumenda. Quidem et et eius aperiam delectus et. Optio expedita temporibus quis quia ducimus.', 894.51, NULL, 'SN-92287596', NULL, 3, 'years', '2023-07-15 05:36:08', '2023-07-15 05:36:08'),
	(283, 60, 56, 'Aut dolores distinctio rem necessitatibus.', 'non-maiores-qui-sed-consequatur-sed-officia', 'Et quas tempora odio similique et. Saepe harum quisquam quasi qui labore. Voluptas quia pariatur voluptatibus aut velit voluptas. Nulla tempore et fugit. Vero necessitatibus omnis commodi qui harum.', 279.90, NULL, 'SN-32869608', NULL, 1, 'days', '2023-07-15 05:36:08', '2023-07-15 05:36:08'),
	(284, 52, 92, 'Dolorem officia voluptas magnam animi voluptate aut deserunt.', 'iusto-accusantium-aliquid-atque', 'Debitis saepe qui adipisci et consequatur. Et vero voluptatem nostrum. Eos totam sed aut ad accusamus consequatur. Explicabo laudantium voluptas eum occaecati fuga cum ducimus.', 538.18, NULL, 'SN-96715979', NULL, 10, 'years', '2023-07-15 05:36:08', '2023-07-15 05:36:08'),
	(285, 35, 18, 'Quas laudantium tempora tenetur alias consequatur earum.', 'est-enim-rerum-ipsam-rerum-cumque-quae', 'Laborum eos repellendus reiciendis aspernatur magni voluptas suscipit nobis. Officia eum quidem asperiores vitae explicabo eveniet. Est cumque quia sit dolorum.', 91.81, NULL, 'SN-06893316', NULL, 8, 'days', '2023-07-15 05:36:08', '2023-07-15 05:36:08'),
	(286, 89, 38, 'Occaecati id quidem accusantium eius.', 'labore-non-nemo-tempora-pariatur-voluptatem-eveniet-reiciendis', 'Saepe repudiandae consequatur nostrum sit dignissimos quaerat sed. Qui mollitia inventore nostrum eum asperiores. Voluptatem omnis in sit.', 415.83, NULL, 'SN-24768190', NULL, 9, 'years', '2023-07-15 05:36:08', '2023-07-15 05:36:08'),
	(287, 47, 41, 'Iusto a tempora sint et dolores tempora.', 'dolor-veniam-quo-eveniet-amet-placeat-quidem-tenetur', 'Tenetur nesciunt maxime quia placeat assumenda in nam. Qui sit in debitis voluptatum necessitatibus non sint. Dolor sed laborum quidem unde. Aut adipisci ratione sunt minus et.', 941.20, NULL, 'SN-89391605', NULL, 7, 'days', '2023-07-15 05:36:08', '2023-07-15 05:36:08'),
	(288, 74, 107, 'Qui nesciunt quidem qui.', 'dolorem-beatae-quisquam-et-sed-aut-voluptatem-quam', 'Ipsa voluptatem et maiores aut quia voluptatem iusto aut. Et voluptatem ratione dolore minima dolores sed cumque. Itaque atque labore commodi ut quia. Molestiae ea hic odio. Optio molestias aut unde nobis numquam asperiores.', 747.32, NULL, 'SN-82331144', NULL, 6, 'years', '2023-07-15 05:36:08', '2023-07-15 05:36:08'),
	(289, 41, 4, 'Voluptas saepe qui et sit in modi.', 'optio-ullam-sint-molestias-totam-placeat-est', 'Eum quam rerum sit omnis veniam saepe quia. Quam ex aperiam aliquid consequuntur rerum ea. Fugit consequuntur quos quia dicta et a.', 91.37, NULL, 'SN-07438837', NULL, 6, 'days', '2023-07-15 05:36:08', '2023-07-15 05:36:08'),
	(290, 64, 41, 'Deleniti est laudantium qui veniam aliquid reiciendis.', 'quaerat-eos-sint-sint-omnis', 'Ipsa eos sed ut ut quae. Sapiente sunt molestias nobis. Accusantium ad velit quis omnis nulla. Nostrum ullam quidem ex nemo.', 720.40, NULL, 'SN-89897182', NULL, 5, 'years', '2023-07-15 05:36:08', '2023-07-15 05:36:08'),
	(291, 74, 111, 'Veritatis praesentium error dolorem temporibus doloribus corporis modi totam.', 'nesciunt-praesentium-sed-voluptatem-ipsum-tenetur', 'At in dolorem quod at quibusdam. Mollitia illum facilis odio qui maxime occaecati possimus. Voluptas voluptatem adipisci quia neque recusandae ipsum.', 610.29, NULL, 'SN-54769483', NULL, 6, 'weeks', '2023-07-15 05:36:08', '2023-07-15 05:36:08'),
	(292, 51, 72, 'At soluta a rerum sint enim provident.', 'totam-ut-blanditiis-dolorum-aliquid', 'Ut fugit aut saepe. Esse deserunt quam eaque et. Occaecati in eos aperiam cumque aliquam et consequatur.', 124.57, NULL, 'SN-90767632', NULL, 8, 'years', '2023-07-15 05:36:08', '2023-07-15 05:36:08'),
	(293, 44, 40, 'Atque magnam veniam ut sint perspiciatis voluptas.', 'eius-exercitationem-consequatur-velit-rerum-molestiae-non', 'Ipsam consequuntur autem sequi. Corporis unde accusantium possimus ab alias voluptas deserunt. Vero consequatur quidem veritatis in est. Illum eos amet tempora assumenda. Repellat incidunt aliquid dolores assumenda ut repellendus molestiae.', 596.25, NULL, 'SN-27400504', NULL, 10, 'days', '2023-07-15 05:36:08', '2023-07-15 05:36:08'),
	(294, 17, 119, 'Earum corrupti doloremque omnis dolores molestiae animi tempore ratione.', 'earum-unde-laboriosam-consequuntur-provident-tempora-repudiandae', 'Ea consequuntur ut doloremque perferendis cupiditate. Sit expedita omnis nihil vel quas. Iusto officiis qui et fuga animi sit.', 56.46, NULL, 'SN-00985315', NULL, 5, 'months', '2023-07-15 05:36:08', '2023-07-15 05:36:08'),
	(295, 68, 81, 'Placeat omnis magnam aut qui quis.', 'facere-sunt-tempore-ut-a', 'Et consequatur repudiandae veniam minus. Ea quo sed sit accusamus id nostrum error illum. Optio quod dolorum doloremque rerum ea tempora voluptas. Necessitatibus sed fuga quod explicabo.', 818.74, NULL, 'SN-17108900', NULL, 9, 'years', '2023-07-15 05:36:08', '2023-07-15 05:36:08'),
	(296, 41, 78, 'Sed debitis magnam illo nesciunt a.', 'architecto-dolor-repellendus-veritatis-voluptas-esse-ut', 'Temporibus consequatur sunt non porro explicabo. Quia eveniet labore et eaque neque ut id vitae. Quis ut saepe consequatur quia non maxime cupiditate.', 797.29, NULL, 'SN-03859108', NULL, 10, 'months', '2023-07-15 05:36:08', '2023-07-15 05:36:08'),
	(297, 33, 17, 'Sapiente qui dignissimos odio reiciendis.', 'beatae-nisi-exercitationem-sed-sequi-provident-sunt-animi', 'Et animi recusandae quae non quia voluptatem commodi debitis. Ex omnis sint rerum facere. Nihil odit repudiandae ut ut distinctio ab voluptatibus. Ut sit magnam natus minima ipsam.', 835.07, NULL, 'SN-24238322', NULL, 4, 'weeks', '2023-07-15 05:36:08', '2023-07-15 05:36:08'),
	(298, 30, 131, 'Fugiat saepe et veniam optio occaecati quisquam ex ea.', 'id-reprehenderit-similique-et', 'At quis modi voluptatem vel. Veniam unde quam id voluptatem.', 43.69, NULL, 'SN-32402213', NULL, 3, 'months', '2023-07-15 05:36:08', '2023-07-15 05:36:08'),
	(299, 59, 40, 'Dolor sit sed totam asperiores voluptatibus et.', 'doloremque-ut-omnis-repellendus-inventore-pariatur-consequatur-non', 'Error aspernatur et sunt expedita. Facere eum neque praesentium qui aut quidem ad. Enim animi ducimus eos ut vitae consequatur.', 112.77, NULL, 'SN-02652023', NULL, 3, 'days', '2023-07-15 05:36:08', '2023-07-15 05:36:08'),
	(300, 96, 101, 'Omnis at quos voluptatem maiores.', 'assumenda-quia-eum-in-enim-asperiores-quisquam-odit', 'Dolores adipisci architecto ab molestiae. Exercitationem non est tempora eveniet atque qui amet. Excepturi facilis eos voluptas cumque molestias ea deleniti natus.', 348.97, NULL, 'SN-78277489', NULL, 1, 'days', '2023-07-15 05:36:08', '2023-07-15 05:36:08'),
	(301, 35, 126, 'Quam aut asperiores qui quos adipisci aut molestiae accusantium.', 'id-nihil-illum-inventore-rerum-esse-quas', 'Quasi consequatur fuga enim cum enim ea sit impedit. Quis illum velit est tenetur exercitationem harum. Sit in impedit voluptatibus nisi commodi. Ut deleniti praesentium iure esse laborum ut. Rerum ullam assumenda quia aut.', 876.31, NULL, 'SN-42147059', NULL, 10, 'days', '2023-07-15 05:36:08', '2023-07-15 05:36:08'),
	(302, 56, 92, 'Totam laudantium et beatae voluptas.', 'inventore-consequatur-et-consequatur-molestias-corporis-beatae-hic', 'Fuga error soluta debitis adipisci. Ut qui aut ut pariatur quis unde molestiae. Dolor laboriosam molestiae molestias fugiat atque voluptas.', 248.52, NULL, 'SN-45484758', NULL, 5, 'weeks', '2023-07-15 05:36:08', '2023-07-15 05:36:08'),
	(303, 56, 40, 'Ex omnis dicta temporibus aut ea.', 'iusto-et-earum-laboriosam-cumque-officiis-possimus-quibusdam', 'Nostrum aliquid iste nisi necessitatibus autem et. Enim consequatur ut recusandae qui rerum. Provident dolore tenetur minus repellendus voluptatem omnis.', 384.85, NULL, 'SN-85747147', NULL, 2, 'weeks', '2023-07-15 05:36:08', '2023-07-15 05:36:08'),
	(304, 74, 73, 'Corporis id ipsam amet et ipsa quaerat sed qui.', 'mollitia-quidem-et-sed-repellat-omnis', 'Blanditiis commodi quaerat in aut neque. Cupiditate assumenda quia nisi ratione consequatur. Quae et est id aut qui veritatis harum explicabo. Architecto nulla sit incidunt non.', 320.71, NULL, 'SN-03887095', NULL, 6, 'weeks', '2023-07-15 05:36:08', '2023-07-15 05:36:08'),
	(305, 51, 131, 'Sit ea molestiae iure et tempora.', 'deleniti-recusandae-fugiat-sit-id-saepe-alias-aut', 'Asperiores ut nulla consequatur ipsum cupiditate quas culpa. Cumque ea velit enim sapiente commodi reiciendis occaecati deserunt. Qui tempora ipsum enim et dicta. Et sed ut et qui quis tempora quia.', 216.04, NULL, 'SN-40939446', NULL, 8, 'weeks', '2023-07-15 05:36:08', '2023-07-15 05:36:08'),
	(306, 33, 130, 'Debitis sequi exercitationem tempore nisi quo soluta.', 'at-qui-at-harum-nemo-et', 'Officia atque eum voluptate est et dolorem quo. Minima sit ipsam molestiae pariatur quisquam quibusdam placeat. Pariatur assumenda excepturi ipsam quo ex rerum. Soluta id suscipit ullam quidem.', 19.56, NULL, 'SN-12561063', NULL, 1, 'days', '2023-07-15 05:36:08', '2023-07-15 05:36:08'),
	(307, 3, 47, 'Suscipit dolorum ut sint quos aliquid sint consequatur.', 'a-maiores-voluptatem-vitae-tempora', 'Non ut qui eveniet quia neque omnis quas. Eum dicta aut earum quia quod vel omnis distinctio. Vitae unde recusandae quod ducimus quae quam. Est sit sed odio commodi libero ipsa.', 648.43, NULL, 'SN-93547736', NULL, 2, 'days', '2023-07-15 05:36:08', '2023-07-15 05:36:08'),
	(308, 49, 7, 'Reiciendis magni et rem molestiae expedita velit qui aliquam.', 'at-sed-velit-dolor-error-voluptas-vero-fugiat', 'Consequuntur similique ducimus aut ea ut facere. Culpa architecto consequatur unde deleniti voluptatem sit. Quibusdam dolores eum quis tempore. Cumque qui est explicabo quasi.', 440.19, NULL, 'SN-89621116', NULL, 4, 'years', '2023-07-15 05:36:08', '2023-07-15 05:36:08'),
	(309, 26, 116, 'Sequi nemo repellendus nobis veniam numquam delectus voluptatem.', 'deserunt-quis-eos-quia-porro-est-qui-quaerat', 'Reprehenderit et omnis et nihil. Consequatur voluptas ab excepturi sit eos provident eaque repellendus. Nisi mollitia odio sint doloribus et voluptas explicabo. Et dolores aut ut velit.', 472.72, NULL, 'SN-63089160', NULL, 5, 'years', '2023-07-15 05:36:08', '2023-07-15 05:36:08'),
	(310, 66, 43, 'Omnis tempora eos vel vero beatae et iusto.', 'ut-ab-exercitationem-et-ex-sapiente-sed', 'Excepturi impedit ea adipisci quaerat dolorem eaque aliquid quidem. Expedita explicabo quisquam excepturi animi sequi sed. Autem at quidem ullam velit quo.', 756.93, NULL, 'SN-48436154', NULL, 10, 'years', '2023-07-15 05:36:08', '2023-07-15 05:36:08'),
	(311, 35, 20, 'Itaque quia laudantium illum quibusdam.', 'et-asperiores-consectetur-quo-accusamus-commodi-deleniti-recusandae', 'Maiores numquam reprehenderit similique eum molestias. Ut et libero veritatis enim blanditiis. Non aut cum corporis ut quia omnis et autem. Occaecati et aut nihil minus excepturi facere non rerum.', 436.47, NULL, 'SN-64764530', NULL, 1, 'years', '2023-07-15 05:36:08', '2023-07-15 05:36:08'),
	(312, 87, 85, 'Consequuntur dolorem aut beatae.', 'quam-fugit-nisi-harum-dignissimos', 'Quibusdam adipisci architecto soluta voluptas totam id qui. Quo suscipit voluptatem nostrum consequatur qui dolorum atque delectus. Non maxime nihil commodi a mollitia ipsum ratione. Possimus dolorum omnis culpa sapiente consequuntur aut rem.', 612.38, NULL, 'SN-29928218', NULL, 9, 'months', '2023-07-15 05:36:08', '2023-07-15 05:36:08'),
	(313, 79, 120, 'Et aspernatur ut eaque rem.', 'eum-nihil-velit-aut-nisi-omnis-neque-voluptatibus', 'Ipsam non reiciendis inventore ad fugiat vitae rerum. Quaerat error perferendis sunt a cum architecto voluptates. Voluptatem vero odit debitis quod est. Enim rem quae ex mollitia quos sed. Mollitia atque quae ut.', 49.13, NULL, 'SN-33824323', NULL, 1, 'weeks', '2023-07-15 05:36:08', '2023-07-15 05:36:08'),
	(314, 22, 65, 'Amet minima occaecati et alias nisi dignissimos.', 'molestiae-exercitationem-consequuntur-asperiores-asperiores-est-officia', 'Pariatur earum qui sed reiciendis et eum aliquid. Dolores animi et possimus ducimus suscipit libero. Porro voluptatem dolorum quis quae qui. Odit qui doloribus tempora sint.', 780.73, NULL, 'SN-98615664', NULL, 10, 'years', '2023-07-15 05:36:08', '2023-07-15 05:36:08'),
	(315, 55, 6, 'Ratione quisquam autem pariatur aut.', 'eum-rerum-qui-a-omnis', 'Et consectetur iste ea fuga tenetur mollitia dolor aliquam. Eum ipsam qui autem. Ut blanditiis aperiam eligendi quod. Magni voluptas doloribus tenetur quis.', 201.31, NULL, 'SN-71423677', NULL, 5, 'months', '2023-07-15 05:36:08', '2023-07-15 05:36:08'),
	(316, 29, 54, 'Inventore nobis commodi beatae aut ut neque at.', 'laborum-ea-omnis-hic-dignissimos', 'Deserunt ratione eum nostrum modi sed ipsam facilis maiores. Odit consectetur quod eum repellat in nam incidunt aliquam. Nihil impedit animi aut magnam iure sunt inventore. Maxime omnis nihil quas est eius ut adipisci.', 627.78, NULL, 'SN-47043266', NULL, 5, 'weeks', '2023-07-15 05:36:08', '2023-07-15 05:36:08'),
	(317, 64, 87, 'Aut sed neque quasi et asperiores tenetur aut itaque.', 'dolores-laudantium-dolorum-rerum-est', 'Dolorem quia tempora amet odio iste sunt. Aut velit aut mollitia itaque aut. Distinctio tenetur impedit qui praesentium voluptas saepe ut nesciunt. Quo doloribus nostrum omnis perspiciatis atque aspernatur fuga.', 666.26, NULL, 'SN-54857278', NULL, 4, 'months', '2023-07-15 05:36:08', '2023-07-15 05:36:08'),
	(318, 76, 12, 'Quia non cumque dolores.', 'alias-ut-quam-iure-et-alias', 'Praesentium unde quia voluptate voluptas iure. Facere repellat vel dolorum saepe.', 808.06, NULL, 'SN-85249670', NULL, 3, 'years', '2023-07-15 05:36:08', '2023-07-15 05:36:08'),
	(319, 96, 42, 'Dignissimos ut amet libero.', 'facere-accusantium-delectus-voluptatum-nihil', 'Odit et sit quidem voluptatum. Harum vero deserunt ut enim commodi esse. Rerum assumenda in cumque.', 853.36, NULL, 'SN-63982992', NULL, 5, 'months', '2023-07-15 05:36:08', '2023-07-15 05:36:08'),
	(320, 26, 7, 'Sint fuga cum esse nihil itaque et labore.', 'ut-consequatur-minima-totam-libero-occaecati', 'Molestiae dolor nemo ut sunt. Sapiente vitae minus nihil est perspiciatis. Cum nobis quidem aut nemo illo. Est quae aut reprehenderit quia praesentium atque.', 824.79, NULL, 'SN-19104524', NULL, 10, 'years', '2023-07-15 05:36:08', '2023-07-15 05:36:08'),
	(321, 55, 100, 'Officia earum vel officia harum quisquam est.', 'odit-aut-illum-nemo-voluptates-optio-quis-quia', 'Voluptas voluptate sit vel perferendis aut cupiditate. Laborum commodi iure voluptatem quia doloremque quas repellendus. Eos consequatur blanditiis assumenda dolore aut.', 465.47, NULL, 'SN-46842250', NULL, 10, 'months', '2023-07-15 05:36:09', '2023-07-15 05:36:09'),
	(322, 23, 45, 'Expedita doloribus delectus ad aut culpa illum.', 'earum-voluptas-necessitatibus-incidunt-incidunt', 'Quo aut tenetur nostrum alias eos tenetur reprehenderit. Qui incidunt et et atque. Nisi sint est aut. Dolorem cumque magnam quo.', 621.16, NULL, 'SN-87523130', NULL, 4, 'months', '2023-07-15 05:36:09', '2023-07-15 05:36:09'),
	(323, 64, 95, 'Ducimus cumque nostrum nobis neque soluta.', 'minima-et-explicabo-velit-soluta-et-ratione', 'Est ea adipisci laborum animi itaque. Est temporibus fugit ad possimus dolorem. Quos sunt deleniti quam voluptas omnis non.', 742.53, NULL, 'SN-24567817', NULL, 9, 'months', '2023-07-15 05:36:09', '2023-07-15 05:36:09'),
	(324, 64, 112, 'Nobis quia ut et repellendus.', 'ut-ratione-qui-enim-amet-minima-nam', 'Et enim est maxime quas sed. Vel doloremque qui est aut natus porro necessitatibus cumque. Molestiae consequatur quisquam deleniti aut architecto autem.', 172.61, NULL, 'SN-51829633', NULL, 3, 'years', '2023-07-15 05:36:09', '2023-07-15 05:36:09'),
	(325, 93, 117, 'Sit architecto et vero magnam eveniet optio.', 'qui-omnis-quia-quo-ab-voluptatem-dolor', 'Autem sunt beatae maiores molestiae soluta dignissimos. Eum consequuntur mollitia et adipisci fugiat rerum ullam. Iste corporis nihil ipsum.', 968.23, NULL, 'SN-97591718', NULL, 5, 'months', '2023-07-15 05:36:09', '2023-07-15 05:36:09'),
	(326, 60, 94, 'Aperiam quidem nulla eaque fuga maiores facilis repellendus.', 'a-et-non-iusto-ut-et', 'Minima et tempora et dolorem alias aperiam itaque. Autem omnis rerum minus voluptas. Eligendi quidem expedita libero velit ipsum quis nesciunt. Quia fugit sed nulla esse. Rem et omnis assumenda fuga maxime facere eius maiores.', 338.51, NULL, 'SN-16117414', NULL, 4, 'weeks', '2023-07-15 05:36:09', '2023-07-15 05:36:09'),
	(327, 61, 68, 'Id adipisci iusto repellendus numquam iste dolorem.', 'facilis-non-et-dolore-quia-qui-natus-molestiae-omnis', 'Nam omnis est a nesciunt qui sequi qui. Inventore quidem culpa necessitatibus ut quas ut. Aperiam inventore iure illum qui incidunt sit. Atque excepturi aut ab maiores corporis. Facere assumenda dolores voluptas reiciendis eos animi vitae.', 112.49, NULL, 'SN-85424246', NULL, 1, 'months', '2023-07-15 05:36:09', '2023-07-15 05:36:09'),
	(328, 92, 103, 'Et quo aut consectetur et culpa aut nisi.', 'in-nam-recusandae-et-odit-ut-eos-aliquid', 'Recusandae ut omnis nobis. Porro quis blanditiis quaerat repellat neque. Et culpa ut et nemo. Sint ut eveniet iure rerum. Quidem temporibus quasi eaque doloremque est ea.', 360.05, NULL, 'SN-94030446', NULL, 8, 'days', '2023-07-15 05:36:09', '2023-07-15 05:36:09'),
	(329, 10, 91, 'Unde quia aspernatur non aut sed.', 'reprehenderit-omnis-tenetur-commodi-quaerat', 'Ratione mollitia cupiditate et culpa et. Dolore totam placeat dolorem necessitatibus ea in consequatur. Nemo sit quia ut quibusdam quod velit earum. Illo eos eos voluptatem animi facere maiores.', 840.36, NULL, 'SN-20197882', NULL, 10, 'days', '2023-07-15 05:36:09', '2023-07-15 05:36:09'),
	(330, 22, 125, 'Neque debitis minima numquam magnam ex velit.', 'quia-fugit-ut-quae-fugit-quisquam-quae-distinctio', 'Incidunt molestiae impedit nihil aliquam id ad. Laudantium modi odit fuga qui deleniti quo. Dolore consequuntur eos ut fugit. Ratione earum omnis beatae vel eum.', 324.43, NULL, 'SN-03169519', NULL, 10, 'weeks', '2023-07-15 05:36:09', '2023-07-15 05:36:09'),
	(331, 22, 2, 'Soluta cumque neque voluptatem rerum et saepe.', 'officiis-molestiae-deleniti-cum-voluptates-vel-occaecati', 'Aspernatur omnis blanditiis qui. Quo fugit reprehenderit consectetur earum quia. Voluptates ut dolorem ea cupiditate tempora delectus. Aut culpa qui sunt voluptatem provident.', 917.61, NULL, 'SN-96167723', NULL, 10, 'months', '2023-07-15 05:36:09', '2023-07-15 05:36:09'),
	(332, 38, 36, 'Et et tenetur quas.', 'rerum-quo-qui-et-accusantium-repudiandae-corrupti-quisquam', 'Nesciunt quibusdam officia alias amet placeat repellendus. Dolor temporibus laudantium soluta rerum tempora. Voluptatibus qui facilis ut repudiandae reprehenderit quasi fugit.', 252.18, NULL, 'SN-82534448', NULL, 4, 'months', '2023-07-15 05:36:09', '2023-07-15 05:36:09'),
	(333, 48, 92, 'Est voluptatem neque voluptatem hic.', 'occaecati-id-et-occaecati', 'Id debitis quia molestias saepe. Est vel ut ipsa rerum. Et nulla praesentium omnis repellendus rerum eum. Odio fugiat in quis veritatis ut voluptatem sint.', 276.59, NULL, 'SN-72259773', NULL, 5, 'years', '2023-07-15 05:36:09', '2023-07-15 05:36:09'),
	(334, 97, 69, 'Blanditiis esse laborum vel aut.', 'non-est-maiores-nam', 'Natus labore velit qui repellendus sunt. Id iusto laboriosam qui praesentium mollitia. In qui error voluptatem.', 692.48, NULL, 'SN-57640051', NULL, 6, 'years', '2023-07-15 05:36:09', '2023-07-15 05:36:09'),
	(335, 19, 2, 'Eum voluptatem quaerat et qui omnis dignissimos.', 'error-molestias-aperiam-voluptatem', 'Natus nihil quis maiores qui aspernatur sed. Officia et quod mollitia est fugiat ad veniam cumque. Iste dicta possimus aperiam laudantium libero in. Nesciunt inventore at aspernatur similique qui cum minus. Iure suscipit corporis id esse iure corrupti aliquid.', 654.05, NULL, 'SN-17381437', NULL, 3, 'months', '2023-07-15 05:36:09', '2023-07-15 05:36:09'),
	(336, 41, 128, 'Consectetur magni eum officiis impedit voluptatem nihil tempora aperiam.', 'cupiditate-deserunt-dolorem-aspernatur-labore-quasi-illum-molestiae-doloribus', 'Nulla porro ut ut natus. Rem praesentium autem voluptas eos. Illum voluptatem officia cum facilis sed excepturi. Unde sint quaerat ut sapiente.', 170.75, NULL, 'SN-63236144', NULL, 8, 'years', '2023-07-15 05:36:09', '2023-07-15 05:36:09'),
	(337, 17, 129, 'Earum maiores aut ipsam et nisi et.', 'minima-nesciunt-laborum-illum-ad-cumque', 'Esse est iusto eaque quos dicta cupiditate labore omnis. Cum ut dolorem voluptatem nisi molestias expedita ut. Alias fugiat numquam ex velit.', 385.97, NULL, 'SN-06457939', NULL, 1, 'weeks', '2023-07-15 05:36:09', '2023-07-15 05:36:09'),
	(338, 30, 58, 'Sequi laudantium autem dolores et quia laudantium.', 'sunt-commodi-non-modi-in-quo', 'Et sed a aliquid laborum. Nisi ipsam consectetur et a sunt repellendus. Corporis fuga vel rem.', 591.48, NULL, 'SN-76280738', NULL, 7, 'weeks', '2023-07-15 05:36:09', '2023-07-15 05:36:09'),
	(339, 15, 55, 'Aut unde saepe nesciunt quia omnis dolor exercitationem provident.', 'beatae-rerum-est-ipsum-odit-aut-voluptate-quos-repellat', 'Quaerat quod quaerat autem libero at magni. Ad consequatur blanditiis qui architecto eum. Ab sint amet pariatur corrupti sed molestiae.', 941.44, NULL, 'SN-12625228', NULL, 10, 'weeks', '2023-07-15 05:36:09', '2023-07-15 05:36:09'),
	(340, 59, 108, 'Sed eius magnam ut praesentium.', 'vitae-et-optio-odit-placeat', 'Soluta et delectus porro explicabo et in. Non quidem voluptatem sequi. Eos et accusamus asperiores similique quia.', 255.42, NULL, 'SN-46644661', NULL, 1, 'days', '2023-07-15 05:36:09', '2023-07-15 05:36:09'),
	(341, 65, 134, 'Praesentium aut soluta et ipsam.', 'a-ea-illo-voluptate', 'Magni hic eius tempora molestiae est voluptate. Eum itaque amet recusandae eius quam quis. Magnam aut temporibus omnis assumenda.', 384.29, NULL, 'SN-57275457', NULL, 7, 'weeks', '2023-07-15 05:36:09', '2023-07-15 05:36:09'),
	(342, 39, 88, 'Cupiditate voluptates ipsam nisi omnis enim inventore.', 'adipisci-eligendi-ullam-quia-corrupti-eius-deserunt-distinctio-id', 'Ut est officia earum sed. Voluptas voluptate ratione sed autem. Cumque eveniet neque ab quo exercitationem quos et. Sed quia ex eveniet enim sint.', 890.49, NULL, 'SN-92388358', NULL, 7, 'months', '2023-07-15 05:36:09', '2023-07-15 05:36:09'),
	(343, 47, 8, 'Libero cum recusandae est in aut rerum error.', 'et-cumque-rerum-explicabo-nisi-repudiandae-nulla', 'Dolorem quam culpa qui molestias beatae nihil. Delectus natus aut veniam error unde aut debitis provident. Amet necessitatibus dignissimos id mollitia dolorum omnis error. Fuga quisquam autem ea aliquid consequuntur sapiente ipsum rerum.', 301.81, NULL, 'SN-63348943', NULL, 7, 'months', '2023-07-15 05:36:09', '2023-07-15 05:36:09'),
	(344, 10, 18, 'Eum mollitia ducimus aut voluptatum.', 'illo-quo-dolor-voluptatibus-omnis-qui-voluptas', 'Voluptatum eum eum ut. Unde amet atque id repellat possimus non voluptas. Asperiores animi deleniti quidem hic minima molestiae accusantium.', 6.19, NULL, 'SN-84511462', NULL, 8, 'days', '2023-07-15 05:36:09', '2023-07-15 05:36:09'),
	(345, 97, 42, 'Eum recusandae et eius nihil voluptate.', 'ut-ut-deleniti-fuga', 'Impedit est consequatur ipsa accusamus est. Vel sit est laborum. Qui nulla id nostrum tempore perferendis rerum aliquid enim. Ipsam officia omnis corrupti dolores perferendis. Quas et sed labore harum voluptate.', 342.26, NULL, 'SN-67472575', NULL, 4, 'years', '2023-07-15 05:36:09', '2023-07-15 05:36:09'),
	(346, 38, 41, 'Omnis id numquam unde.', 'accusantium-reprehenderit-laboriosam-consequatur-suscipit-at-consequatur', 'Eligendi et minus omnis qui adipisci. Unde ducimus tempora nemo enim voluptas est. Omnis autem ut nihil tempora velit laudantium ex.', 42.84, NULL, 'SN-99134424', NULL, 2, 'weeks', '2023-07-15 05:36:09', '2023-07-15 05:36:09'),
	(347, 35, 70, 'Numquam sapiente excepturi error ut non sint sit.', 'facere-eligendi-ut-totam-harum-eum-quasi-voluptatem', 'Natus dolores aut nihil sint perferendis veritatis iure. Magnam est at qui commodi voluptatibus quis. Quaerat quas quos eaque sint. Sequi reprehenderit ducimus maxime voluptatem nam. Est molestiae id cum odit asperiores eos totam nobis.', 893.96, NULL, 'SN-62785720', NULL, 3, 'years', '2023-07-15 05:36:09', '2023-07-15 05:36:09'),
	(348, 47, 28, 'Quidem dignissimos vel nihil sed maxime expedita nihil nostrum.', 'sunt-quia-consequatur-quaerat-sed-consequuntur-ratione-quod', 'Quod id consequatur tempora sed temporibus vero. Voluptas non et est. Rerum aut non ea et est voluptatum. Modi rerum dolor et expedita ex et iure.', 785.19, NULL, 'SN-55247422', NULL, 8, 'years', '2023-07-15 05:36:09', '2023-07-15 05:36:09'),
	(349, 68, 67, 'Et aut doloremque quisquam reiciendis sed in rem.', 'beatae-aut-magni-qui', 'Aspernatur et sed doloribus rem et doloremque praesentium aut. Quo quae numquam est ducimus. Labore quia dignissimos quis ipsam sit. Quis asperiores placeat voluptatem corrupti cupiditate.', 279.03, NULL, 'SN-76681191', NULL, 9, 'years', '2023-07-15 05:36:09', '2023-07-15 05:36:09'),
	(350, 22, 50, 'Ipsa nostrum laboriosam enim tempora aspernatur enim.', 'totam-omnis-quisquam-rerum-ut-odit-consequuntur-neque-dolorum', 'Et ut est quo voluptatem odit totam tempora enim. Velit et dicta ipsum autem. Inventore ut in ut beatae ad exercitationem.', 311.05, NULL, 'SN-35836520', NULL, 10, 'years', '2023-07-15 05:36:09', '2023-07-15 05:36:09'),
	(351, 65, 5, 'Eos quia eaque voluptatum sit.', 'molestias-fugiat-assumenda-magnam-saepe-non', 'Veniam aut perferendis consequatur quis. Molestias aliquid nihil amet ab animi odio animi. Hic distinctio neque earum facere ratione.', 229.75, NULL, 'SN-05542848', NULL, 8, 'days', '2023-07-15 05:36:09', '2023-07-15 05:36:09'),
	(352, 73, 61, 'Rem non rem aut rerum qui quas.', 'assumenda-eius-velit-excepturi-deleniti-illum', 'Labore accusamus in sed neque fuga nobis sit. Voluptatem molestias dignissimos voluptatum veritatis optio. Reprehenderit unde at neque. Et consectetur a quia autem iusto molestiae eum.', 217.08, NULL, 'SN-83185823', NULL, 2, 'weeks', '2023-07-15 05:36:09', '2023-07-15 05:36:09'),
	(353, 45, 49, 'Distinctio beatae alias dicta repudiandae numquam corporis ad provident.', 'velit-sint-quidem-aspernatur-voluptatem', 'Dolorem quo minus autem qui consequatur enim. Magni nemo consequatur ut. Sed doloremque aperiam magni voluptate. Aut nam et facere ipsum est ut. Dolorem et rerum id velit.', 902.41, NULL, 'SN-47807376', NULL, 3, 'days', '2023-07-15 05:36:09', '2023-07-15 05:36:09'),
	(354, 44, 115, 'A consequatur delectus repellendus soluta sunt debitis excepturi veritatis.', 'est-facere-expedita-nihil-quaerat-deleniti', 'Fugit laudantium cupiditate eligendi iste ut facere. Corrupti facere enim velit voluptas et. Temporibus vero pariatur amet aliquam consequatur quas.', 307.90, NULL, 'SN-16523169', NULL, 9, 'weeks', '2023-07-15 05:36:09', '2023-07-15 05:36:09'),
	(355, 33, 44, 'Expedita nostrum nihil ut.', 'voluptas-repellat-fuga-ducimus-est-tenetur-unde-id', 'Neque et nulla eligendi autem et sapiente placeat. Possimus provident voluptate impedit corrupti qui. Repellendus voluptatem deleniti voluptas aut omnis libero.', 582.18, NULL, 'SN-80721298', NULL, 3, 'weeks', '2023-07-15 05:36:09', '2023-07-15 05:36:09'),
	(356, 46, 42, 'At vel porro aspernatur impedit voluptatibus vitae.', 'tenetur-dolore-vitae-pariatur-modi-facilis-sit-quia', 'Sed ut dicta accusantium aut quo eaque. Libero ut qui saepe ea voluptas. Dolorum qui voluptatibus quae id et. Omnis molestiae omnis nesciunt rerum fuga aperiam.', 203.87, NULL, 'SN-14259272', NULL, 8, 'months', '2023-07-15 05:36:09', '2023-07-15 05:36:09'),
	(357, 3, 20, 'Voluptates occaecati recusandae ullam est libero.', 'et-id-voluptatibus-aliquid', 'Ut blanditiis sequi voluptatum sit. Accusantium totam nemo sequi quos. Voluptas tempora aut ipsam.', 228.34, NULL, 'SN-83973739', NULL, 9, 'months', '2023-07-15 05:36:09', '2023-07-15 05:36:09'),
	(358, 71, 98, 'Aliquam possimus fugiat suscipit consequatur quaerat saepe sed dolore.', 'dolorem-est-odit-et-ex-aliquam-et-ad', 'Saepe dolor atque fugit unde deleniti. Ut est natus asperiores sint. Deserunt inventore culpa laborum perferendis sint. Repudiandae et est et doloremque tenetur non velit.', 498.19, NULL, 'SN-56662439', NULL, 9, 'years', '2023-07-15 05:36:09', '2023-07-15 05:36:09'),
	(359, 95, 50, 'Adipisci enim id unde saepe ea.', 'qui-ad-sunt-nesciunt-vel-omnis-eos-et-minima', 'Aut ullam totam numquam. Velit nobis veritatis magnam mollitia distinctio.', 234.82, NULL, 'SN-40618725', NULL, 3, 'months', '2023-07-15 05:36:09', '2023-07-15 05:36:09'),
	(360, 68, 77, 'Similique eveniet qui dicta dolores.', 'quasi-porro-iste-voluptatem-quia-repellat-asperiores-est', 'Itaque ipsam dolore aut error. Sed voluptatibus sunt quod pariatur nam ex. Eaque laboriosam ipsum voluptates sunt. Esse deserunt saepe magnam est eos dolorum aspernatur.', 632.59, NULL, 'SN-08371350', NULL, 9, 'days', '2023-07-15 05:36:09', '2023-07-15 05:36:09'),
	(361, 71, 64, 'Perspiciatis quasi est sunt corrupti odit enim voluptas.', 'consequatur-a-impedit-atque-ipsum', 'Facilis molestias dolor facilis sit. Quasi dolor eum voluptate voluptas aut voluptatum. Ut ipsam sint hic nobis occaecati quos consequatur.', 375.28, NULL, 'SN-69624351', NULL, 4, 'weeks', '2023-07-15 05:36:09', '2023-07-15 05:36:09'),
	(362, 45, 120, 'Adipisci aut et consequuntur ullam.', 'maxime-non-deserunt-est-ullam-quas-id', 'Cum non est aut ullam voluptatem sapiente et. Dolorem debitis assumenda culpa dolorum voluptas dolorem asperiores. Aut voluptates est asperiores quis sunt sit. Natus aut perspiciatis est quas sed at.', 786.64, NULL, 'SN-76023709', NULL, 4, 'weeks', '2023-07-15 05:36:09', '2023-07-15 05:36:09'),
	(363, 87, 93, 'Rerum ad aspernatur facilis esse voluptates eos quidem.', 'fugiat-delectus-enim-fuga-accusantium-sit', 'Tenetur dignissimos laborum voluptatem minus est dolorem praesentium. Eum magnam hic dolore maxime tenetur eos.', 798.76, NULL, 'SN-10852706', NULL, 6, 'weeks', '2023-07-15 05:36:09', '2023-07-15 05:36:09'),
	(364, 51, 58, 'Occaecati quidem minus fugiat non distinctio eaque.', 'quia-et-odit-eum', 'Dicta culpa minus eum odit. Odit quod quaerat vel consequuntur cumque aut. Non molestiae perspiciatis voluptas eum necessitatibus et inventore.', 102.29, NULL, 'SN-53764351', NULL, 9, 'days', '2023-07-15 05:36:09', '2023-07-15 05:36:09'),
	(365, 65, 117, 'Ut cumque rerum earum sint et et ut.', 'minima-et-est-excepturi-recusandae-id-ea-velit', 'Porro aliquid nostrum beatae aut voluptatem labore sapiente autem. Aut animi necessitatibus eum dolores natus. Nostrum rerum vero atque vel. Doloribus magnam quam animi vel. Laboriosam a ut molestiae ut rerum harum.', 86.44, NULL, 'SN-45699883', NULL, 7, 'months', '2023-07-15 05:36:09', '2023-07-15 05:36:09'),
	(366, 60, 88, 'Impedit et quia ut voluptates sit est soluta non.', 'qui-culpa-harum-voluptate-quaerat-voluptas', 'Qui tempore delectus officia nihil. Totam dolorem sequi dolorem quia dignissimos voluptas officiis. Provident vel sed cumque est dicta hic autem. Dignissimos aut quaerat repudiandae a dolorem cumque numquam dolor.', 375.18, NULL, 'SN-15449778', NULL, 4, 'months', '2023-07-15 05:36:09', '2023-07-15 05:36:09'),
	(367, 17, 89, 'Magnam libero vero magni voluptatibus est.', 'tempore-quas-dicta-et-et-distinctio-error', 'Quas architecto non quia sint. Aut ab quam quae quas aut. Quod et veniam magnam. Vitae nisi fugiat sunt placeat qui.', 566.32, NULL, 'SN-65827529', NULL, 2, 'years', '2023-07-15 05:36:09', '2023-07-15 05:36:09'),
	(368, 19, 95, 'Minus omnis vero voluptate.', 'qui-possimus-et-aliquam-eos-enim-et', 'Sint sed ipsam qui. Commodi quis laborum vitae deserunt adipisci omnis. In velit laborum exercitationem voluptatum molestiae nemo. Laudantium magnam mollitia et dolorum. Voluptas est numquam quo fuga.', 320.46, NULL, 'SN-40321520', NULL, 6, 'months', '2023-07-15 05:36:09', '2023-07-15 05:36:09'),
	(369, 47, 47, 'Fugit et ratione aliquam sit corporis tempore enim.', 'enim-dolore-accusamus-quos-vero-ducimus-ut-quaerat-et', 'Ullam omnis eius et debitis dolore quia voluptatem. Rerum sed deleniti eius deserunt maxime eos animi accusamus. Dolor deserunt illo cumque incidunt. Est unde ipsa neque et.', 971.00, NULL, 'SN-80942426', NULL, 8, 'days', '2023-07-15 05:36:09', '2023-07-15 05:36:09'),
	(370, 9, 73, 'Minima hic sit nesciunt ea cum a ex.', 'officia-eum-quis-et-temporibus-ratione-impedit-libero', 'Voluptatibus quae doloribus voluptate veritatis sit praesentium deleniti et. Enim accusantium dolorum eum ut eius. Magni odio suscipit earum est quam rerum minus. Est ut autem aut illum et labore vitae corporis.', 477.50, NULL, 'SN-77643101', NULL, 1, 'years', '2023-07-15 05:36:09', '2023-07-15 05:36:09'),
	(371, 10, 113, 'Quidem cumque nemo inventore ipsa reprehenderit ut optio odio.', 'et-molestiae-et-nobis-voluptatum-id-ut-ut', 'Sit magnam perspiciatis quaerat mollitia quia sed occaecati. Veritatis enim animi sequi occaecati provident. Vel iusto ut repellendus. Soluta eum at illo sed similique quia.', 68.04, NULL, 'SN-88997933', NULL, 1, 'days', '2023-07-15 05:36:09', '2023-07-15 05:36:09'),
	(372, 56, 95, 'Ut ea in qui quis ut sunt.', 'quam-eligendi-laborum-deleniti-alias', 'Voluptas nihil vitae cumque. Qui et sit debitis consequatur. Ipsa cupiditate itaque quod.', 545.63, NULL, 'SN-86774699', NULL, 7, 'days', '2023-07-15 05:36:09', '2023-07-15 05:36:09'),
	(373, 72, 1, 'Assumenda sapiente vel voluptas quia ab doloribus nesciunt.', 'quaerat-dolores-tenetur-magni-fugit-aliquid', 'Ab recusandae ut numquam. Harum in culpa perferendis quos. Facilis ad quia officia. Commodi est optio porro est omnis. Maiores libero asperiores et libero incidunt.', 821.13, NULL, 'SN-71376475', NULL, 6, 'weeks', '2023-07-15 05:36:09', '2023-07-15 05:36:09'),
	(374, 10, 29, 'Nesciunt sed mollitia aut repellat doloremque non ut.', 'autem-optio-quis-in', 'Vel et aspernatur cupiditate aut dicta et. Amet mollitia sunt libero mollitia consequatur tempore aliquid. Quia sit et sit ipsum aliquid.', 473.65, NULL, 'SN-03096096', NULL, 10, 'months', '2023-07-15 05:36:09', '2023-07-15 05:36:09'),
	(375, 30, 76, 'Unde animi voluptatem distinctio.', 'et-ex-nam-quo-quo-asperiores-dolores-accusantium', 'Vitae alias autem consectetur placeat accusantium. Totam consectetur esse eligendi nemo commodi amet labore. Eos est assumenda sit architecto fugiat et. Eos aperiam ut molestiae minus aut suscipit.', 734.22, NULL, 'SN-42945412', NULL, 1, 'months', '2023-07-15 05:36:09', '2023-07-15 05:36:09'),
	(376, 26, 108, 'Qui laudantium voluptatem consectetur consequatur velit corrupti libero aut.', 'enim-dolor-suscipit-ut-ipsam-ea', 'Autem est sequi non qui at inventore praesentium. Sequi nisi et aut nostrum quidem consectetur voluptatum amet. Ad culpa dolor ut maiores recusandae ipsa. Ut facilis accusantium omnis sit voluptatem est.', 631.27, NULL, 'SN-69795227', NULL, 8, 'years', '2023-07-15 05:36:09', '2023-07-15 05:36:09'),
	(377, 87, 127, 'Eum est quo soluta dignissimos sit esse sed.', 'nam-nisi-quia-fuga-incidunt-dolores-labore', 'Dolorem hic sunt temporibus a dolores. Et qui repudiandae laborum alias.', 157.19, NULL, 'SN-61972964', NULL, 1, 'weeks', '2023-07-15 05:36:09', '2023-07-15 05:36:09'),
	(378, 22, 121, 'A impedit sed aliquid sit et hic quisquam ad.', 'et-tempora-mollitia-omnis-amet', 'Fuga doloribus mollitia nihil nam aut sunt. Eum ut molestias vero omnis ratione. Itaque odio qui atque dolorem magni recusandae placeat. Doloribus earum mollitia delectus impedit sed eum.', 816.28, NULL, 'SN-06791768', NULL, 5, 'days', '2023-07-15 05:36:09', '2023-07-15 05:36:09'),
	(379, 84, 3, 'Reiciendis consectetur beatae voluptatem sapiente aut ut.', 'accusamus-provident-dolores-nobis-rerum-corporis-impedit', 'Pariatur et ut earum officia error. Sit deserunt repellendus quas velit explicabo reiciendis. Fuga assumenda qui hic numquam. Rem rem earum reprehenderit odio rerum voluptatem.', 812.27, NULL, 'SN-32969026', NULL, 7, 'days', '2023-07-15 05:36:09', '2023-07-15 05:36:09'),
	(380, 19, 41, 'Officia quia magnam est et.', 'et-at-id-eveniet-labore-id-rerum-vitae-sed', 'Voluptas excepturi similique ut reiciendis expedita quaerat. Ut autem ipsa exercitationem non. In animi necessitatibus iste dolores quod exercitationem. Ad in sed reprehenderit.', 621.95, NULL, 'SN-43312497', NULL, 8, 'years', '2023-07-15 05:36:09', '2023-07-15 05:36:09'),
	(381, 73, 60, 'Ratione inventore neque laboriosam.', 'aliquam-ut-aut-deleniti-culpa-in-nam', 'Explicabo omnis et ab quasi. Enim sunt beatae aperiam error eum quis dignissimos. Et maxime asperiores amet ullam officiis neque ut.', 318.67, NULL, 'SN-68692226', NULL, 5, 'years', '2023-07-15 05:36:09', '2023-07-15 05:36:09'),
	(382, 96, 50, 'Alias dicta qui exercitationem cupiditate ut.', 'sint-culpa-totam-unde', 'Quia eligendi quia quia qui. Et fugit amet eum vero ad. Eos mollitia illum nostrum qui pariatur corrupti sit.', 451.07, NULL, 'SN-99134942', NULL, 3, 'weeks', '2023-07-15 05:36:09', '2023-07-15 05:36:09'),
	(383, 49, 106, 'Excepturi ipsum sed voluptas accusantium quis eum aut.', 'eius-et-molestias-provident-qui-pariatur-aut', 'Ratione unde excepturi exercitationem dolore repudiandae. Et magni quo odio vitae illo praesentium. Non dignissimos nesciunt perferendis eos error. Eos sed sunt nesciunt aspernatur libero eum.', 742.10, NULL, 'SN-73266229', NULL, 6, 'months', '2023-07-15 05:36:09', '2023-07-15 05:36:09'),
	(384, 39, 69, 'Et labore quam voluptatem velit voluptas ullam at.', 'dolorem-deleniti-at-dolores-mollitia', 'Porro porro non reprehenderit qui. Similique ut vel ut et sed suscipit nam est. Sed aliquid fugiat enim non ullam voluptatem.', 936.97, NULL, 'SN-67410283', NULL, 9, 'years', '2023-07-15 05:36:09', '2023-07-15 05:36:09'),
	(385, 48, 125, 'Reiciendis dolorum earum facere dolor aut veniam eos.', 'voluptates-sequi-expedita-voluptas-quam-molestiae', 'Quasi cupiditate sit doloribus. Sit velit quos delectus accusantium nesciunt asperiores. Expedita blanditiis voluptatibus voluptas autem amet sed nam. Quas repellendus non optio nihil eum non.', 125.10, NULL, 'SN-31349694', NULL, 2, 'weeks', '2023-07-15 05:36:09', '2023-07-15 05:36:09'),
	(386, 95, 61, 'Quibusdam veritatis ratione quia voluptates dolor.', 'sint-vitae-ratione-reprehenderit-voluptatem', 'Aut vitae aut qui vitae. Minus consequatur deserunt exercitationem quasi. Et neque iste aspernatur a.', 523.46, NULL, 'SN-05568027', NULL, 7, 'years', '2023-07-15 05:36:09', '2023-07-15 05:36:09'),
	(387, 35, 22, 'Repudiandae quae ea quasi iste alias cupiditate ex.', 'corporis-veniam-eaque-sequi-nulla', 'Sit aut atque deleniti consequatur quis est. Eveniet harum ad quas facere culpa. Consequatur consequatur error ducimus dignissimos sit voluptatem.', 366.88, NULL, 'SN-24656942', NULL, 2, 'months', '2023-07-15 05:36:09', '2023-07-15 05:36:09'),
	(388, 26, 83, 'Cumque fugiat repellat distinctio asperiores aut voluptas.', 'pariatur-non-commodi-recusandae-voluptatem-fugit-doloremque-sequi', 'Iure quia voluptatum modi et non. Tempora quia qui amet recusandae maiores. Eos asperiores velit quos perspiciatis beatae repellat. Adipisci error et fugit quia.', 349.69, NULL, 'SN-09606559', NULL, 9, 'months', '2023-07-15 05:36:09', '2023-07-15 05:36:09'),
	(389, 97, 32, 'Iure enim fugiat rerum atque error aut.', 'mollitia-ipsum-molestiae-necessitatibus', 'Ut fugit minima non iure. Ipsam vel saepe temporibus et velit dolores nobis. Temporibus cum illo nam molestiae eveniet eius. Enim atque consequuntur rerum dolor quasi.', 239.77, NULL, 'SN-46282262', NULL, 6, 'days', '2023-07-15 05:36:09', '2023-07-15 05:36:09'),
	(390, 64, 73, 'Doloribus officia alias aliquid qui aut asperiores iure ipsam.', 'sint-impedit-a-natus-id-vero-adipisci-blanditiis', 'Est unde velit vel consequatur voluptas eveniet. At aut ea alias nemo expedita. Quia molestiae iste ea voluptas. Exercitationem quia nihil praesentium est.', 352.76, NULL, 'SN-74579300', NULL, 10, 'weeks', '2023-07-15 05:36:09', '2023-07-15 05:36:09'),
	(391, 60, 9, 'Dolor sint sed qui aut modi laboriosam expedita.', 'voluptatem-non-exercitationem-ducimus-ab-ut', 'Iure voluptatem qui cupiditate provident. Autem voluptate sit provident sint. Mollitia sapiente eum id doloribus.', 13.47, NULL, 'SN-81310992', NULL, 8, 'months', '2023-07-15 05:36:09', '2023-07-15 05:36:09'),
	(392, 49, 135, 'Recusandae laudantium veritatis eligendi deserunt quia dolor quam excepturi.', 'soluta-nesciunt-culpa-voluptates-cupiditate-vitae-ullam', 'Delectus praesentium eaque consequuntur rerum qui ratione vitae. Sunt at sit autem ad id qui voluptatum in. Dolor enim ducimus consequatur.', 780.07, NULL, 'SN-17091057', NULL, 6, 'weeks', '2023-07-15 05:36:09', '2023-07-15 05:36:09'),
	(393, 61, 85, 'Libero accusantium voluptatem sit ad sunt.', 'hic-sunt-est-quis-inventore', 'Ipsa itaque aut inventore quia laudantium. Sit qui ut voluptatibus dicta ea sit qui. Nobis ab similique praesentium dolores impedit. Maxime aut saepe ut.', 555.06, NULL, 'SN-53858895', NULL, 9, 'days', '2023-07-15 05:36:09', '2023-07-15 05:36:09'),
	(394, 9, 109, 'Eum quas voluptas repellendus nemo iste repellat sed.', 'dolorum-iste-illum-provident-nisi-est-molestiae', 'Dolor earum aut natus ea sint. Eum repellat quod enim id sit quisquam. Necessitatibus hic a aut dignissimos. Maxime rerum sed accusamus ut.', 902.62, NULL, 'SN-33319995', NULL, 6, 'days', '2023-07-15 05:36:09', '2023-07-15 05:36:09'),
	(395, 68, 43, 'Aliquam molestiae expedita reiciendis.', 'dicta-voluptas-et-ut', 'Magnam ut accusantium sapiente ea vitae. Quo amet assumenda ducimus maiores iste minima.', 553.53, NULL, 'SN-96666683', NULL, 9, 'years', '2023-07-15 05:36:09', '2023-07-15 05:36:09'),
	(396, 38, 52, 'Nobis fugiat dolorum dolores ipsa perferendis.', 'et-vero-sequi-quia-eligendi-ratione-voluptatem-similique', 'Non est voluptates maxime eos corrupti recusandae. Est asperiores rerum expedita quo laborum dolorem vero numquam. Ratione omnis quaerat ut natus dolorem. Impedit laudantium quod ut qui similique error laudantium autem.', 179.86, NULL, 'SN-37172346', NULL, 5, 'years', '2023-07-15 05:36:09', '2023-07-15 05:36:09'),
	(397, 46, 66, 'Est illum autem saepe blanditiis.', 'quidem-sequi-quidem-commodi-corporis-voluptatum-accusantium-quos', 'Maiores animi non voluptatem incidunt sit asperiores alias. Sit animi totam et ipsam perferendis totam ad molestiae. Nihil aut qui aut nihil nulla quaerat. Qui atque minus voluptatibus provident est in. A nobis enim nemo earum incidunt.', 590.58, NULL, 'SN-46908216', NULL, 4, 'years', '2023-07-15 05:36:09', '2023-07-15 05:36:09'),
	(398, 15, 99, 'Quibusdam sequi corrupti incidunt nobis illum sit aliquid.', 'reprehenderit-cum-est-quisquam-eveniet-illo-laborum-dolorum', 'Rerum enim vel a repellendus modi et accusantium odit. Reprehenderit nobis harum possimus et ut. Qui dolorem natus non qui perferendis doloremque voluptates. Debitis incidunt fugit accusamus modi voluptas dolor labore.', 295.54, NULL, 'SN-84386009', NULL, 1, 'years', '2023-07-15 05:36:09', '2023-07-15 05:36:09'),
	(399, 26, 110, 'Accusamus in odit neque veniam dignissimos.', 'labore-sunt-sapiente-quo-labore-dolor-nam', 'Iste sed ab omnis labore voluptatem. Aut facilis quia id quia eos. Quisquam iusto temporibus facilis error nesciunt. Voluptate enim temporibus harum.', 542.55, NULL, 'SN-94563474', NULL, 3, 'months', '2023-07-15 05:36:09', '2023-07-15 05:36:09'),
	(400, 9, 33, 'Ut delectus in architecto facilis.', 'facilis-error-laborum-veritatis', 'Culpa molestiae perspiciatis aut eum. Fugiat ipsa aut omnis labore. Praesentium odit eum qui quasi mollitia et consequuntur. Ut omnis facilis inventore minus.', 583.05, NULL, 'SN-96450563', NULL, 7, 'days', '2023-07-15 05:36:09', '2023-07-15 05:36:09'),
	(401, 9, 38, 'Corrupti cumque fugiat consequatur rerum.', 'repellat-labore-voluptatem-harum-blanditiis', 'Quam architecto quibusdam possimus enim. Consequatur dolore repellendus aspernatur quia. Incidunt eos qui omnis facere.', 137.12, NULL, 'SN-47450284', NULL, 7, 'months', '2023-07-15 05:36:09', '2023-07-15 05:36:09'),
	(402, 79, 129, 'Velit expedita tempora inventore incidunt.', 'vel-optio-occaecati-vero-voluptatem', 'Voluptatem facilis doloribus earum corrupti qui. Maiores est doloremque molestiae accusantium dolores. Perferendis sit labore mollitia illum est aut architecto corrupti.', 139.56, NULL, 'SN-33103494', NULL, 6, 'months', '2023-07-15 05:36:09', '2023-07-15 05:36:09'),
	(403, 52, 11, 'Eum et occaecati facere odit odio ipsum.', 'dicta-sit-officiis-quibusdam-natus-sit', 'Quae dolores pariatur voluptatem ipsam quos dolor. Tempora minus atque ratione aliquam veritatis omnis. Sed aut praesentium neque vitae illum ut.', 461.78, NULL, 'SN-10958703', NULL, 3, 'days', '2023-07-15 05:36:09', '2023-07-15 05:36:09'),
	(404, 57, 49, 'Quam libero voluptas explicabo consequatur officia.', 'perferendis-ad-sit-molestiae-at-culpa-reiciendis', 'Aut id dolor id reiciendis quae enim nihil. Doloremque rerum quia omnis architecto eaque aut numquam voluptas.', 415.90, NULL, 'SN-88660113', NULL, 4, 'months', '2023-07-15 05:36:09', '2023-07-15 05:36:09'),
	(405, 52, 84, 'Harum ut repellat ea explicabo.', 'numquam-quia-accusantium-rerum-aut-laboriosam-laudantium-libero', 'Laborum maxime aut qui maiores. Quam enim et et maxime rerum est. Harum minima facilis enim nostrum et.', 490.82, NULL, 'SN-20500211', NULL, 6, 'years', '2023-07-15 05:36:09', '2023-07-15 05:36:09'),
	(406, 46, 37, 'Ea saepe nisi et nobis dolor unde.', 'id-ut-illo-et-saepe', 'Ipsum quo blanditiis ullam debitis sint repudiandae. Fuga commodi voluptatem aut soluta qui iste nisi. Cum cum dolorem quo animi magnam velit. Nam minus a et modi veritatis et non corrupti. Autem consequatur est nulla natus id sit magnam cum.', 260.82, NULL, 'SN-68696097', NULL, 1, 'years', '2023-07-15 05:36:09', '2023-07-15 05:36:09'),
	(407, 3, 10, 'Veniam nulla ut dolorum quidem.', 'incidunt-eos-sunt-corporis-commodi-maiores-eum-ipsa', 'Dolorem voluptatem dolor unde est ducimus repellendus cumque laborum. Incidunt ut iste natus impedit numquam est suscipit. Laborum porro sit quibusdam ipsum ea. Fugit consequatur fuga expedita illo eius.', 425.18, NULL, 'SN-53628695', NULL, 8, 'weeks', '2023-07-15 05:36:09', '2023-07-15 05:36:09'),
	(408, 66, 64, 'Cumque cupiditate sit quae numquam quia vel.', 'reprehenderit-animi-sint-voluptatem-sit-unde', 'Id dolores in nam sunt blanditiis eos. Maxime necessitatibus quia assumenda atque et et. Animi explicabo quam cupiditate nulla rerum architecto facere.', 424.52, NULL, 'SN-22099323', NULL, 2, 'years', '2023-07-15 05:36:09', '2023-07-15 05:36:09'),
	(409, 59, 49, 'In sed ex quasi quo est tempore dicta.', 'voluptas-et-doloremque-at-sunt-quia', 'Et et voluptatem eius blanditiis. Quia sint aut eveniet accusamus. Labore officia ut rerum eos aliquam repellendus quas. Non nihil occaecati alias enim dolorum quisquam.', 391.26, NULL, 'SN-51848402', NULL, 4, 'months', '2023-07-15 05:36:09', '2023-07-15 05:36:09'),
	(410, 48, 28, 'Quae odio illo dicta mollitia voluptatibus facere voluptatem.', 'molestias-suscipit-sapiente-ipsa-sequi-autem-quis', 'Porro commodi facere rem omnis cupiditate. Dolore asperiores eos laborum ab est molestiae possimus. Recusandae ea saepe non repellendus.', 170.59, NULL, 'SN-22342367', NULL, 1, 'months', '2023-07-15 05:36:09', '2023-07-15 05:36:09'),
	(411, 61, 37, 'A laboriosam aut in doloremque qui.', 'ipsa-ea-molestiae-eius-non-consequuntur', 'Sunt nihil dolor esse modi quia. Velit illum cumque rerum rem dolore repellat. Ut impedit similique dolores voluptas consequuntur.', 877.34, NULL, 'SN-38550446', NULL, 4, 'days', '2023-07-15 05:36:09', '2023-07-15 05:36:09'),
	(412, 30, 69, 'Aut soluta ducimus unde officiis ratione.', 'dolore-officiis-possimus-quas-molestiae-id-est-aut-quibusdam', 'Repellat id dolore quaerat tempora dolore. Earum corporis necessitatibus distinctio dolores.', 570.07, NULL, 'SN-91816049', NULL, 4, 'days', '2023-07-15 05:36:09', '2023-07-15 05:36:09'),
	(413, 65, 2, 'Delectus excepturi excepturi laboriosam animi porro corporis.', 'facilis-in-officiis-tempore-non-ad-accusantium-quidem', 'Eius omnis illum sequi ipsam molestias. Inventore dolorem dicta enim ipsum et. Aut vitae dolore autem modi. Consequatur laboriosam ut ducimus quia doloremque sunt temporibus.', 431.40, NULL, 'SN-29284695', NULL, 4, 'days', '2023-07-15 05:36:09', '2023-07-15 05:36:09'),
	(414, 48, 61, 'Assumenda nostrum quia officiis accusantium.', 'autem-blanditiis-iusto-voluptatum-vero-laborum-error-libero-eum', 'Quas vel consequatur quibusdam enim dolore nisi et aliquid. Aspernatur ut fuga quae voluptatum esse recusandae aut enim. Assumenda voluptates a officiis laboriosam autem quibusdam sit.', 592.76, NULL, 'SN-45851689', NULL, 7, 'months', '2023-07-15 05:36:09', '2023-07-15 05:36:09'),
	(415, 22, 95, 'Iste totam dolores voluptatem et sunt eius est enim.', 'consequatur-labore-velit-aliquam-natus-a-nostrum-quia', 'Voluptas facilis aspernatur occaecati rem accusantium distinctio. Voluptas ut explicabo ut quibusdam qui harum. Saepe minima dolor hic officiis doloribus voluptatibus. Aut qui dolorum nobis.', 898.25, NULL, 'SN-75281232', NULL, 5, 'weeks', '2023-07-15 05:36:09', '2023-07-15 05:36:09'),
	(416, 52, 34, 'Ut similique beatae corporis quia eos.', 'sed-consequuntur-ad-reiciendis-temporibus-sit-et-velit-incidunt', 'Voluptatum quia esse et illum. Quia fuga id pariatur deleniti iure voluptatum cum. Deleniti molestias quam repudiandae veritatis eveniet eos rem. Voluptas repellat molestiae tempore libero voluptatem sed.', 556.88, NULL, 'SN-20134791', NULL, 2, 'years', '2023-07-15 05:36:09', '2023-07-15 05:36:09'),
	(417, 79, 86, 'Fuga sit distinctio culpa minima et sunt corporis.', 'aut-totam-beatae-dicta-culpa-quos-similique-voluptatem-numquam', 'Illum placeat autem dicta quia. Deleniti quis saepe pariatur quia velit. Officia aut omnis rem pariatur voluptatibus.', 161.97, NULL, 'SN-55731389', NULL, 6, 'weeks', '2023-07-15 05:36:09', '2023-07-15 05:36:09'),
	(418, 26, 77, 'Et officia quas velit est voluptas recusandae voluptate.', 'non-consectetur-non-atque-omnis-minima-quibusdam-numquam', 'Aut nihil aut ea velit laudantium pariatur. Et voluptatum perspiciatis vel error ullam. Saepe quasi tempore minima est quasi voluptas quae et. Est at quia nostrum quo nemo et quae optio.', 508.64, NULL, 'SN-46979041', NULL, 10, 'days', '2023-07-15 05:36:09', '2023-07-15 05:36:09'),
	(419, 26, 26, 'Quia non ut tenetur occaecati assumenda.', 'et-aut-cum-aut-et-qui-autem', 'Quia dolores saepe quasi quia dolores aperiam natus accusamus. Doloremque iusto sit qui. Et eum voluptatem illum eligendi non placeat modi qui.', 192.25, NULL, 'SN-93445994', NULL, 8, 'days', '2023-07-15 05:36:09', '2023-07-15 05:36:09'),
	(420, 19, 29, 'Sed excepturi enim et.', 'assumenda-et-perspiciatis-dolor-consectetur-quis-asperiores', 'Quibusdam laboriosam corrupti eos. Dicta earum provident labore cum. Sit veritatis molestiae autem inventore voluptas nihil.', 658.76, NULL, 'SN-26250134', NULL, 6, 'years', '2023-07-15 05:36:09', '2023-07-15 05:36:09'),
	(421, 72, 113, 'Reprehenderit deleniti numquam necessitatibus totam earum qui.', 'sit-et-illum-quo-illum-rerum', 'Eligendi corrupti beatae voluptatibus possimus animi possimus tempore. Corrupti facere repudiandae tenetur sed et rerum perspiciatis. Dolor occaecati placeat aliquam eum fuga voluptate. Dolores cupiditate facere dolore possimus sapiente totam. Molestiae est est nam repellat sequi quos in corrupti.', 593.79, NULL, 'SN-90995857', NULL, 8, 'weeks', '2023-07-15 05:36:09', '2023-07-15 05:36:09'),
	(422, 49, 9, 'Sint quis repellendus officia quam perspiciatis nihil voluptas.', 'numquam-voluptatibus-incidunt-velit-commodi', 'Qui nesciunt eum ut nemo aliquid error. Voluptatum animi occaecati blanditiis debitis. Quia quia provident quis quos sed.', 917.57, NULL, 'SN-57725979', NULL, 8, 'months', '2023-07-15 05:36:09', '2023-07-15 05:36:09'),
	(423, 52, 113, 'Aut numquam aliquid facilis corporis quo quia.', 'est-eveniet-aut-cum-ex-eligendi-totam', 'Iusto occaecati qui excepturi reiciendis. Sed ea non eos quis non ad. Sint dolor est ipsum est quam est voluptatibus dolor. Sint dolore incidunt rem sed quia minima dolores.', 383.83, NULL, 'SN-77954521', NULL, 8, 'months', '2023-07-15 05:36:09', '2023-07-15 05:36:09'),
	(424, 22, 63, 'Id temporibus ut et quis sit quia.', 'aut-quo-consectetur-accusantium-quia-dolorem-beatae', 'Reiciendis fugiat atque delectus omnis fuga qui architecto. Laudantium voluptatem exercitationem odit dignissimos. Vero omnis doloribus temporibus dolore molestias. Voluptas explicabo ullam vel voluptatibus.', 20.33, NULL, 'SN-49463901', NULL, 9, 'weeks', '2023-07-15 05:36:09', '2023-07-15 05:36:09'),
	(425, 9, 72, 'Accusamus nobis doloremque repellendus accusamus.', 'minima-non-facilis-totam-sunt-perspiciatis-laudantium-quo-tenetur', 'Provident pariatur soluta sunt nobis maiores dolor. Libero porro est aspernatur voluptatibus officia amet. Ut rerum iste eaque enim asperiores pariatur eveniet.', 782.72, NULL, 'SN-37367072', NULL, 4, 'days', '2023-07-15 05:36:09', '2023-07-15 05:36:09'),
	(426, 76, 123, 'Asperiores neque sint qui.', 'voluptatem-ipsa-quia-vitae-itaque-magni-tenetur', 'Neque consectetur aspernatur adipisci quidem error. Debitis doloremque qui vero voluptatem alias qui. Excepturi dolorem quia impedit sit ex. Animi sunt non id voluptatem esse.', 52.24, NULL, 'SN-27355919', NULL, 1, 'years', '2023-07-15 05:36:09', '2023-07-15 05:36:09'),
	(427, 71, 32, 'Ut accusantium repellat exercitationem commodi.', 'laborum-eaque-fuga-ea', 'Voluptatem qui saepe repudiandae. Quibusdam qui quo ipsam sapiente vel unde voluptas. Qui quo dolorum optio quae. Eum aliquid rerum est ullam id nisi est. Et porro explicabo deserunt qui mollitia expedita quibusdam nobis.', 52.98, NULL, 'SN-31383503', NULL, 3, 'years', '2023-07-15 05:36:09', '2023-07-15 05:36:09'),
	(428, 79, 47, 'Id quia odit est consequatur est rem.', 'eaque-debitis-molestiae-sint-non-doloribus-ea-veniam', 'A neque labore at ad. Reiciendis dignissimos id officia et est vel quibusdam. Nihil nisi eos neque et error.', 836.23, NULL, 'SN-53676349', NULL, 7, 'weeks', '2023-07-15 05:36:09', '2023-07-15 05:36:09'),
	(429, 92, 95, 'Aut quasi sint quo sit.', 'inventore-libero-facere-veritatis-sequi-autem-est-non-nam', 'Iste corporis ea velit molestiae. Quasi sunt blanditiis qui. Esse earum velit magni qui aut ex. Minus ullam libero et quasi.', 365.11, NULL, 'SN-19219820', NULL, 3, 'weeks', '2023-07-15 05:36:09', '2023-07-15 05:36:09'),
	(430, 74, 69, 'Molestiae voluptas est vero tenetur perspiciatis blanditiis eos.', 'sit-labore-ut-ipsum-tempore-impedit-nihil-tenetur-ut', 'Laboriosam excepturi necessitatibus velit quasi. Voluptatibus ut dignissimos aut earum qui. Neque nihil distinctio earum incidunt voluptas ex atque officia.', 137.79, NULL, 'SN-21583235', NULL, 5, 'days', '2023-07-15 05:36:09', '2023-07-15 05:36:09'),
	(431, 22, 71, 'Ratione rerum eos rerum vitae tempora vero.', 'laborum-dolor-rerum-porro-aperiam-quia-nemo-optio', 'Molestias culpa dolorem quia. Officiis ipsum quisquam recusandae et facere. Repellendus assumenda eos assumenda vitae necessitatibus ut quia.', 318.58, NULL, 'SN-38747437', NULL, 9, 'months', '2023-07-15 05:36:09', '2023-07-15 05:36:09'),
	(432, 95, 60, 'Quia numquam laborum tenetur dolorum est.', 'facilis-illo-accusamus-iusto-enim-maiores-nihil-reprehenderit', 'Eveniet ipsum natus est laborum. Libero et delectus error quos numquam libero libero sit. Molestiae aut ut perferendis in velit ipsa.', 856.98, NULL, 'SN-55292355', NULL, 10, 'weeks', '2023-07-15 05:36:09', '2023-07-15 05:36:09'),
	(433, 96, 135, 'Et dolorem beatae iure itaque officiis consequuntur.', 'recusandae-debitis-quisquam-ratione-et-omnis-labore-doloribus', 'Aut consequatur et nesciunt. Enim voluptate provident voluptatem architecto repudiandae. Non quas maiores esse repudiandae nemo impedit repellendus. Nemo nam voluptates architecto ipsum qui totam non pariatur.', 384.55, NULL, 'SN-13189589', NULL, 3, 'weeks', '2023-07-15 05:36:09', '2023-07-15 05:36:09'),
	(434, 59, 19, 'Aut aliquid quos cum sit.', 'et-expedita-dolorem-qui-qui-et', 'In in enim quam impedit ea. Nesciunt dolore iure similique quia ut atque. Quos est tempore et eum et sit sed.', 60.10, NULL, 'SN-38209041', NULL, 5, 'weeks', '2023-07-15 05:36:09', '2023-07-15 05:36:09'),
	(435, 15, 131, 'Deleniti et quis non quod doloribus tempora.', 'vitae-quasi-ut-aut-ducimus-voluptates-et-totam', 'Modi fugiat ad et maxime et quia dolor. Expedita iste incidunt perspiciatis deleniti quod est amet. Non quaerat incidunt pariatur culpa optio expedita. Ea in eligendi ut ea.', 858.94, NULL, 'SN-18764082', NULL, 8, 'days', '2023-07-15 05:36:09', '2023-07-15 05:36:09'),
	(436, 42, 49, 'Et fuga vel hic eius fuga temporibus.', 'impedit-illo-esse-laboriosam-reprehenderit-magnam', 'Assumenda eos ut perspiciatis in sed nesciunt ab. Quo veniam ut optio labore. Incidunt cupiditate rerum corrupti.', 461.70, NULL, 'SN-16781317', NULL, 4, 'weeks', '2023-07-15 05:36:09', '2023-07-15 05:36:09'),
	(437, 66, 89, 'Nobis ex eum autem quis mollitia sit.', 'similique-tempora-non-assumenda-rerum-veritatis-assumenda', 'Excepturi ut itaque culpa culpa sed aut quisquam debitis. Nihil mollitia harum consequuntur repellendus provident.', 651.67, NULL, 'SN-99084729', NULL, 1, 'months', '2023-07-15 05:36:09', '2023-07-15 05:36:09'),
	(438, 76, 63, 'Omnis est natus nam odio in.', 'rerum-sed-fugiat-suscipit-blanditiis-est-veniam', 'Non incidunt ipsa dolorem. Dolores in voluptas explicabo sequi voluptates officia inventore. Omnis ab voluptatem quis aliquam.', 17.92, NULL, 'SN-98376334', NULL, 4, 'days', '2023-07-15 05:36:09', '2023-07-15 05:36:09'),
	(439, 44, 39, 'Vitae voluptates quo expedita aperiam.', 'doloremque-sunt-eos-aperiam-cumque-aut-qui', 'Illum consequuntur saepe adipisci repudiandae sit. Sit laborum in dolores fugit dignissimos et. Aut ullam asperiores est debitis.', 328.63, NULL, 'SN-55834486', NULL, 5, 'years', '2023-07-15 05:36:09', '2023-07-15 05:36:09'),
	(440, 38, 34, 'Ratione accusantium aliquam sed necessitatibus blanditiis cumque totam.', 'iure-corporis-soluta-id-molestiae', 'Voluptatem est dolor magnam velit optio ullam eos est. Ipsa officia iste non quia deleniti ipsa consequuntur. Maxime qui aspernatur vel qui. Mollitia temporibus enim numquam deserunt porro.', 577.17, NULL, 'SN-78690946', NULL, 4, 'months', '2023-07-15 05:36:09', '2023-07-15 05:36:09'),
	(441, 57, 47, 'Qui voluptatum voluptas nihil sint nemo autem neque.', 'sit-sit-alias-totam-et-et-quas', 'Distinctio enim in repellat non asperiores expedita ut. Dolor aliquam consectetur nihil quidem labore enim. Quo dolorum fuga inventore. Qui ratione ab amet eligendi alias.', 213.02, NULL, 'SN-99590051', NULL, 3, 'weeks', '2023-07-15 05:36:09', '2023-07-15 05:36:09'),
	(442, 74, 46, 'Pariatur eaque doloribus quis omnis est et.', 'doloremque-repellendus-cum-et-sunt-et-dicta-natus-dolore', 'Sint placeat dolor eligendi quod. Alias qui fugit voluptate. Expedita rerum voluptatibus qui animi.', 878.50, NULL, 'SN-45447799', NULL, 3, 'days', '2023-07-15 05:36:09', '2023-07-15 05:36:09'),
	(443, 56, 62, 'Minus qui commodi dicta quasi.', 'distinctio-tempora-optio-facilis-in-libero', 'Dolorum ea sit ut alias. Ut dolorem non alias ea. Sapiente labore nisi odio facere ea veritatis ex. Dolor ipsum qui repellat odit consequatur omnis est tempore. Quis ullam officia esse sit suscipit voluptate.', 192.15, NULL, 'SN-53894707', NULL, 7, 'days', '2023-07-15 05:36:09', '2023-07-15 05:36:09'),
	(444, 74, 26, 'Qui vitae cum recusandae quis est.', 'eos-quidem-quam-qui-ut-ut-nobis-deserunt-illo', 'Soluta accusamus quia amet placeat non ab. Sed mollitia debitis quia iure. Minus repellendus quia nesciunt facere expedita expedita. Incidunt aspernatur ipsam maxime accusamus a animi atque.', 734.55, NULL, 'SN-75496640', NULL, 4, 'days', '2023-07-15 05:36:09', '2023-07-15 05:36:09'),
	(445, 54, 35, 'Ipsa qui officia eos qui alias.', 'fuga-voluptates-omnis-voluptatem-qui-error-iure', 'Repellendus et distinctio veniam harum. Quam nulla sunt hic est. Quisquam quis veniam qui saepe rem alias ut ullam.', 863.88, NULL, 'SN-96029549', NULL, 2, 'months', '2023-07-15 05:36:09', '2023-07-15 05:36:09'),
	(446, 71, 6, 'Aut voluptatem adipisci voluptatem repellendus est dolores nihil temporibus.', 'tenetur-cum-delectus-quo-vel-et-facere-et', 'Ducimus et sit sunt. Qui velit enim voluptas enim. Architecto modi maiores architecto quo officia excepturi illum. Architecto alias est placeat eveniet modi dolorum.', 659.92, NULL, 'SN-03187534', NULL, 8, 'days', '2023-07-15 05:36:09', '2023-07-15 05:36:09'),
	(447, 42, 55, 'Saepe cumque aut voluptas voluptatum quos cupiditate.', 'sapiente-et-ab-quia-rerum-consequatur-quo-non-est', 'Non voluptas id ipsam quis. Est sit quisquam veritatis qui deleniti error nam quia. Est molestiae hic exercitationem sint possimus. Ad commodi ut quidem voluptatum est laboriosam. Rerum dolores aliquam voluptatem quo nesciunt dolores facilis.', 19.92, NULL, 'SN-97062897', NULL, 3, 'years', '2023-07-15 05:36:09', '2023-07-15 05:36:09'),
	(448, 15, 39, 'Voluptates enim impedit qui ex.', 'dolorem-et-nam-dolorem', 'Provident vitae veniam neque est deleniti ut repellendus. Numquam vel dicta dolorem laborum nihil. Accusamus facilis quam blanditiis et dolores voluptates et. Ea veritatis fuga earum voluptatem odio.', 736.65, NULL, 'SN-43855687', NULL, 1, 'months', '2023-07-15 05:36:09', '2023-07-15 05:36:09'),
	(449, 47, 135, 'Id nisi dolor facilis impedit.', 'hic-deserunt-aut-delectus-in-molestiae', 'Numquam sit aspernatur et qui perspiciatis quia. Repellendus aut ut velit. Et et perferendis mollitia nesciunt sit iste. Suscipit eveniet voluptatibus deleniti commodi aliquam enim.', 690.85, NULL, 'SN-11940872', NULL, 2, 'days', '2023-07-15 05:36:10', '2023-07-15 05:36:10'),
	(450, 22, 97, 'Qui debitis est sequi qui.', 'quis-et-qui-quae', 'Corporis itaque ullam ut officiis repellat. Voluptatem sapiente autem soluta quisquam quas voluptas. Esse delectus vero occaecati rerum id cupiditate.', 605.35, NULL, 'SN-15787770', NULL, 2, 'weeks', '2023-07-15 05:36:10', '2023-07-15 05:36:10'),
	(451, 46, 73, 'Autem consequatur dolores enim perferendis illo dolorum in harum.', 'molestias-error-provident-commodi-magni-vero-maxime-natus', 'Quod nesciunt aliquid sit et consequatur aliquid unde. Atque ea inventore numquam in in. Veniam nesciunt dolorem quam autem tenetur magnam doloribus.', 652.12, NULL, 'SN-72207263', NULL, 10, 'days', '2023-07-15 05:36:10', '2023-07-15 05:36:10'),
	(452, 41, 98, 'A qui explicabo quis dignissimos aut.', 'doloribus-maiores-inventore-dolorem-rem-et', 'Qui pariatur excepturi ea hic necessitatibus ea error necessitatibus. Sapiente qui ut ipsum commodi. Non hic rem sit.', 738.56, NULL, 'SN-28510710', NULL, 6, 'months', '2023-07-15 05:36:10', '2023-07-15 05:36:10'),
	(453, 61, 68, 'Et quis culpa itaque aut veniam ex.', 'voluptates-aut-commodi-aperiam-omnis-consequatur-eius-et', 'Culpa magni blanditiis provident repellat est eius. Reiciendis perspiciatis laboriosam fugiat magni.', 762.76, NULL, 'SN-69459245', NULL, 1, 'days', '2023-07-15 05:36:10', '2023-07-15 05:36:10'),
	(454, 3, 40, 'Pariatur id nisi et minima eum consequuntur et ullam.', 'iusto-magni-officiis-voluptatem-laudantium-hic-odio-itaque', 'Enim alias autem et et provident nesciunt. Aut et nostrum accusantium. Veniam doloribus dolor quaerat minus molestiae aut et natus. Nulla explicabo omnis voluptatem quasi.', 4.59, NULL, 'SN-23667752', NULL, 3, 'days', '2023-07-15 05:36:10', '2023-07-15 05:36:10'),
	(455, 65, 132, 'Vitae earum error et error dolorum ut laborum.', 'totam-perferendis-et-id-et', 'Non ab rerum non rerum doloremque rerum laborum. Aut mollitia nemo rerum eaque est et. Sint corrupti alias sint est. Dolores quisquam minus voluptate.', 719.77, NULL, 'SN-19229485', NULL, 8, 'months', '2023-07-15 05:36:10', '2023-07-15 05:36:10'),
	(456, 65, 86, 'Voluptas cupiditate nihil tenetur sapiente.', 'earum-ducimus-expedita-est-facilis-mollitia', 'Qui nostrum consectetur qui placeat nam. Voluptatem laudantium quam magnam eaque velit labore illo. Consequatur architecto consequuntur ab deleniti aut. Voluptas tenetur autem perspiciatis quidem voluptatem ullam sed.', 219.95, NULL, 'SN-57282005', NULL, 8, 'months', '2023-07-15 05:36:10', '2023-07-15 05:36:10'),
	(457, 35, 46, 'Beatae non dolores aut tempora cum.', 'omnis-repudiandae-dolorem-reiciendis-sequi-magnam', 'Enim doloremque nesciunt illum. Enim veritatis rem cum voluptatem sequi. Qui aut reiciendis odit pariatur sed aut accusamus. Placeat vel ipsum sint aut.', 750.78, NULL, 'SN-14085518', NULL, 6, 'weeks', '2023-07-15 05:36:10', '2023-07-15 05:36:10'),
	(458, 68, 122, 'Necessitatibus aut quia veniam dolores provident maiores.', 'aliquam-inventore-qui-autem-ut-nobis-ut', 'Nihil autem omnis ut maxime aliquam totam aspernatur esse. Sit optio et excepturi delectus eum. Repellendus eos sunt sed reprehenderit.', 178.16, NULL, 'SN-82262117', NULL, 1, 'weeks', '2023-07-15 05:36:10', '2023-07-15 05:36:10'),
	(459, 57, 122, 'Asperiores sed vitae molestiae dolores ducimus expedita.', 'corrupti-atque-sit-deleniti-illo-sed-voluptatum-adipisci', 'Repudiandae sit voluptatum nobis qui voluptatem inventore in et. Rerum facilis at quo in. Odio eos voluptates aut esse. Alias voluptatem velit sint asperiores.', 958.99, NULL, 'SN-12524127', NULL, 2, 'years', '2023-07-15 05:36:10', '2023-07-15 05:36:10'),
	(460, 48, 45, 'Laudantium dicta rem vel distinctio.', 'quos-corporis-expedita-maxime-eos-ut-possimus', 'Laborum hic ex quis quam a explicabo aut et. Sint et vero excepturi est est et. Quis eligendi maiores deserunt quibusdam.', 88.80, NULL, 'SN-69691060', NULL, 3, 'years', '2023-07-15 05:36:10', '2023-07-15 05:36:10'),
	(461, 71, 48, 'Illum consequatur animi quisquam mollitia sed.', 'omnis-ea-et-debitis-placeat-perspiciatis', 'Similique aut ducimus harum libero ipsum exercitationem animi dolorum. Quia praesentium optio ullam error veritatis. Accusantium quidem natus sed iste itaque ut. Doloribus aut animi sapiente asperiores sequi explicabo in.', 974.77, NULL, 'SN-68712906', NULL, 2, 'months', '2023-07-15 05:36:10', '2023-07-15 05:36:10'),
	(462, 41, 63, 'Illum quod ut aut quaerat animi voluptatem libero.', 'est-sed-occaecati-ad-esse-architecto-a-aspernatur', 'Itaque consequuntur nesciunt non repudiandae. Ducimus assumenda id a porro est commodi. Nulla nisi voluptas et explicabo consequuntur natus et.', 689.18, NULL, 'SN-62774026', NULL, 9, 'weeks', '2023-07-15 05:36:10', '2023-07-15 05:36:10'),
	(463, 89, 41, 'Rerum provident voluptatum totam impedit dolor.', 'adipisci-est-nemo-consequatur', 'Fugit qui similique ut rem ullam. Voluptates omnis nobis consectetur autem qui nisi maiores. Ipsum iusto quidem similique voluptatem sit. Consectetur ut magni modi quo.', 865.29, NULL, 'SN-45372301', NULL, 1, 'weeks', '2023-07-15 05:36:10', '2023-07-15 05:36:10'),
	(464, 22, 5, 'Tempora expedita maiores facere ut fugiat aliquid.', 'nisi-eos-qui-ut', 'Quibusdam dolore fugiat harum omnis error id. Molestias veritatis et ut quod sint tempore culpa. Tenetur possimus voluptatibus doloribus velit deserunt ipsa.', 498.15, NULL, 'SN-06268257', NULL, 3, 'years', '2023-07-15 05:36:10', '2023-07-15 05:36:10'),
	(465, 30, 7, 'Natus at sint quia numquam.', 'alias-sunt-sint-quia-doloremque-quidem-neque', 'Architecto repudiandae esse aperiam voluptatum dignissimos voluptatem consequatur et. Qui quo est sed voluptas delectus.', 964.79, NULL, 'SN-18711131', NULL, 9, 'weeks', '2023-07-15 05:36:10', '2023-07-15 05:36:10'),
	(466, 55, 81, 'Possimus magni tenetur non autem recusandae.', 'accusantium-veritatis-non-consequatur-voluptatibus-voluptate', 'Ullam adipisci quam voluptatibus architecto voluptates deleniti et. Quaerat error et numquam cupiditate impedit. Incidunt incidunt doloribus iusto earum explicabo.', 663.26, NULL, 'SN-63770146', NULL, 4, 'weeks', '2023-07-15 05:36:10', '2023-07-15 05:36:10'),
	(467, 33, 79, 'Eaque modi et beatae quo nam.', 'qui-et-officiis-itaque-magni-voluptatem', 'Optio sint recusandae debitis quis velit. Et non consequatur expedita asperiores autem quidem. Quas ex molestiae blanditiis quae. Sed quia cumque natus qui consectetur inventore et velit.', 658.39, NULL, 'SN-58567008', NULL, 4, 'days', '2023-07-15 05:36:10', '2023-07-15 05:36:10'),
	(468, 71, 15, 'Ab repellat velit quis ad.', 'quas-numquam-accusamus-doloremque-suscipit-veniam-ducimus-explicabo', 'Eum veritatis iure vitae voluptatibus quo molestias assumenda. Eum necessitatibus aut minima voluptatem vel.', 329.84, NULL, 'SN-19036051', NULL, 2, 'months', '2023-07-15 05:36:10', '2023-07-15 05:36:10'),
	(469, 59, 127, 'Quod excepturi cumque aut saepe non similique.', 'enim-est-reprehenderit-maiores-maiores-eveniet-ut', 'Provident ipsum eos voluptate in nam pariatur recusandae ut. Sunt harum fugiat sit consequuntur. Quasi itaque sit iure saepe architecto omnis saepe itaque. Porro commodi veniam optio tempora in voluptatibus rerum.', 38.86, NULL, 'SN-12682952', NULL, 9, 'months', '2023-07-15 05:36:10', '2023-07-15 05:36:10'),
	(470, 23, 62, 'Ut nemo rem impedit mollitia dicta aperiam et doloremque.', 'perspiciatis-veritatis-tenetur-unde-officiis-quisquam-non', 'Necessitatibus tempore aperiam illum aliquid temporibus vero. Nemo rerum consequatur numquam consequuntur adipisci. Ea voluptatem alias sunt totam quasi dolorum veniam. Et incidunt voluptatum similique optio.', 374.35, NULL, 'SN-41472509', NULL, 7, 'months', '2023-07-15 05:36:10', '2023-07-15 05:36:10'),
	(471, 79, 81, 'Culpa molestiae sunt facere suscipit ea.', 'quis-atque-quibusdam-tempore-qui-dolores-consequatur-saepe', 'Sint vel corrupti non temporibus atque. Quasi harum facere vel ipsam ullam enim. Sapiente dolor praesentium harum est sint aut et. A qui et corrupti et corrupti ratione ipsam.', 179.07, NULL, 'SN-59352615', NULL, 9, 'weeks', '2023-07-15 05:36:10', '2023-07-15 05:36:10'),
	(472, 29, 131, 'Excepturi aut qui eveniet repellendus id iste.', 'dolorum-error-maiores-voluptatem-et-rerum-autem-aperiam', 'Eveniet distinctio nobis quo odio est. Et saepe iusto nisi vel. Non molestias officiis voluptas perspiciatis architecto et ab.', 913.51, NULL, 'SN-58221604', NULL, 2, 'weeks', '2023-07-15 05:36:10', '2023-07-15 05:36:10'),
	(473, 26, 44, 'Nihil distinctio ut tenetur.', 'nihil-dolor-ut-autem-perspiciatis-qui-corporis', 'Quia saepe voluptate quia officia nihil ut. Laudantium dolorem laboriosam ab ipsam quia nemo. Nam corporis eum inventore aut molestiae.', 647.11, NULL, 'SN-42617817', NULL, 7, 'months', '2023-07-15 05:36:10', '2023-07-15 05:36:10'),
	(474, 57, 13, 'Sed ducimus reprehenderit voluptates quasi voluptatem perspiciatis.', 'sint-rerum-sunt-incidunt-consequatur-accusamus-maiores-in-praesentium', 'Aut rerum itaque nulla possimus dignissimos culpa adipisci et. Officia repudiandae quis amet autem qui quam. Adipisci reiciendis velit voluptatem eaque in dolor repellat corporis. Aliquid praesentium asperiores reprehenderit iste id.', 398.08, NULL, 'SN-59936052', NULL, 5, 'weeks', '2023-07-15 05:36:10', '2023-07-15 05:36:10'),
	(475, 93, 118, 'Et qui aut velit assumenda delectus est deserunt.', 'aut-modi-culpa-mollitia-ut-expedita', 'Quidem voluptas aut est pariatur fugit sed. Iure quas ipsum hic ullam ipsum harum corporis. At modi voluptatum doloremque quam eos eius.', 881.42, NULL, 'SN-39971860', NULL, 8, 'months', '2023-07-15 05:36:10', '2023-07-15 05:36:10'),
	(476, 52, 23, 'Ut inventore atque alias est maiores ut.', 'quas-magnam-aut-ut-dicta-alias', 'Itaque qui odio voluptates. Explicabo ipsam eveniet aut vero. Sit iste suscipit ipsa vel.', 610.41, NULL, 'SN-58368174', NULL, 9, 'days', '2023-07-15 05:36:10', '2023-07-15 05:36:10'),
	(477, 45, 26, 'Non quo ea corrupti nisi.', 'magni-dolor-repudiandae-ut-enim-repellendus-aliquam-recusandae', 'Omnis ut amet maiores atque quam. Hic eum consequuntur modi non est quam magnam.', 855.08, NULL, 'SN-36341124', NULL, 7, 'months', '2023-07-15 05:36:10', '2023-07-15 05:36:10'),
	(478, 29, 85, 'Id eius dolore sit sapiente eum.', 'delectus-voluptate-aliquam-consequatur-quo-quia', 'Qui vel ab ut et repudiandae iure vel. Eveniet esse eum tempore. Magni dolorem quaerat qui quidem quis fugit. Praesentium voluptatem facere delectus quod consequuntur assumenda.', 691.37, NULL, 'SN-80981163', NULL, 3, 'weeks', '2023-07-15 05:36:10', '2023-07-15 05:36:10'),
	(479, 19, 41, 'Ut et expedita aut corrupti blanditiis rerum suscipit.', 'est-beatae-optio-voluptatibus-cum-dignissimos-minus', 'Ut numquam vel odio nobis. Quis voluptatibus molestias dolores dolor sint aut sed quod. Adipisci recusandae omnis fugiat maxime et. Est qui cum cum.', 340.61, NULL, 'SN-20032797', NULL, 3, 'days', '2023-07-15 05:36:10', '2023-07-15 05:36:10'),
	(480, 64, 135, 'Quidem ipsa quis laudantium est eligendi facere.', 'fugiat-rerum-aut-itaque-odit', 'Voluptatem aliquid labore et aut ipsum dolorum. Deleniti temporibus enim rerum. Velit atque saepe ratione consequuntur.', 693.88, NULL, 'SN-59637916', NULL, 10, 'months', '2023-07-15 05:36:10', '2023-07-15 05:36:10'),
	(481, 59, 95, 'Tenetur in harum unde.', 'qui-ipsam-consectetur-autem-reiciendis-dicta', 'Corrupti quo harum ea et earum. Similique nobis inventore molestiae est dolore consequatur reprehenderit magnam. Fuga aspernatur eum cumque a nihil et distinctio sint. Asperiores ex sed enim mollitia et dolorum dolorem.', 462.17, NULL, 'SN-37820655', NULL, 7, 'weeks', '2023-07-15 05:36:10', '2023-07-15 05:36:10'),
	(482, 64, 36, 'Quas enim accusantium ut possimus aut ducimus rerum.', 'rerum-cum-veniam-consequatur-et-maiores-expedita-harum', 'Quo et quibusdam unde dolores culpa sunt. Beatae sapiente nihil ex. Sequi doloribus eligendi placeat assumenda non ducimus.', 650.43, NULL, 'SN-57954317', NULL, 3, 'days', '2023-07-15 05:36:10', '2023-07-15 05:36:10'),
	(483, 97, 33, 'Ut est dolores tempora non pariatur.', 'ullam-qui-voluptatum-aut-quam', 'Neque voluptatem soluta occaecati et. Est quis nesciunt magni dolores. Nostrum velit inventore perferendis enim incidunt. Eum non sequi repellendus iste.', 627.17, NULL, 'SN-25737023', NULL, 8, 'years', '2023-07-15 05:36:10', '2023-07-15 05:36:10'),
	(484, 30, 100, 'Ea dolor odit voluptates ut.', 'nihil-dolorem-ut-velit-ipsum-est-excepturi', 'Adipisci quis a non assumenda iste consectetur et. Reiciendis id eum quisquam ipsam ad similique. Optio ipsum neque dolores eligendi provident dolor rerum.', 507.22, NULL, 'SN-80905576', NULL, 6, 'years', '2023-07-15 05:36:10', '2023-07-15 05:36:10'),
	(485, 35, 39, 'Saepe et at vero repellat magni.', 'voluptas-nesciunt-non-eius-praesentium-ipsum-eos', 'Qui non quae voluptate dolore tenetur. Explicabo sit fugiat voluptatem deserunt nesciunt repudiandae qui. Voluptatem dolorem autem illum eos. Corrupti autem fuga aut eum rerum et esse.', 934.41, NULL, 'SN-19487326', NULL, 6, 'days', '2023-07-15 05:36:10', '2023-07-15 05:36:10'),
	(486, 57, 81, 'Tempora aut officia itaque occaecati facilis qui.', 'voluptatem-soluta-recusandae-id-qui', 'Dolorum qui quia sit harum est. Labore dolorem temporibus est et tenetur.', 46.00, NULL, 'SN-53974970', NULL, 1, 'years', '2023-07-15 05:36:10', '2023-07-15 05:36:10'),
	(487, 68, 31, 'Expedita vitae omnis eius vitae occaecati iure aut.', 'sit-optio-ratione-ullam-odit-aliquam-fugiat-mollitia-sit', 'Quo quo eaque ducimus commodi expedita illo. Eligendi sint ut beatae et error quas. Aut enim iure porro sunt.', 853.85, NULL, 'SN-00382542', NULL, 3, 'months', '2023-07-15 05:36:10', '2023-07-15 05:36:10'),
	(488, 56, 71, 'Sed delectus asperiores inventore sint et vero sed.', 'aliquam-occaecati-omnis-numquam-modi-ut', 'Ad sint ducimus at. Quia autem architecto illo qui. Consequatur nulla fugiat minima dolorem molestiae nihil. Est quidem id ducimus exercitationem qui incidunt.', 391.75, NULL, 'SN-11625273', NULL, 4, 'months', '2023-07-15 05:36:10', '2023-07-15 05:36:10'),
	(489, 49, 102, 'Iusto vero quo numquam sit.', 'provident-nihil-qui-suscipit-laudantium-mollitia-alias-sed', 'Temporibus voluptate eligendi qui voluptate dolore omnis earum. Reprehenderit excepturi blanditiis laboriosam consequatur quia. Aliquam ut amet quos eos aut et ut sint. Eum molestias vitae tenetur nobis reprehenderit exercitationem iste. Similique voluptates eligendi fuga id.', 603.27, NULL, 'SN-13354783', NULL, 1, 'months', '2023-07-15 05:36:10', '2023-07-15 05:36:10'),
	(490, 87, 64, 'Ut voluptate itaque architecto reiciendis reiciendis consequatur aperiam.', 'porro-mollitia-doloremque-fugit-repudiandae-nemo', 'Qui soluta autem quis et. Non dolores quae at nulla qui molestiae. Maxime sit qui voluptatem et sunt. Quo commodi sed quod praesentium.', 487.77, NULL, 'SN-21577458', NULL, 9, 'days', '2023-07-15 05:36:10', '2023-07-15 05:36:10'),
	(491, 30, 112, 'Assumenda tempore dolorem ipsa est ipsum voluptas rem.', 'voluptatem-dolore-sed-consequatur-repudiandae', 'Voluptate quae eius ipsum tenetur aperiam. Totam ut eveniet perferendis qui.', 654.66, NULL, 'SN-83901450', NULL, 3, 'days', '2023-07-15 05:36:10', '2023-07-15 05:36:10'),
	(492, 17, 65, 'Sed et corporis accusantium atque quia ipsum fuga.', 'laboriosam-consequatur-numquam-eum-et-voluptatem-explicabo', 'Earum quia id explicabo fuga voluptas et ea. Laborum perferendis et ipsam eveniet quidem autem occaecati. Sint aut placeat et cumque aperiam.', 268.57, NULL, 'SN-09670509', NULL, 9, 'years', '2023-07-15 05:36:10', '2023-07-15 05:36:10'),
	(493, 44, 85, 'Voluptas sequi ut voluptatum molestiae.', 'ea-praesentium-et-dolore-fugiat-labore-omnis', 'Est non harum tenetur velit impedit. Quaerat est minus dolores amet deserunt esse ullam. Iste expedita aut ea tempora perspiciatis fugiat. Voluptatem et doloremque reiciendis vel sint.', 85.82, NULL, 'SN-41287762', NULL, 5, 'weeks', '2023-07-15 05:36:10', '2023-07-15 05:36:10'),
	(494, 26, 77, 'Ea doloribus aliquid omnis molestias nesciunt et.', 'pariatur-amet-at-et-labore-distinctio', 'Ipsum velit dignissimos qui porro vel reprehenderit. Quia quidem molestiae in vitae.', 970.92, NULL, 'SN-91423433', NULL, 6, 'days', '2023-07-15 05:36:10', '2023-07-15 05:36:10'),
	(495, 59, 35, 'Qui repellendus voluptates suscipit cumque officiis sint.', 'qui-qui-culpa-veniam-accusamus-neque-qui', 'Repellat dolores laudantium aliquam et veniam dolore. Deserunt impedit quis vero est similique dolore eum reprehenderit. Aut molestiae delectus dolore fugit suscipit quaerat doloremque. Magni minima officiis quia saepe.', 232.01, NULL, 'SN-05028366', NULL, 6, 'weeks', '2023-07-15 05:36:10', '2023-07-15 05:36:10'),
	(496, 54, 31, 'Voluptas dicta est optio alias ab voluptatem minima ipsa.', 'et-quisquam-sit-molestiae-quia', 'Fuga blanditiis odit unde cumque distinctio. Deserunt nam accusamus ea sed aspernatur rem voluptates. Vero saepe ea ratione qui voluptas numquam quibusdam. Rem accusantium voluptas molestias mollitia beatae molestiae quia.', 575.74, NULL, 'SN-14482287', NULL, 10, 'days', '2023-07-15 05:36:10', '2023-07-15 05:36:10'),
	(497, 52, 131, 'Architecto sed iusto ex quasi labore suscipit facilis.', 'in-voluptas-quis-assumenda-distinctio', 'Placeat mollitia possimus ad architecto qui dolorum. Autem esse cumque esse quas facere.', 716.88, NULL, 'SN-73972646', NULL, 7, 'years', '2023-07-15 05:36:10', '2023-07-15 05:36:10'),
	(498, 30, 133, 'Et et earum atque illum dolores est.', 'tempore-consequuntur-alias-minus-consequatur', 'Sapiente facilis voluptas ullam. Laborum consectetur laudantium eos impedit. Excepturi et consequatur quidem quod at qui impedit.', 674.23, NULL, 'SN-52556672', NULL, 8, 'days', '2023-07-15 05:36:10', '2023-07-15 05:36:10'),
	(499, 23, 48, 'Enim aliquid ea qui et incidunt ab.', 'enim-tenetur-et-eaque-eum-sint', 'Recusandae et distinctio est dolores explicabo explicabo voluptatibus. Consequatur et ipsam quis consequatur quia et. Quasi alias est aut alias atque natus rem et.', 593.24, NULL, 'SN-29032354', NULL, 6, 'years', '2023-07-15 05:36:10', '2023-07-15 05:36:10'),
	(500, 97, 111, 'Unde quaerat aut ut officia sed quae mollitia.', 'et-quis-rem-ratione-quia', 'Nihil id fugiat cupiditate et. Architecto enim sed suscipit et. Consequuntur animi neque vitae numquam quos occaecati quo.', 991.42, NULL, 'SN-13834811', NULL, 10, 'days', '2023-07-15 05:36:10', '2023-07-15 05:36:10');

-- Dumping structure for table aurora.product_categories
CREATE TABLE IF NOT EXISTS `product_categories` (
  `id` bigint(20) unsigned NOT NULL AUTO_INCREMENT,
  `title` varchar(255) NOT NULL,
  `slug` varchar(255) NOT NULL,
  `created_at` timestamp NULL DEFAULT NULL,
  `updated_at` timestamp NULL DEFAULT NULL,
  PRIMARY KEY (`id`),
  UNIQUE KEY `product_categories_slug_unique` (`slug`)
) ENGINE=InnoDB AUTO_INCREMENT=136 DEFAULT CHARSET=utf8mb4 COLLATE=utf8mb4_unicode_ci;

-- Dumping data for table aurora.product_categories: ~135 rows (approximately)
INSERT INTO `product_categories` (`id`, `title`, `slug`, `created_at`, `updated_at`) VALUES
	(1, 'Appliances', 'appliances', '2023-07-15 05:36:06', '2023-07-15 05:36:06'),
	(2, 'Art and Paintings', 'art-and-paintings', '2023-07-15 05:36:06', '2023-07-15 05:36:06'),
	(3, 'Arts and Crafts', 'arts-and-crafts', '2023-07-15 05:36:06', '2023-07-15 05:36:06'),
	(4, 'Automotive', 'automotive', '2023-07-15 05:36:06', '2023-07-15 05:36:06'),
	(5, 'Automotive Parts and Accessories', 'automotive-parts-and-accessories', '2023-07-15 05:36:06', '2023-07-15 05:36:06'),
	(6, 'Automotive Tools and Equipment', 'automotive-tools-and-equipment', '2023-07-15 05:36:06', '2023-07-15 05:36:06'),
	(7, 'Baby and Kids Clothing', 'baby-and-kids-clothing', '2023-07-15 05:36:06', '2023-07-15 05:36:06'),
	(8, 'Baby and Maternity', 'baby-and-maternity', '2023-07-15 05:36:06', '2023-07-15 05:36:06'),
	(9, 'Baby Care Products', 'baby-care-products', '2023-07-15 05:36:06', '2023-07-15 05:36:06'),
	(10, 'Baby Feeding Supplies', 'baby-feeding-supplies', '2023-07-15 05:36:06', '2023-07-15 05:36:06'),
	(11, 'Baby Nursery Furniture', 'baby-nursery-furniture', '2023-07-15 05:36:06', '2023-07-15 05:36:06'),
	(12, 'Baby Safety and Health Products', 'baby-safety-and-health-products', '2023-07-15 05:36:06', '2023-07-15 05:36:06'),
	(13, 'Baby Strollers and Car Seats', 'baby-strollers-and-car-seats', '2023-07-15 05:36:06', '2023-07-15 05:36:06'),
	(14, 'Backpacks and Messenger Bags', 'backpacks-and-messenger-bags', '2023-07-15 05:36:06', '2023-07-15 05:36:06'),
	(15, 'Bags and Luggage', 'bags-and-luggage', '2023-07-15 05:36:06', '2023-07-15 05:36:06'),
	(16, 'Bath and Shower Products', 'bath-and-shower-products', '2023-07-15 05:36:06', '2023-07-15 05:36:06'),
	(17, 'Bath Towels and Mats', 'bath-towels-and-mats', '2023-07-15 05:36:06', '2023-07-15 05:36:06'),
	(18, 'Bed Sheets and Pillowcases', 'bed-sheets-and-pillowcases', '2023-07-15 05:36:06', '2023-07-15 05:36:06'),
	(19, 'Bedding and Linens', 'bedding-and-linens', '2023-07-15 05:36:06', '2023-07-15 05:36:06'),
	(20, 'Beauty and Personal Care', 'beauty-and-personal-care', '2023-07-15 05:36:06', '2023-07-15 05:36:06'),
	(21, 'Beauty and Personal Care Appliances', 'beauty-and-personal-care-appliances', '2023-07-15 05:36:06', '2023-07-15 05:36:06'),
	(22, 'Bicycles and Cycling Accessories', 'bicycles-and-cycling-accessories', '2023-07-15 05:36:06', '2023-07-15 05:36:06'),
	(23, 'Bird Cages and Accessories', 'bird-cages-and-accessories', '2023-07-15 05:36:06', '2023-07-15 05:36:06'),
	(24, 'Board Games and Puzzles', 'board-games-and-puzzles', '2023-07-15 05:36:06', '2023-07-15 05:36:06'),
	(25, 'Books and Literature', 'books-and-literature', '2023-07-15 05:36:06', '2023-07-15 05:36:06'),
	(26, 'Cameras and Photography', 'cameras-and-photography', '2023-07-15 05:36:06', '2023-07-15 05:36:06'),
	(27, 'Cameras and Photography Accessories', 'cameras-and-photography-accessories', '2023-07-15 05:36:06', '2023-07-15 05:36:06'),
	(28, 'Car Electronics and Accessories', 'car-electronics-and-accessories', '2023-07-15 05:36:06', '2023-07-15 05:36:06'),
	(29, 'Car Parts and Accessories', 'car-parts-and-accessories', '2023-07-15 05:36:06', '2023-07-15 05:36:06'),
	(30, 'Collectibles and Memorabilia', 'collectibles-and-memorabilia', '2023-07-15 05:36:06', '2023-07-15 05:36:06'),
	(31, 'Construction Tools and Equipment', 'construction-tools-and-equipment', '2023-07-15 05:36:06', '2023-07-15 05:36:06'),
	(32, 'Cookware and Bakeware', 'cookware-and-bakeware', '2023-07-15 05:36:06', '2023-07-15 05:36:06'),
	(33, 'Cosmetics and Makeup', 'cosmetics-and-makeup', '2023-07-15 05:36:06', '2023-07-15 05:36:06'),
	(34, 'Craft Supplies and DIY', 'craft-supplies-and-diy', '2023-07-15 05:36:06', '2023-07-15 05:36:06'),
	(35, 'Decorative Garden Items', 'decorative-garden-items', '2023-07-15 05:36:06', '2023-07-15 05:36:06'),
	(36, 'Desktop and Laptop Computers', 'desktop-and-laptop-computers', '2023-07-15 05:36:06', '2023-07-15 05:36:06'),
	(37, 'Diapers and Wipes', 'diapers-and-wipes', '2023-07-15 05:36:06', '2023-07-15 05:36:06'),
	(38, 'E-books and Digital Publications', 'e-books-and-digital-publications', '2023-07-15 05:36:06', '2023-07-15 05:36:06'),
	(39, 'Educational and Learning Toys', 'educational-and-learning-toys', '2023-07-15 05:36:06', '2023-07-15 05:36:06'),
	(40, 'Educational Books and Toys', 'educational-books-and-toys', '2023-07-15 05:36:06', '2023-07-15 05:36:06'),
	(41, 'Electronics', 'electronics', '2023-07-15 05:36:06', '2023-07-15 05:36:06'),
	(42, 'Electronics Accessories', 'electronics-accessories', '2023-07-15 05:36:06', '2023-07-15 05:36:06'),
	(43, 'Electronics Components and Accessories', 'electronics-components-and-accessories', '2023-07-15 05:36:06', '2023-07-15 05:36:06'),
	(44, 'Exercise and Fitness Machines', 'exercise-and-fitness-machines', '2023-07-15 05:36:06', '2023-07-15 05:36:06'),
	(45, 'Eyewear and Sunglasses', 'eyewear-and-sunglasses', '2023-07-15 05:36:06', '2023-07-15 05:36:06'),
	(46, 'Fiction Books', 'fiction-books', '2023-07-15 05:36:06', '2023-07-15 05:36:06'),
	(47, 'Fish Supplies and Aquariums', 'fish-supplies-and-aquariums', '2023-07-15 05:36:06', '2023-07-15 05:36:06'),
	(48, 'Fitness and Exercise', 'fitness-and-exercise', '2023-07-15 05:36:06', '2023-07-15 05:36:06'),
	(49, 'Fitness Equipment and Accessories', 'fitness-equipment-and-accessories', '2023-07-15 05:36:06', '2023-07-15 05:36:06'),
	(50, 'Food and Beverages', 'food-and-beverages', '2023-07-15 05:36:06', '2023-07-15 05:36:06'),
	(51, 'Furniture and Cabinet Hardware', 'furniture-and-cabinet-hardware', '2023-07-15 05:36:06', '2023-07-15 05:36:06'),
	(52, 'Furniture and Decor', 'furniture-and-decor', '2023-07-15 05:36:06', '2023-07-15 05:36:06'),
	(53, 'Gaming and Entertainment', 'gaming-and-entertainment', '2023-07-15 05:36:06', '2023-07-15 05:36:06'),
	(54, 'Gaming Consoles and Accessories', 'gaming-consoles-and-accessories', '2023-07-15 05:36:06', '2023-07-15 05:36:06'),
	(55, 'Garden and Outdoor Living', 'garden-and-outdoor-living', '2023-07-15 05:36:06', '2023-07-15 05:36:06'),
	(56, 'Hair Care Products and Accessories', 'hair-care-products-and-accessories', '2023-07-15 05:36:06', '2023-07-15 05:36:06'),
	(57, 'Handbags and Wallets', 'handbags-and-wallets', '2023-07-15 05:36:06', '2023-07-15 05:36:06'),
	(58, 'Health and Beauty', 'health-and-beauty', '2023-07-15 05:36:06', '2023-07-15 05:36:06'),
	(59, 'Home and Kitchen', 'home-and-kitchen', '2023-07-15 05:36:06', '2023-07-15 05:36:06'),
	(60, 'Home Appliances', 'home-appliances', '2023-07-15 05:36:06', '2023-07-15 05:36:06'),
	(61, 'Home Dcor and Lighting', 'home-decor-and-lighting', '2023-07-15 05:36:06', '2023-07-15 05:36:06'),
	(62, 'Home Improvement and Tools', 'home-improvement-and-tools', '2023-07-15 05:36:06', '2023-07-15 05:36:06'),
	(63, 'Home Improvement Hardware', 'home-improvement-hardware', '2023-07-15 05:36:06', '2023-07-15 05:36:06'),
	(64, 'Home Security and Surveillance', 'home-security-and-surveillance', '2023-07-15 05:36:06', '2023-07-15 05:36:06'),
	(65, 'Industrial and Scientific Equipment', 'industrial-and-scientific-equipment', '2023-07-15 05:36:06', '2023-07-15 05:36:06'),
	(66, 'Industrial Machinery and Equipment', 'industrial-machinery-and-equipment', '2023-07-15 05:36:06', '2023-07-15 05:36:06'),
	(67, 'Jewelry and Accessories', 'jewelry-and-accessories', '2023-07-15 05:36:06', '2023-07-15 05:36:06'),
	(68, 'Jewelry and Accessories for Men and Women', 'jewelry-and-accessories-for-men-and-women', '2023-07-15 05:36:06', '2023-07-15 05:36:06'),
	(69, 'Jewelry Boxes and Organizers', 'jewelry-boxes-and-organizers', '2023-07-15 05:36:06', '2023-07-15 05:36:06'),
	(70, 'Kids Toys and Games', 'kids-toys-and-games', '2023-07-15 05:36:06', '2023-07-15 05:36:06'),
	(71, 'Kitchen Appliances and Gadgets', 'kitchen-appliances-and-gadgets', '2023-07-15 05:36:06', '2023-07-15 05:36:06'),
	(72, 'Kitchen Gadgets and Utensils', 'kitchen-gadgets-and-utensils', '2023-07-15 05:36:06', '2023-07-15 05:36:06'),
	(73, 'Lab Equipment and Supplies', 'lab-equipment-and-supplies', '2023-07-15 05:36:06', '2023-07-15 05:36:06'),
	(74, 'Lighting Fixtures and Lamps', 'lighting-fixtures-and-lamps', '2023-07-15 05:36:06', '2023-07-15 05:36:06'),
	(75, 'Makeup and Cosmetic Tools', 'makeup-and-cosmetic-tools', '2023-07-15 05:36:06', '2023-07-15 05:36:06'),
	(76, 'Maternity Clothing and Accessories', 'maternity-clothing-and-accessories', '2023-07-15 05:36:06', '2023-07-15 05:36:06'),
	(77, 'Men\'s Clothing and Apparel', 'mens-clothing-and-apparel', '2023-07-15 05:36:06', '2023-07-15 05:36:06'),
	(78, 'Model Kits and Building Toys', 'model-kits-and-building-toys', '2023-07-15 05:36:06', '2023-07-15 05:36:06'),
	(79, 'Motorcycle Gear and Apparel', 'motorcycle-gear-and-apparel', '2023-07-15 05:36:06', '2023-07-15 05:36:06'),
	(80, 'Motorcycle Parts and Accessories', 'motorcycle-parts-and-accessories', '2023-07-15 05:36:06', '2023-07-15 05:36:06'),
	(81, 'Musical Accessories and Merchandise', 'musical-accessories-and-merchandise', '2023-07-15 05:36:06', '2023-07-15 05:36:06'),
	(82, 'Musical Instrument Accessories', 'musical-instrument-accessories', '2023-07-15 05:36:06', '2023-07-15 05:36:06'),
	(83, 'Musical Instruments and Equipment', 'musical-instruments-and-equipment', '2023-07-15 05:36:06', '2023-07-15 05:36:06'),
	(84, 'Non-fiction Books', 'non-fiction-books', '2023-07-15 05:36:06', '2023-07-15 05:36:06'),
	(85, 'Office and School Supplies', 'office-and-school-supplies', '2023-07-15 05:36:06', '2023-07-15 05:36:06'),
	(86, 'Original Artwork and Paintings', 'original-artwork-and-paintings', '2023-07-15 05:36:06', '2023-07-15 05:36:06'),
	(87, 'Outdoor and Camping Gear', 'outdoor-and-camping-gear', '2023-07-15 05:36:06', '2023-07-15 05:36:06'),
	(88, 'Outdoor Clothing and Accessories', 'outdoor-clothing-and-accessories', '2023-07-15 05:36:06', '2023-07-15 05:36:06'),
	(89, 'Outdoor Play Equipment', 'outdoor-play-equipment', '2023-07-15 05:36:06', '2023-07-15 05:36:06'),
	(90, 'Paint and Painting Supplies', 'paint-and-painting-supplies', '2023-07-15 05:36:06', '2023-07-15 05:36:06'),
	(91, 'Party and Event Supplies', 'party-and-event-supplies', '2023-07-15 05:36:06', '2023-07-15 05:36:06'),
	(92, 'Party Balloons and Banners', 'party-balloons-and-banners', '2023-07-15 05:36:06', '2023-07-15 05:36:06'),
	(93, 'Party Supplies and Decor', 'party-supplies-and-decor', '2023-07-15 05:36:06', '2023-07-15 05:36:06'),
	(94, 'Party Supplies and Decorations', 'party-supplies-and-decorations', '2023-07-15 05:36:06', '2023-07-15 05:36:06'),
	(95, 'Personal Care Appliances', 'personal-care-appliances', '2023-07-15 05:36:06', '2023-07-15 05:36:06'),
	(96, 'Pet Food and Supplies', 'pet-food-and-supplies', '2023-07-15 05:36:06', '2023-07-15 05:36:06'),
	(97, 'Pet Grooming and Cleaning Products', 'pet-grooming-and-cleaning-products', '2023-07-15 05:36:06', '2023-07-15 05:36:06'),
	(98, 'Pet Supplies', 'pet-supplies', '2023-07-15 05:36:06', '2023-07-15 05:36:06'),
	(99, 'Pet Toys and Accessories', 'pet-toys-and-accessories', '2023-07-15 05:36:06', '2023-07-15 05:36:06'),
	(100, 'Planters and Gardening Tools', 'planters-and-gardening-tools', '2023-07-15 05:36:06', '2023-07-15 05:36:06'),
	(101, 'Power Tools and Hand Tools', 'power-tools-and-hand-tools', '2023-07-15 05:36:06', '2023-07-15 05:36:06'),
	(102, 'Printers and Scanners', 'printers-and-scanners', '2023-07-15 05:36:06', '2023-07-15 05:36:06'),
	(103, 'Puzzle Games and Brainteasers', 'puzzle-games-and-brainteasers', '2023-07-15 05:36:06', '2023-07-15 05:36:06'),
	(104, 'Refrigerators and Freezers', 'refrigerators-and-freezers', '2023-07-15 05:36:06', '2023-07-15 05:36:06'),
	(105, 'Reptile and Amphibian Supplies', 'reptile-and-amphibian-supplies', '2023-07-15 05:36:06', '2023-07-15 05:36:06'),
	(106, 'School and Office Stationery', 'school-and-office-stationery', '2023-07-15 05:36:06', '2023-07-15 05:36:06'),
	(107, 'Security Systems and Alarms', 'security-systems-and-alarms', '2023-07-15 05:36:06', '2023-07-15 05:36:06'),
	(108, 'Shoes and Footwear', 'shoes-and-footwear', '2023-07-15 05:36:06', '2023-07-15 05:36:06'),
	(109, 'Shoes for Men, Women, and Children', 'shoes-for-men-women-and-children', '2023-07-15 05:36:06', '2023-07-15 05:36:06'),
	(110, 'Skincare and Beauty Treatments', 'skincare-and-beauty-treatments', '2023-07-15 05:36:06', '2023-07-15 05:36:06'),
	(111, 'Small Animal Cages and Habitats', 'small-animal-cages-and-habitats', '2023-07-15 05:36:06', '2023-07-15 05:36:06'),
	(112, 'Sports and Outdoors', 'sports-and-outdoors', '2023-07-15 05:36:06', '2023-07-15 05:36:06'),
	(113, 'Sports Apparel and Footwear', 'sports-apparel-and-footwear', '2023-07-15 05:36:06', '2023-07-15 05:36:06'),
	(114, 'Sports Equipment and Gear', 'sports-equipment-and-gear', '2023-07-15 05:36:06', '2023-07-15 05:36:06'),
	(115, 'Sports Memorabilia and Merchandise', 'sports-memorabilia-and-merchandise', '2023-07-15 05:36:06', '2023-07-15 05:36:06'),
	(116, 'Stationery and Office Supplies', 'stationery-and-office-supplies', '2023-07-15 05:36:06', '2023-07-15 05:36:06'),
	(117, 'Studio and Recording Equipment', 'studio-and-recording-equipment', '2023-07-15 05:36:06', '2023-07-15 05:36:06'),
	(118, 'Team Sports Apparel and Shoes', 'team-sports-apparel-and-shoes', '2023-07-15 05:36:06', '2023-07-15 05:36:06'),
	(119, 'Team Sports Equipment', 'team-sports-equipment', '2023-07-15 05:36:06', '2023-07-15 05:36:06'),
	(120, 'Tools and Home Improvement', 'tools-and-home-improvement', '2023-07-15 05:36:06', '2023-07-15 05:36:06'),
	(121, 'Toys and Games', 'toys-and-games', '2023-07-15 05:36:06', '2023-07-15 05:36:06'),
	(122, 'Travel and Luggage', 'travel-and-luggage', '2023-07-15 05:36:06', '2023-07-15 05:36:06'),
	(123, 'Travel Bags and Suitcases', 'travel-bags-and-suitcases', '2023-07-15 05:36:06', '2023-07-15 05:36:06'),
	(124, 'Vacuum Cleaners and Floor Care', 'vacuum-cleaners-and-floor-care', '2023-07-15 05:36:06', '2023-07-15 05:36:06'),
	(125, 'Vintage and Antique Items', 'vintage-and-antique-items', '2023-07-15 05:36:06', '2023-07-15 05:36:06'),
	(126, 'Vintage Collectibles and Memorabilia', 'vintage-collectibles-and-memorabilia', '2023-07-15 05:36:06', '2023-07-15 05:36:06'),
	(127, 'Wall Art and Paintings', 'wall-art-and-paintings', '2023-07-15 05:36:06', '2023-07-15 05:36:06'),
	(128, 'Washing Machines and Dryers', 'washing-machines-and-dryers', '2023-07-15 05:36:06', '2023-07-15 05:36:06'),
	(129, 'Water Sports Equipment', 'water-sports-equipment', '2023-07-15 05:36:06', '2023-07-15 05:36:06'),
	(130, 'Watches and Accessories', 'watches-and-accessories', '2023-07-15 05:36:06', '2023-07-15 05:36:06'),
	(131, 'Watches and Jewelry Accessories', 'watches-and-jewelry-accessories', '2023-07-15 05:36:06', '2023-07-15 05:36:06'),
	(132, 'Watches for Men and Women', 'watches-for-men-and-women', '2023-07-15 05:36:06', '2023-07-15 05:36:06'),
	(133, 'Women\'s Clothing and Apparel', 'womens-clothing-and-apparel', '2023-07-15 05:36:06', '2023-07-15 05:36:06'),
	(134, 'Writing Instruments', 'writing-instruments', '2023-07-15 05:36:06', '2023-07-15 05:36:06'),
	(135, 'Yoga and Pilates Accessories', 'yoga-and-pilates-accessories', '2023-07-15 05:36:06', '2023-07-15 05:36:06');

-- Dumping structure for table aurora.product_shops
CREATE TABLE IF NOT EXISTS `product_shops` (
  `id` bigint(20) unsigned NOT NULL AUTO_INCREMENT,
  `product_id` bigint(20) unsigned NOT NULL,
  `shop_id` bigint(20) unsigned NOT NULL,
  `created_at` timestamp NULL DEFAULT NULL,
  `updated_at` timestamp NULL DEFAULT NULL,
  PRIMARY KEY (`id`),
  KEY `product_shops_product_id_foreign` (`product_id`),
  KEY `product_shops_shop_id_foreign` (`shop_id`),
  CONSTRAINT `product_shops_product_id_foreign` FOREIGN KEY (`product_id`) REFERENCES `products` (`id`),
  CONSTRAINT `product_shops_shop_id_foreign` FOREIGN KEY (`shop_id`) REFERENCES `profiles` (`id`)
) ENGINE=InnoDB AUTO_INCREMENT=1001 DEFAULT CHARSET=utf8mb4 COLLATE=utf8mb4_unicode_ci;

-- Dumping data for table aurora.product_shops: ~1,000 rows (approximately)
INSERT INTO `product_shops` (`id`, `product_id`, `shop_id`, `created_at`, `updated_at`) VALUES
	(1, 26, 70, '2023-07-15 05:36:10', '2023-07-15 05:36:10'),
	(2, 158, 43, '2023-07-15 05:36:10', '2023-07-15 05:36:10'),
	(3, 17, 70, '2023-07-15 05:36:10', '2023-07-15 05:36:10'),
	(4, 167, 27, '2023-07-15 05:36:10', '2023-07-15 05:36:10'),
	(5, 136, 70, '2023-07-15 05:36:10', '2023-07-15 05:36:10'),
	(6, 149, 25, '2023-07-15 05:36:10', '2023-07-15 05:36:10'),
	(7, 61, 94, '2023-07-15 05:36:10', '2023-07-15 05:36:10'),
	(8, 133, 6, '2023-07-15 05:36:10', '2023-07-15 05:36:10'),
	(9, 1, 43, '2023-07-15 05:36:10', '2023-07-15 05:36:10'),
	(10, 101, 50, '2023-07-15 05:36:10', '2023-07-15 05:36:10'),
	(11, 128, 20, '2023-07-15 05:36:10', '2023-07-15 05:36:10'),
	(12, 9, 88, '2023-07-15 05:36:10', '2023-07-15 05:36:10'),
	(13, 141, 40, '2023-07-15 05:36:10', '2023-07-15 05:36:10'),
	(14, 143, 34, '2023-07-15 05:36:10', '2023-07-15 05:36:10'),
	(15, 41, 99, '2023-07-15 05:36:10', '2023-07-15 05:36:10'),
	(16, 8, 100, '2023-07-15 05:36:10', '2023-07-15 05:36:10'),
	(17, 149, 77, '2023-07-15 05:36:10', '2023-07-15 05:36:10'),
	(18, 78, 70, '2023-07-15 05:36:10', '2023-07-15 05:36:10'),
	(19, 189, 83, '2023-07-15 05:36:10', '2023-07-15 05:36:10'),
	(20, 170, 12, '2023-07-15 05:36:10', '2023-07-15 05:36:10'),
	(21, 91, 62, '2023-07-15 05:36:10', '2023-07-15 05:36:10'),
	(22, 151, 70, '2023-07-15 05:36:10', '2023-07-15 05:36:10'),
	(23, 65, 63, '2023-07-15 05:36:10', '2023-07-15 05:36:10'),
	(24, 195, 24, '2023-07-15 05:36:10', '2023-07-15 05:36:10'),
	(25, 153, 83, '2023-07-15 05:36:10', '2023-07-15 05:36:10'),
	(26, 150, 6, '2023-07-15 05:36:10', '2023-07-15 05:36:10'),
	(27, 125, 67, '2023-07-15 05:36:10', '2023-07-15 05:36:10'),
	(28, 125, 98, '2023-07-15 05:36:10', '2023-07-15 05:36:10'),
	(29, 42, 6, '2023-07-15 05:36:10', '2023-07-15 05:36:10'),
	(30, 153, 86, '2023-07-15 05:36:10', '2023-07-15 05:36:10'),
	(31, 186, 86, '2023-07-15 05:36:10', '2023-07-15 05:36:10'),
	(32, 166, 90, '2023-07-15 05:36:10', '2023-07-15 05:36:10'),
	(33, 133, 94, '2023-07-15 05:36:10', '2023-07-15 05:36:10'),
	(34, 88, 2, '2023-07-15 05:36:10', '2023-07-15 05:36:10'),
	(35, 68, 24, '2023-07-15 05:36:10', '2023-07-15 05:36:10'),
	(36, 128, 5, '2023-07-15 05:36:10', '2023-07-15 05:36:10'),
	(37, 76, 11, '2023-07-15 05:36:10', '2023-07-15 05:36:10'),
	(38, 120, 85, '2023-07-15 05:36:10', '2023-07-15 05:36:10'),
	(39, 131, 63, '2023-07-15 05:36:10', '2023-07-15 05:36:10'),
	(40, 174, 83, '2023-07-15 05:36:10', '2023-07-15 05:36:10'),
	(41, 96, 86, '2023-07-15 05:36:10', '2023-07-15 05:36:10'),
	(42, 126, 11, '2023-07-15 05:36:10', '2023-07-15 05:36:10'),
	(43, 157, 88, '2023-07-15 05:36:10', '2023-07-15 05:36:10'),
	(44, 55, 18, '2023-07-15 05:36:10', '2023-07-15 05:36:10'),
	(45, 76, 43, '2023-07-15 05:36:10', '2023-07-15 05:36:10'),
	(46, 179, 88, '2023-07-15 05:36:10', '2023-07-15 05:36:10'),
	(47, 9, 75, '2023-07-15 05:36:10', '2023-07-15 05:36:10'),
	(48, 85, 8, '2023-07-15 05:36:10', '2023-07-15 05:36:10'),
	(49, 182, 50, '2023-07-15 05:36:10', '2023-07-15 05:36:10'),
	(50, 181, 24, '2023-07-15 05:36:10', '2023-07-15 05:36:10'),
	(51, 193, 2, '2023-07-15 05:36:10', '2023-07-15 05:36:10'),
	(52, 10, 83, '2023-07-15 05:36:10', '2023-07-15 05:36:10'),
	(53, 148, 36, '2023-07-15 05:36:11', '2023-07-15 05:36:11'),
	(54, 109, 20, '2023-07-15 05:36:11', '2023-07-15 05:36:11'),
	(55, 39, 50, '2023-07-15 05:36:11', '2023-07-15 05:36:11'),
	(56, 106, 88, '2023-07-15 05:36:11', '2023-07-15 05:36:11'),
	(57, 198, 98, '2023-07-15 05:36:11', '2023-07-15 05:36:11'),
	(58, 84, 58, '2023-07-15 05:36:11', '2023-07-15 05:36:11'),
	(59, 121, 82, '2023-07-15 05:36:11', '2023-07-15 05:36:11'),
	(60, 123, 12, '2023-07-15 05:36:11', '2023-07-15 05:36:11'),
	(61, 191, 91, '2023-07-15 05:36:11', '2023-07-15 05:36:11'),
	(62, 106, 7, '2023-07-15 05:36:11', '2023-07-15 05:36:11'),
	(63, 27, 80, '2023-07-15 05:36:11', '2023-07-15 05:36:11'),
	(64, 89, 7, '2023-07-15 05:36:11', '2023-07-15 05:36:11'),
	(65, 39, 2, '2023-07-15 05:36:11', '2023-07-15 05:36:11'),
	(66, 62, 13, '2023-07-15 05:36:11', '2023-07-15 05:36:11'),
	(67, 200, 13, '2023-07-15 05:36:11', '2023-07-15 05:36:11'),
	(68, 24, 90, '2023-07-15 05:36:11', '2023-07-15 05:36:11'),
	(69, 8, 50, '2023-07-15 05:36:11', '2023-07-15 05:36:11'),
	(70, 106, 70, '2023-07-15 05:36:11', '2023-07-15 05:36:11'),
	(71, 130, 28, '2023-07-15 05:36:11', '2023-07-15 05:36:11'),
	(72, 45, 2, '2023-07-15 05:36:11', '2023-07-15 05:36:11'),
	(73, 79, 85, '2023-07-15 05:36:11', '2023-07-15 05:36:11'),
	(74, 196, 18, '2023-07-15 05:36:11', '2023-07-15 05:36:11'),
	(75, 142, 2, '2023-07-15 05:36:11', '2023-07-15 05:36:11'),
	(76, 111, 100, '2023-07-15 05:36:11', '2023-07-15 05:36:11'),
	(77, 88, 31, '2023-07-15 05:36:11', '2023-07-15 05:36:11'),
	(78, 165, 81, '2023-07-15 05:36:11', '2023-07-15 05:36:11'),
	(79, 166, 34, '2023-07-15 05:36:11', '2023-07-15 05:36:11'),
	(80, 62, 80, '2023-07-15 05:36:11', '2023-07-15 05:36:11'),
	(81, 147, 14, '2023-07-15 05:36:11', '2023-07-15 05:36:11'),
	(82, 11, 100, '2023-07-15 05:36:11', '2023-07-15 05:36:11'),
	(83, 153, 83, '2023-07-15 05:36:11', '2023-07-15 05:36:11'),
	(84, 39, 91, '2023-07-15 05:36:11', '2023-07-15 05:36:11'),
	(85, 185, 8, '2023-07-15 05:36:11', '2023-07-15 05:36:11'),
	(86, 87, 14, '2023-07-15 05:36:11', '2023-07-15 05:36:11'),
	(87, 90, 32, '2023-07-15 05:36:11', '2023-07-15 05:36:11'),
	(88, 152, 32, '2023-07-15 05:36:11', '2023-07-15 05:36:11'),
	(89, 175, 37, '2023-07-15 05:36:11', '2023-07-15 05:36:11'),
	(90, 181, 12, '2023-07-15 05:36:11', '2023-07-15 05:36:11'),
	(91, 48, 36, '2023-07-15 05:36:11', '2023-07-15 05:36:11'),
	(92, 16, 13, '2023-07-15 05:36:11', '2023-07-15 05:36:11'),
	(93, 166, 21, '2023-07-15 05:36:11', '2023-07-15 05:36:11'),
	(94, 59, 13, '2023-07-15 05:36:11', '2023-07-15 05:36:11'),
	(95, 94, 20, '2023-07-15 05:36:11', '2023-07-15 05:36:11'),
	(96, 6, 80, '2023-07-15 05:36:11', '2023-07-15 05:36:11'),
	(97, 189, 43, '2023-07-15 05:36:11', '2023-07-15 05:36:11'),
	(98, 27, 18, '2023-07-15 05:36:11', '2023-07-15 05:36:11'),
	(99, 102, 88, '2023-07-15 05:36:11', '2023-07-15 05:36:11'),
	(100, 63, 67, '2023-07-15 05:36:11', '2023-07-15 05:36:11'),
	(101, 31, 78, '2023-07-15 05:36:11', '2023-07-15 05:36:11'),
	(102, 195, 63, '2023-07-15 05:36:11', '2023-07-15 05:36:11'),
	(103, 137, 67, '2023-07-15 05:36:11', '2023-07-15 05:36:11'),
	(104, 146, 25, '2023-07-15 05:36:11', '2023-07-15 05:36:11'),
	(105, 92, 63, '2023-07-15 05:36:11', '2023-07-15 05:36:11'),
	(106, 9, 5, '2023-07-15 05:36:11', '2023-07-15 05:36:11'),
	(107, 55, 88, '2023-07-15 05:36:11', '2023-07-15 05:36:11'),
	(108, 95, 12, '2023-07-15 05:36:11', '2023-07-15 05:36:11'),
	(109, 97, 100, '2023-07-15 05:36:11', '2023-07-15 05:36:11'),
	(110, 10, 94, '2023-07-15 05:36:11', '2023-07-15 05:36:11'),
	(111, 163, 21, '2023-07-15 05:36:11', '2023-07-15 05:36:11'),
	(112, 39, 7, '2023-07-15 05:36:11', '2023-07-15 05:36:11'),
	(113, 77, 25, '2023-07-15 05:36:11', '2023-07-15 05:36:11'),
	(114, 51, 20, '2023-07-15 05:36:11', '2023-07-15 05:36:11'),
	(115, 168, 28, '2023-07-15 05:36:11', '2023-07-15 05:36:11'),
	(116, 157, 75, '2023-07-15 05:36:11', '2023-07-15 05:36:11'),
	(117, 109, 2, '2023-07-15 05:36:11', '2023-07-15 05:36:11'),
	(118, 88, 88, '2023-07-15 05:36:11', '2023-07-15 05:36:11'),
	(119, 43, 2, '2023-07-15 05:36:11', '2023-07-15 05:36:11'),
	(120, 147, 63, '2023-07-15 05:36:11', '2023-07-15 05:36:11'),
	(121, 127, 6, '2023-07-15 05:36:11', '2023-07-15 05:36:11'),
	(122, 96, 99, '2023-07-15 05:36:11', '2023-07-15 05:36:11'),
	(123, 109, 94, '2023-07-15 05:36:11', '2023-07-15 05:36:11'),
	(124, 188, 90, '2023-07-15 05:36:11', '2023-07-15 05:36:11'),
	(125, 84, 21, '2023-07-15 05:36:11', '2023-07-15 05:36:11'),
	(126, 166, 25, '2023-07-15 05:36:11', '2023-07-15 05:36:11'),
	(127, 3, 14, '2023-07-15 05:36:11', '2023-07-15 05:36:11'),
	(128, 26, 43, '2023-07-15 05:36:11', '2023-07-15 05:36:11'),
	(129, 7, 20, '2023-07-15 05:36:11', '2023-07-15 05:36:11'),
	(130, 155, 91, '2023-07-15 05:36:11', '2023-07-15 05:36:11'),
	(131, 108, 82, '2023-07-15 05:36:11', '2023-07-15 05:36:11'),
	(132, 164, 53, '2023-07-15 05:36:11', '2023-07-15 05:36:11'),
	(133, 92, 91, '2023-07-15 05:36:11', '2023-07-15 05:36:11'),
	(134, 113, 53, '2023-07-15 05:36:11', '2023-07-15 05:36:11'),
	(135, 164, 6, '2023-07-15 05:36:11', '2023-07-15 05:36:11'),
	(136, 89, 100, '2023-07-15 05:36:11', '2023-07-15 05:36:11'),
	(137, 186, 94, '2023-07-15 05:36:11', '2023-07-15 05:36:11'),
	(138, 10, 32, '2023-07-15 05:36:11', '2023-07-15 05:36:11'),
	(139, 3, 21, '2023-07-15 05:36:11', '2023-07-15 05:36:11'),
	(140, 3, 14, '2023-07-15 05:36:11', '2023-07-15 05:36:11'),
	(141, 142, 91, '2023-07-15 05:36:11', '2023-07-15 05:36:11'),
	(142, 139, 53, '2023-07-15 05:36:11', '2023-07-15 05:36:11'),
	(143, 103, 43, '2023-07-15 05:36:11', '2023-07-15 05:36:11'),
	(144, 141, 81, '2023-07-15 05:36:11', '2023-07-15 05:36:11'),
	(145, 57, 14, '2023-07-15 05:36:11', '2023-07-15 05:36:11'),
	(146, 17, 16, '2023-07-15 05:36:11', '2023-07-15 05:36:11'),
	(147, 130, 77, '2023-07-15 05:36:11', '2023-07-15 05:36:11'),
	(148, 74, 6, '2023-07-15 05:36:11', '2023-07-15 05:36:11'),
	(149, 82, 1, '2023-07-15 05:36:11', '2023-07-15 05:36:11'),
	(150, 145, 18, '2023-07-15 05:36:11', '2023-07-15 05:36:11'),
	(151, 37, 91, '2023-07-15 05:36:11', '2023-07-15 05:36:11'),
	(152, 143, 2, '2023-07-15 05:36:11', '2023-07-15 05:36:11'),
	(153, 76, 16, '2023-07-15 05:36:11', '2023-07-15 05:36:11'),
	(154, 20, 90, '2023-07-15 05:36:11', '2023-07-15 05:36:11'),
	(155, 42, 81, '2023-07-15 05:36:11', '2023-07-15 05:36:11'),
	(156, 175, 16, '2023-07-15 05:36:11', '2023-07-15 05:36:11'),
	(157, 72, 8, '2023-07-15 05:36:11', '2023-07-15 05:36:11'),
	(158, 118, 78, '2023-07-15 05:36:11', '2023-07-15 05:36:11'),
	(159, 88, 62, '2023-07-15 05:36:11', '2023-07-15 05:36:11'),
	(160, 56, 12, '2023-07-15 05:36:11', '2023-07-15 05:36:11'),
	(161, 118, 86, '2023-07-15 05:36:12', '2023-07-15 05:36:12'),
	(162, 106, 78, '2023-07-15 05:36:12', '2023-07-15 05:36:12'),
	(163, 65, 11, '2023-07-15 05:36:12', '2023-07-15 05:36:12'),
	(164, 18, 25, '2023-07-15 05:36:12', '2023-07-15 05:36:12'),
	(165, 97, 16, '2023-07-15 05:36:12', '2023-07-15 05:36:12'),
	(166, 108, 36, '2023-07-15 05:36:12', '2023-07-15 05:36:12'),
	(167, 111, 24, '2023-07-15 05:36:12', '2023-07-15 05:36:12'),
	(168, 99, 82, '2023-07-15 05:36:12', '2023-07-15 05:36:12'),
	(169, 180, 53, '2023-07-15 05:36:12', '2023-07-15 05:36:12'),
	(170, 188, 27, '2023-07-15 05:36:12', '2023-07-15 05:36:12'),
	(171, 200, 24, '2023-07-15 05:36:12', '2023-07-15 05:36:12'),
	(172, 118, 99, '2023-07-15 05:36:12', '2023-07-15 05:36:12'),
	(173, 124, 83, '2023-07-15 05:36:12', '2023-07-15 05:36:12'),
	(174, 25, 50, '2023-07-15 05:36:12', '2023-07-15 05:36:12'),
	(175, 116, 7, '2023-07-15 05:36:12', '2023-07-15 05:36:12'),
	(176, 199, 88, '2023-07-15 05:36:12', '2023-07-15 05:36:12'),
	(177, 65, 69, '2023-07-15 05:36:12', '2023-07-15 05:36:12'),
	(178, 24, 99, '2023-07-15 05:36:12', '2023-07-15 05:36:12'),
	(179, 89, 70, '2023-07-15 05:36:12', '2023-07-15 05:36:12'),
	(180, 145, 7, '2023-07-15 05:36:12', '2023-07-15 05:36:12'),
	(181, 54, 24, '2023-07-15 05:36:12', '2023-07-15 05:36:12'),
	(182, 37, 62, '2023-07-15 05:36:12', '2023-07-15 05:36:12'),
	(183, 33, 94, '2023-07-15 05:36:12', '2023-07-15 05:36:12'),
	(184, 81, 25, '2023-07-15 05:36:12', '2023-07-15 05:36:12'),
	(185, 126, 75, '2023-07-15 05:36:12', '2023-07-15 05:36:12'),
	(186, 147, 58, '2023-07-15 05:36:12', '2023-07-15 05:36:12'),
	(187, 120, 20, '2023-07-15 05:36:12', '2023-07-15 05:36:12'),
	(188, 79, 28, '2023-07-15 05:36:12', '2023-07-15 05:36:12'),
	(189, 6, 99, '2023-07-15 05:36:12', '2023-07-15 05:36:12'),
	(190, 145, 11, '2023-07-15 05:36:12', '2023-07-15 05:36:12'),
	(191, 43, 98, '2023-07-15 05:36:12', '2023-07-15 05:36:12'),
	(192, 81, 40, '2023-07-15 05:36:12', '2023-07-15 05:36:12'),
	(193, 84, 50, '2023-07-15 05:36:12', '2023-07-15 05:36:12'),
	(194, 124, 98, '2023-07-15 05:36:12', '2023-07-15 05:36:12'),
	(195, 15, 53, '2023-07-15 05:36:12', '2023-07-15 05:36:12'),
	(196, 64, 40, '2023-07-15 05:36:12', '2023-07-15 05:36:12'),
	(197, 53, 80, '2023-07-15 05:36:12', '2023-07-15 05:36:12'),
	(198, 78, 86, '2023-07-15 05:36:12', '2023-07-15 05:36:12'),
	(199, 72, 67, '2023-07-15 05:36:12', '2023-07-15 05:36:12'),
	(200, 123, 14, '2023-07-15 05:36:12', '2023-07-15 05:36:12'),
	(201, 97, 5, '2023-07-15 05:36:12', '2023-07-15 05:36:12'),
	(202, 65, 18, '2023-07-15 05:36:12', '2023-07-15 05:36:12'),
	(203, 5, 1, '2023-07-15 05:36:12', '2023-07-15 05:36:12'),
	(204, 42, 34, '2023-07-15 05:36:12', '2023-07-15 05:36:12'),
	(205, 14, 40, '2023-07-15 05:36:12', '2023-07-15 05:36:12'),
	(206, 116, 12, '2023-07-15 05:36:12', '2023-07-15 05:36:12'),
	(207, 187, 80, '2023-07-15 05:36:12', '2023-07-15 05:36:12'),
	(208, 63, 80, '2023-07-15 05:36:12', '2023-07-15 05:36:12'),
	(209, 37, 81, '2023-07-15 05:36:12', '2023-07-15 05:36:12'),
	(210, 98, 69, '2023-07-15 05:36:12', '2023-07-15 05:36:12'),
	(211, 190, 6, '2023-07-15 05:36:12', '2023-07-15 05:36:12'),
	(212, 169, 53, '2023-07-15 05:36:12', '2023-07-15 05:36:12'),
	(213, 116, 2, '2023-07-15 05:36:12', '2023-07-15 05:36:12'),
	(214, 58, 4, '2023-07-15 05:36:12', '2023-07-15 05:36:12'),
	(215, 49, 53, '2023-07-15 05:36:12', '2023-07-15 05:36:12'),
	(216, 177, 25, '2023-07-15 05:36:12', '2023-07-15 05:36:12'),
	(217, 103, 40, '2023-07-15 05:36:12', '2023-07-15 05:36:12'),
	(218, 41, 78, '2023-07-15 05:36:12', '2023-07-15 05:36:12'),
	(219, 50, 24, '2023-07-15 05:36:12', '2023-07-15 05:36:12'),
	(220, 62, 18, '2023-07-15 05:36:12', '2023-07-15 05:36:12'),
	(221, 159, 2, '2023-07-15 05:36:12', '2023-07-15 05:36:12'),
	(222, 60, 88, '2023-07-15 05:36:12', '2023-07-15 05:36:12'),
	(223, 78, 90, '2023-07-15 05:36:12', '2023-07-15 05:36:12'),
	(224, 82, 6, '2023-07-15 05:36:12', '2023-07-15 05:36:12'),
	(225, 83, 8, '2023-07-15 05:36:12', '2023-07-15 05:36:12'),
	(226, 175, 88, '2023-07-15 05:36:12', '2023-07-15 05:36:12'),
	(227, 38, 83, '2023-07-15 05:36:12', '2023-07-15 05:36:12'),
	(228, 155, 94, '2023-07-15 05:36:12', '2023-07-15 05:36:12'),
	(229, 6, 85, '2023-07-15 05:36:12', '2023-07-15 05:36:12'),
	(230, 140, 77, '2023-07-15 05:36:12', '2023-07-15 05:36:12'),
	(231, 59, 21, '2023-07-15 05:36:12', '2023-07-15 05:36:12'),
	(232, 67, 2, '2023-07-15 05:36:12', '2023-07-15 05:36:12'),
	(233, 179, 70, '2023-07-15 05:36:12', '2023-07-15 05:36:12'),
	(234, 60, 18, '2023-07-15 05:36:12', '2023-07-15 05:36:12'),
	(235, 129, 90, '2023-07-15 05:36:12', '2023-07-15 05:36:12'),
	(236, 81, 32, '2023-07-15 05:36:12', '2023-07-15 05:36:12'),
	(237, 110, 94, '2023-07-15 05:36:12', '2023-07-15 05:36:12'),
	(238, 133, 7, '2023-07-15 05:36:12', '2023-07-15 05:36:12'),
	(239, 148, 63, '2023-07-15 05:36:12', '2023-07-15 05:36:12'),
	(240, 139, 98, '2023-07-15 05:36:12', '2023-07-15 05:36:12'),
	(241, 3, 69, '2023-07-15 05:36:12', '2023-07-15 05:36:12'),
	(242, 36, 69, '2023-07-15 05:36:12', '2023-07-15 05:36:12'),
	(243, 78, 94, '2023-07-15 05:36:12', '2023-07-15 05:36:12'),
	(244, 130, 36, '2023-07-15 05:36:12', '2023-07-15 05:36:12'),
	(245, 36, 77, '2023-07-15 05:36:12', '2023-07-15 05:36:12'),
	(246, 84, 13, '2023-07-15 05:36:12', '2023-07-15 05:36:12'),
	(247, 41, 70, '2023-07-15 05:36:12', '2023-07-15 05:36:12'),
	(248, 197, 67, '2023-07-15 05:36:12', '2023-07-15 05:36:12'),
	(249, 129, 12, '2023-07-15 05:36:12', '2023-07-15 05:36:12'),
	(250, 58, 43, '2023-07-15 05:36:12', '2023-07-15 05:36:12'),
	(251, 121, 82, '2023-07-15 05:36:12', '2023-07-15 05:36:12'),
	(252, 113, 83, '2023-07-15 05:36:12', '2023-07-15 05:36:12'),
	(253, 39, 28, '2023-07-15 05:36:12', '2023-07-15 05:36:12'),
	(254, 152, 94, '2023-07-15 05:36:12', '2023-07-15 05:36:12'),
	(255, 91, 12, '2023-07-15 05:36:12', '2023-07-15 05:36:12'),
	(256, 20, 91, '2023-07-15 05:36:12', '2023-07-15 05:36:12'),
	(257, 181, 85, '2023-07-15 05:36:12', '2023-07-15 05:36:12'),
	(258, 119, 80, '2023-07-15 05:36:12', '2023-07-15 05:36:12'),
	(259, 85, 2, '2023-07-15 05:36:12', '2023-07-15 05:36:12'),
	(260, 154, 40, '2023-07-15 05:36:12', '2023-07-15 05:36:12'),
	(261, 198, 88, '2023-07-15 05:36:12', '2023-07-15 05:36:12'),
	(262, 28, 37, '2023-07-15 05:36:12', '2023-07-15 05:36:12'),
	(263, 70, 18, '2023-07-15 05:36:12', '2023-07-15 05:36:12'),
	(264, 191, 83, '2023-07-15 05:36:12', '2023-07-15 05:36:12'),
	(265, 181, 24, '2023-07-15 05:36:12', '2023-07-15 05:36:12'),
	(266, 22, 36, '2023-07-15 05:36:12', '2023-07-15 05:36:12'),
	(267, 35, 14, '2023-07-15 05:36:12', '2023-07-15 05:36:12'),
	(268, 56, 75, '2023-07-15 05:36:12', '2023-07-15 05:36:12'),
	(269, 127, 91, '2023-07-15 05:36:12', '2023-07-15 05:36:12'),
	(270, 185, 67, '2023-07-15 05:36:13', '2023-07-15 05:36:13'),
	(271, 163, 40, '2023-07-15 05:36:13', '2023-07-15 05:36:13'),
	(272, 3, 32, '2023-07-15 05:36:13', '2023-07-15 05:36:13'),
	(273, 150, 83, '2023-07-15 05:36:13', '2023-07-15 05:36:13'),
	(274, 148, 1, '2023-07-15 05:36:13', '2023-07-15 05:36:13'),
	(275, 22, 31, '2023-07-15 05:36:13', '2023-07-15 05:36:13'),
	(276, 197, 80, '2023-07-15 05:36:13', '2023-07-15 05:36:13'),
	(277, 72, 24, '2023-07-15 05:36:13', '2023-07-15 05:36:13'),
	(278, 132, 94, '2023-07-15 05:36:13', '2023-07-15 05:36:13'),
	(279, 169, 53, '2023-07-15 05:36:13', '2023-07-15 05:36:13'),
	(280, 75, 6, '2023-07-15 05:36:13', '2023-07-15 05:36:13'),
	(281, 167, 67, '2023-07-15 05:36:13', '2023-07-15 05:36:13'),
	(282, 46, 82, '2023-07-15 05:36:13', '2023-07-15 05:36:13'),
	(283, 4, 5, '2023-07-15 05:36:13', '2023-07-15 05:36:13'),
	(284, 65, 100, '2023-07-15 05:36:13', '2023-07-15 05:36:13'),
	(285, 165, 12, '2023-07-15 05:36:13', '2023-07-15 05:36:13'),
	(286, 101, 31, '2023-07-15 05:36:13', '2023-07-15 05:36:13'),
	(287, 91, 63, '2023-07-15 05:36:13', '2023-07-15 05:36:13'),
	(288, 115, 69, '2023-07-15 05:36:13', '2023-07-15 05:36:13'),
	(289, 79, 88, '2023-07-15 05:36:13', '2023-07-15 05:36:13'),
	(290, 33, 43, '2023-07-15 05:36:13', '2023-07-15 05:36:13'),
	(291, 35, 6, '2023-07-15 05:36:13', '2023-07-15 05:36:13'),
	(292, 20, 67, '2023-07-15 05:36:13', '2023-07-15 05:36:13'),
	(293, 186, 13, '2023-07-15 05:36:13', '2023-07-15 05:36:13'),
	(294, 20, 77, '2023-07-15 05:36:13', '2023-07-15 05:36:13'),
	(295, 72, 99, '2023-07-15 05:36:13', '2023-07-15 05:36:13'),
	(296, 169, 1, '2023-07-15 05:36:13', '2023-07-15 05:36:13'),
	(297, 186, 6, '2023-07-15 05:36:13', '2023-07-15 05:36:13'),
	(298, 120, 14, '2023-07-15 05:36:13', '2023-07-15 05:36:13'),
	(299, 147, 83, '2023-07-15 05:36:13', '2023-07-15 05:36:13'),
	(300, 98, 7, '2023-07-15 05:36:13', '2023-07-15 05:36:13'),
	(301, 26, 83, '2023-07-15 05:36:13', '2023-07-15 05:36:13'),
	(302, 13, 86, '2023-07-15 05:36:13', '2023-07-15 05:36:13'),
	(303, 168, 8, '2023-07-15 05:36:13', '2023-07-15 05:36:13'),
	(304, 22, 18, '2023-07-15 05:36:13', '2023-07-15 05:36:13'),
	(305, 136, 98, '2023-07-15 05:36:13', '2023-07-15 05:36:13'),
	(306, 71, 12, '2023-07-15 05:36:13', '2023-07-15 05:36:13'),
	(307, 104, 99, '2023-07-15 05:36:13', '2023-07-15 05:36:13'),
	(308, 160, 31, '2023-07-15 05:36:13', '2023-07-15 05:36:13'),
	(309, 116, 90, '2023-07-15 05:36:13', '2023-07-15 05:36:13'),
	(310, 28, 11, '2023-07-15 05:36:13', '2023-07-15 05:36:13'),
	(311, 6, 69, '2023-07-15 05:36:13', '2023-07-15 05:36:13'),
	(312, 73, 69, '2023-07-15 05:36:13', '2023-07-15 05:36:13'),
	(313, 166, 40, '2023-07-15 05:36:13', '2023-07-15 05:36:13'),
	(314, 53, 98, '2023-07-15 05:36:13', '2023-07-15 05:36:13'),
	(315, 142, 83, '2023-07-15 05:36:13', '2023-07-15 05:36:13'),
	(316, 108, 88, '2023-07-15 05:36:13', '2023-07-15 05:36:13'),
	(317, 197, 37, '2023-07-15 05:36:13', '2023-07-15 05:36:13'),
	(318, 106, 86, '2023-07-15 05:36:13', '2023-07-15 05:36:13'),
	(319, 5, 40, '2023-07-15 05:36:13', '2023-07-15 05:36:13'),
	(320, 56, 85, '2023-07-15 05:36:13', '2023-07-15 05:36:13'),
	(321, 193, 43, '2023-07-15 05:36:13', '2023-07-15 05:36:13'),
	(322, 119, 83, '2023-07-15 05:36:13', '2023-07-15 05:36:13'),
	(323, 171, 8, '2023-07-15 05:36:13', '2023-07-15 05:36:13'),
	(324, 92, 69, '2023-07-15 05:36:13', '2023-07-15 05:36:13'),
	(325, 161, 75, '2023-07-15 05:36:13', '2023-07-15 05:36:13'),
	(326, 25, 83, '2023-07-15 05:36:13', '2023-07-15 05:36:13'),
	(327, 41, 37, '2023-07-15 05:36:13', '2023-07-15 05:36:13'),
	(328, 24, 36, '2023-07-15 05:36:13', '2023-07-15 05:36:13'),
	(329, 115, 98, '2023-07-15 05:36:13', '2023-07-15 05:36:13'),
	(330, 199, 62, '2023-07-15 05:36:13', '2023-07-15 05:36:13'),
	(331, 179, 50, '2023-07-15 05:36:13', '2023-07-15 05:36:13'),
	(332, 142, 90, '2023-07-15 05:36:13', '2023-07-15 05:36:13'),
	(333, 163, 85, '2023-07-15 05:36:13', '2023-07-15 05:36:13'),
	(334, 17, 8, '2023-07-15 05:36:13', '2023-07-15 05:36:13'),
	(335, 83, 80, '2023-07-15 05:36:13', '2023-07-15 05:36:13'),
	(336, 139, 50, '2023-07-15 05:36:13', '2023-07-15 05:36:13'),
	(337, 102, 88, '2023-07-15 05:36:13', '2023-07-15 05:36:13'),
	(338, 177, 12, '2023-07-15 05:36:13', '2023-07-15 05:36:13'),
	(339, 173, 70, '2023-07-15 05:36:13', '2023-07-15 05:36:13'),
	(340, 6, 75, '2023-07-15 05:36:13', '2023-07-15 05:36:13'),
	(341, 82, 50, '2023-07-15 05:36:13', '2023-07-15 05:36:13'),
	(342, 126, 40, '2023-07-15 05:36:13', '2023-07-15 05:36:13'),
	(343, 65, 34, '2023-07-15 05:36:13', '2023-07-15 05:36:13'),
	(344, 200, 14, '2023-07-15 05:36:13', '2023-07-15 05:36:13'),
	(345, 186, 85, '2023-07-15 05:36:13', '2023-07-15 05:36:13'),
	(346, 193, 94, '2023-07-15 05:36:13', '2023-07-15 05:36:13'),
	(347, 3, 62, '2023-07-15 05:36:13', '2023-07-15 05:36:13'),
	(348, 173, 98, '2023-07-15 05:36:13', '2023-07-15 05:36:13'),
	(349, 168, 31, '2023-07-15 05:36:13', '2023-07-15 05:36:13'),
	(350, 157, 14, '2023-07-15 05:36:13', '2023-07-15 05:36:13'),
	(351, 175, 12, '2023-07-15 05:36:13', '2023-07-15 05:36:13'),
	(352, 116, 12, '2023-07-15 05:36:13', '2023-07-15 05:36:13'),
	(353, 60, 99, '2023-07-15 05:36:13', '2023-07-15 05:36:13'),
	(354, 24, 21, '2023-07-15 05:36:13', '2023-07-15 05:36:13'),
	(355, 85, 8, '2023-07-15 05:36:13', '2023-07-15 05:36:13'),
	(356, 63, 53, '2023-07-15 05:36:13', '2023-07-15 05:36:13'),
	(357, 104, 5, '2023-07-15 05:36:13', '2023-07-15 05:36:13'),
	(358, 23, 24, '2023-07-15 05:36:13', '2023-07-15 05:36:13'),
	(359, 99, 31, '2023-07-15 05:36:13', '2023-07-15 05:36:13'),
	(360, 78, 24, '2023-07-15 05:36:13', '2023-07-15 05:36:13'),
	(361, 71, 67, '2023-07-15 05:36:13', '2023-07-15 05:36:13'),
	(362, 83, 53, '2023-07-15 05:36:13', '2023-07-15 05:36:13'),
	(363, 38, 69, '2023-07-15 05:36:13', '2023-07-15 05:36:13'),
	(364, 5, 27, '2023-07-15 05:36:13', '2023-07-15 05:36:13'),
	(365, 101, 53, '2023-07-15 05:36:13', '2023-07-15 05:36:13'),
	(366, 161, 21, '2023-07-15 05:36:13', '2023-07-15 05:36:13'),
	(367, 132, 77, '2023-07-15 05:36:13', '2023-07-15 05:36:13'),
	(368, 185, 58, '2023-07-15 05:36:13', '2023-07-15 05:36:13'),
	(369, 118, 27, '2023-07-15 05:36:13', '2023-07-15 05:36:13'),
	(370, 52, 12, '2023-07-15 05:36:13', '2023-07-15 05:36:13'),
	(371, 64, 83, '2023-07-15 05:36:13', '2023-07-15 05:36:13'),
	(372, 39, 98, '2023-07-15 05:36:13', '2023-07-15 05:36:13'),
	(373, 44, 81, '2023-07-15 05:36:13', '2023-07-15 05:36:13'),
	(374, 185, 11, '2023-07-15 05:36:13', '2023-07-15 05:36:13'),
	(375, 68, 27, '2023-07-15 05:36:13', '2023-07-15 05:36:13'),
	(376, 5, 77, '2023-07-15 05:36:13', '2023-07-15 05:36:13'),
	(377, 48, 88, '2023-07-15 05:36:13', '2023-07-15 05:36:13'),
	(378, 152, 91, '2023-07-15 05:36:14', '2023-07-15 05:36:14'),
	(379, 52, 11, '2023-07-15 05:36:14', '2023-07-15 05:36:14'),
	(380, 98, 77, '2023-07-15 05:36:14', '2023-07-15 05:36:14'),
	(381, 104, 83, '2023-07-15 05:36:14', '2023-07-15 05:36:14'),
	(382, 103, 36, '2023-07-15 05:36:14', '2023-07-15 05:36:14'),
	(383, 144, 70, '2023-07-15 05:36:14', '2023-07-15 05:36:14'),
	(384, 190, 58, '2023-07-15 05:36:14', '2023-07-15 05:36:14'),
	(385, 83, 85, '2023-07-15 05:36:14', '2023-07-15 05:36:14'),
	(386, 62, 14, '2023-07-15 05:36:14', '2023-07-15 05:36:14'),
	(387, 87, 1, '2023-07-15 05:36:14', '2023-07-15 05:36:14'),
	(388, 3, 12, '2023-07-15 05:36:14', '2023-07-15 05:36:14'),
	(389, 37, 85, '2023-07-15 05:36:14', '2023-07-15 05:36:14'),
	(390, 113, 8, '2023-07-15 05:36:14', '2023-07-15 05:36:14'),
	(391, 44, 16, '2023-07-15 05:36:14', '2023-07-15 05:36:14'),
	(392, 22, 32, '2023-07-15 05:36:14', '2023-07-15 05:36:14'),
	(393, 38, 99, '2023-07-15 05:36:14', '2023-07-15 05:36:14'),
	(394, 106, 80, '2023-07-15 05:36:14', '2023-07-15 05:36:14'),
	(395, 47, 20, '2023-07-15 05:36:14', '2023-07-15 05:36:14'),
	(396, 141, 50, '2023-07-15 05:36:14', '2023-07-15 05:36:14'),
	(397, 134, 8, '2023-07-15 05:36:14', '2023-07-15 05:36:14'),
	(398, 84, 70, '2023-07-15 05:36:14', '2023-07-15 05:36:14'),
	(399, 182, 2, '2023-07-15 05:36:14', '2023-07-15 05:36:14'),
	(400, 70, 67, '2023-07-15 05:36:14', '2023-07-15 05:36:14'),
	(401, 61, 77, '2023-07-15 05:36:14', '2023-07-15 05:36:14'),
	(402, 146, 11, '2023-07-15 05:36:14', '2023-07-15 05:36:14'),
	(403, 141, 8, '2023-07-15 05:36:14', '2023-07-15 05:36:14'),
	(404, 33, 50, '2023-07-15 05:36:14', '2023-07-15 05:36:14'),
	(405, 10, 77, '2023-07-15 05:36:14', '2023-07-15 05:36:14'),
	(406, 54, 37, '2023-07-15 05:36:14', '2023-07-15 05:36:14'),
	(407, 44, 16, '2023-07-15 05:36:14', '2023-07-15 05:36:14'),
	(408, 87, 62, '2023-07-15 05:36:14', '2023-07-15 05:36:14'),
	(409, 69, 6, '2023-07-15 05:36:14', '2023-07-15 05:36:14'),
	(410, 156, 67, '2023-07-15 05:36:14', '2023-07-15 05:36:14'),
	(411, 188, 82, '2023-07-15 05:36:14', '2023-07-15 05:36:14'),
	(412, 123, 63, '2023-07-15 05:36:14', '2023-07-15 05:36:14'),
	(413, 183, 63, '2023-07-15 05:36:14', '2023-07-15 05:36:14'),
	(414, 101, 28, '2023-07-15 05:36:14', '2023-07-15 05:36:14'),
	(415, 146, 24, '2023-07-15 05:36:14', '2023-07-15 05:36:14'),
	(416, 107, 91, '2023-07-15 05:36:14', '2023-07-15 05:36:14'),
	(417, 12, 34, '2023-07-15 05:36:14', '2023-07-15 05:36:14'),
	(418, 156, 81, '2023-07-15 05:36:14', '2023-07-15 05:36:14'),
	(419, 60, 13, '2023-07-15 05:36:14', '2023-07-15 05:36:14'),
	(420, 147, 24, '2023-07-15 05:36:14', '2023-07-15 05:36:14'),
	(421, 101, 21, '2023-07-15 05:36:14', '2023-07-15 05:36:14'),
	(422, 149, 7, '2023-07-15 05:36:14', '2023-07-15 05:36:14'),
	(423, 184, 31, '2023-07-15 05:36:14', '2023-07-15 05:36:14'),
	(424, 56, 28, '2023-07-15 05:36:14', '2023-07-15 05:36:14'),
	(425, 2, 80, '2023-07-15 05:36:14', '2023-07-15 05:36:14'),
	(426, 3, 83, '2023-07-15 05:36:14', '2023-07-15 05:36:14'),
	(427, 29, 86, '2023-07-15 05:36:14', '2023-07-15 05:36:14'),
	(428, 168, 25, '2023-07-15 05:36:14', '2023-07-15 05:36:14'),
	(429, 64, 81, '2023-07-15 05:36:14', '2023-07-15 05:36:14'),
	(430, 12, 58, '2023-07-15 05:36:14', '2023-07-15 05:36:14'),
	(431, 74, 2, '2023-07-15 05:36:14', '2023-07-15 05:36:14'),
	(432, 164, 25, '2023-07-15 05:36:14', '2023-07-15 05:36:14'),
	(433, 135, 88, '2023-07-15 05:36:14', '2023-07-15 05:36:14'),
	(434, 120, 40, '2023-07-15 05:36:14', '2023-07-15 05:36:14'),
	(435, 144, 70, '2023-07-15 05:36:14', '2023-07-15 05:36:14'),
	(436, 97, 77, '2023-07-15 05:36:14', '2023-07-15 05:36:14'),
	(437, 42, 28, '2023-07-15 05:36:14', '2023-07-15 05:36:14'),
	(438, 143, 69, '2023-07-15 05:36:14', '2023-07-15 05:36:14'),
	(439, 93, 58, '2023-07-15 05:36:14', '2023-07-15 05:36:14'),
	(440, 142, 21, '2023-07-15 05:36:14', '2023-07-15 05:36:14'),
	(441, 196, 67, '2023-07-15 05:36:14', '2023-07-15 05:36:14'),
	(442, 165, 7, '2023-07-15 05:36:14', '2023-07-15 05:36:14'),
	(443, 30, 50, '2023-07-15 05:36:14', '2023-07-15 05:36:14'),
	(444, 182, 99, '2023-07-15 05:36:14', '2023-07-15 05:36:14'),
	(445, 178, 70, '2023-07-15 05:36:14', '2023-07-15 05:36:14'),
	(446, 37, 85, '2023-07-15 05:36:14', '2023-07-15 05:36:14'),
	(447, 169, 80, '2023-07-15 05:36:14', '2023-07-15 05:36:14'),
	(448, 118, 5, '2023-07-15 05:36:14', '2023-07-15 05:36:14'),
	(449, 61, 16, '2023-07-15 05:36:14', '2023-07-15 05:36:14'),
	(450, 134, 82, '2023-07-15 05:36:14', '2023-07-15 05:36:14'),
	(451, 170, 27, '2023-07-15 05:36:14', '2023-07-15 05:36:14'),
	(452, 37, 43, '2023-07-15 05:36:14', '2023-07-15 05:36:14'),
	(453, 7, 88, '2023-07-15 05:36:14', '2023-07-15 05:36:14'),
	(454, 50, 4, '2023-07-15 05:36:14', '2023-07-15 05:36:14'),
	(455, 111, 6, '2023-07-15 05:36:14', '2023-07-15 05:36:14'),
	(456, 193, 37, '2023-07-15 05:36:14', '2023-07-15 05:36:14'),
	(457, 56, 12, '2023-07-15 05:36:14', '2023-07-15 05:36:14'),
	(458, 142, 50, '2023-07-15 05:36:14', '2023-07-15 05:36:14'),
	(459, 131, 58, '2023-07-15 05:36:14', '2023-07-15 05:36:14'),
	(460, 147, 98, '2023-07-15 05:36:14', '2023-07-15 05:36:14'),
	(461, 7, 20, '2023-07-15 05:36:14', '2023-07-15 05:36:14'),
	(462, 92, 28, '2023-07-15 05:36:14', '2023-07-15 05:36:14'),
	(463, 66, 40, '2023-07-15 05:36:14', '2023-07-15 05:36:14'),
	(464, 147, 78, '2023-07-15 05:36:14', '2023-07-15 05:36:14'),
	(465, 127, 58, '2023-07-15 05:36:14', '2023-07-15 05:36:14'),
	(466, 189, 31, '2023-07-15 05:36:14', '2023-07-15 05:36:14'),
	(467, 174, 14, '2023-07-15 05:36:14', '2023-07-15 05:36:14'),
	(468, 82, 16, '2023-07-15 05:36:14', '2023-07-15 05:36:14'),
	(469, 136, 13, '2023-07-15 05:36:14', '2023-07-15 05:36:14'),
	(470, 157, 40, '2023-07-15 05:36:14', '2023-07-15 05:36:14'),
	(471, 85, 98, '2023-07-15 05:36:14', '2023-07-15 05:36:14'),
	(472, 44, 11, '2023-07-15 05:36:14', '2023-07-15 05:36:14'),
	(473, 189, 21, '2023-07-15 05:36:14', '2023-07-15 05:36:14'),
	(474, 135, 62, '2023-07-15 05:36:14', '2023-07-15 05:36:14'),
	(475, 82, 21, '2023-07-15 05:36:14', '2023-07-15 05:36:14'),
	(476, 146, 67, '2023-07-15 05:36:14', '2023-07-15 05:36:14'),
	(477, 83, 78, '2023-07-15 05:36:14', '2023-07-15 05:36:14'),
	(478, 24, 8, '2023-07-15 05:36:14', '2023-07-15 05:36:14'),
	(479, 182, 100, '2023-07-15 05:36:14', '2023-07-15 05:36:14'),
	(480, 174, 12, '2023-07-15 05:36:14', '2023-07-15 05:36:14'),
	(481, 108, 32, '2023-07-15 05:36:14', '2023-07-15 05:36:14'),
	(482, 62, 99, '2023-07-15 05:36:15', '2023-07-15 05:36:15'),
	(483, 22, 8, '2023-07-15 05:36:15', '2023-07-15 05:36:15'),
	(484, 4, 36, '2023-07-15 05:36:15', '2023-07-15 05:36:15'),
	(485, 33, 2, '2023-07-15 05:36:15', '2023-07-15 05:36:15'),
	(486, 36, 98, '2023-07-15 05:36:15', '2023-07-15 05:36:15'),
	(487, 69, 75, '2023-07-15 05:36:15', '2023-07-15 05:36:15'),
	(488, 17, 100, '2023-07-15 05:36:15', '2023-07-15 05:36:15'),
	(489, 27, 99, '2023-07-15 05:36:15', '2023-07-15 05:36:15'),
	(490, 150, 88, '2023-07-15 05:36:15', '2023-07-15 05:36:15'),
	(491, 111, 34, '2023-07-15 05:36:15', '2023-07-15 05:36:15'),
	(492, 167, 34, '2023-07-15 05:36:15', '2023-07-15 05:36:15'),
	(493, 132, 78, '2023-07-15 05:36:15', '2023-07-15 05:36:15'),
	(494, 184, 62, '2023-07-15 05:36:15', '2023-07-15 05:36:15'),
	(495, 139, 100, '2023-07-15 05:36:15', '2023-07-15 05:36:15'),
	(496, 126, 27, '2023-07-15 05:36:15', '2023-07-15 05:36:15'),
	(497, 171, 37, '2023-07-15 05:36:15', '2023-07-15 05:36:15'),
	(498, 181, 83, '2023-07-15 05:36:15', '2023-07-15 05:36:15'),
	(499, 15, 20, '2023-07-15 05:36:15', '2023-07-15 05:36:15'),
	(500, 36, 5, '2023-07-15 05:36:15', '2023-07-15 05:36:15'),
	(501, 134, 8, '2023-07-15 05:36:15', '2023-07-15 05:36:15'),
	(502, 175, 20, '2023-07-15 05:36:15', '2023-07-15 05:36:15'),
	(503, 168, 98, '2023-07-15 05:36:15', '2023-07-15 05:36:15'),
	(504, 97, 63, '2023-07-15 05:36:15', '2023-07-15 05:36:15'),
	(505, 161, 70, '2023-07-15 05:36:15', '2023-07-15 05:36:15'),
	(506, 146, 99, '2023-07-15 05:36:15', '2023-07-15 05:36:15'),
	(507, 5, 34, '2023-07-15 05:36:15', '2023-07-15 05:36:15'),
	(508, 118, 16, '2023-07-15 05:36:15', '2023-07-15 05:36:15'),
	(509, 52, 20, '2023-07-15 05:36:15', '2023-07-15 05:36:15'),
	(510, 200, 6, '2023-07-15 05:36:15', '2023-07-15 05:36:15'),
	(511, 131, 14, '2023-07-15 05:36:15', '2023-07-15 05:36:15'),
	(512, 111, 67, '2023-07-15 05:36:15', '2023-07-15 05:36:15'),
	(513, 28, 20, '2023-07-15 05:36:15', '2023-07-15 05:36:15'),
	(514, 63, 13, '2023-07-15 05:36:15', '2023-07-15 05:36:15'),
	(515, 56, 5, '2023-07-15 05:36:15', '2023-07-15 05:36:15'),
	(516, 53, 8, '2023-07-15 05:36:15', '2023-07-15 05:36:15'),
	(517, 46, 88, '2023-07-15 05:36:15', '2023-07-15 05:36:15'),
	(518, 103, 4, '2023-07-15 05:36:15', '2023-07-15 05:36:15'),
	(519, 45, 62, '2023-07-15 05:36:15', '2023-07-15 05:36:15'),
	(520, 1, 88, '2023-07-15 05:36:15', '2023-07-15 05:36:15'),
	(521, 48, 4, '2023-07-15 05:36:15', '2023-07-15 05:36:15'),
	(522, 15, 63, '2023-07-15 05:36:15', '2023-07-15 05:36:15'),
	(523, 193, 88, '2023-07-15 05:36:15', '2023-07-15 05:36:15'),
	(524, 66, 91, '2023-07-15 05:36:15', '2023-07-15 05:36:15'),
	(525, 143, 6, '2023-07-15 05:36:15', '2023-07-15 05:36:15'),
	(526, 81, 4, '2023-07-15 05:36:15', '2023-07-15 05:36:15'),
	(527, 8, 69, '2023-07-15 05:36:15', '2023-07-15 05:36:15'),
	(528, 177, 82, '2023-07-15 05:36:15', '2023-07-15 05:36:15'),
	(529, 75, 94, '2023-07-15 05:36:15', '2023-07-15 05:36:15'),
	(530, 5, 86, '2023-07-15 05:36:15', '2023-07-15 05:36:15'),
	(531, 158, 37, '2023-07-15 05:36:15', '2023-07-15 05:36:15'),
	(532, 72, 90, '2023-07-15 05:36:15', '2023-07-15 05:36:15'),
	(533, 97, 12, '2023-07-15 05:36:15', '2023-07-15 05:36:15'),
	(534, 114, 21, '2023-07-15 05:36:15', '2023-07-15 05:36:15'),
	(535, 173, 75, '2023-07-15 05:36:15', '2023-07-15 05:36:15'),
	(536, 22, 21, '2023-07-15 05:36:15', '2023-07-15 05:36:15'),
	(537, 195, 13, '2023-07-15 05:36:15', '2023-07-15 05:36:15'),
	(538, 180, 70, '2023-07-15 05:36:15', '2023-07-15 05:36:15'),
	(539, 119, 21, '2023-07-15 05:36:15', '2023-07-15 05:36:15'),
	(540, 113, 99, '2023-07-15 05:36:15', '2023-07-15 05:36:15'),
	(541, 130, 40, '2023-07-15 05:36:15', '2023-07-15 05:36:15'),
	(542, 45, 86, '2023-07-15 05:36:15', '2023-07-15 05:36:15'),
	(543, 83, 40, '2023-07-15 05:36:15', '2023-07-15 05:36:15'),
	(544, 192, 1, '2023-07-15 05:36:15', '2023-07-15 05:36:15'),
	(545, 59, 43, '2023-07-15 05:36:15', '2023-07-15 05:36:15'),
	(546, 120, 75, '2023-07-15 05:36:15', '2023-07-15 05:36:15'),
	(547, 43, 91, '2023-07-15 05:36:15', '2023-07-15 05:36:15'),
	(548, 88, 58, '2023-07-15 05:36:15', '2023-07-15 05:36:15'),
	(549, 173, 98, '2023-07-15 05:36:15', '2023-07-15 05:36:15'),
	(550, 109, 11, '2023-07-15 05:36:15', '2023-07-15 05:36:15'),
	(551, 103, 8, '2023-07-15 05:36:15', '2023-07-15 05:36:15'),
	(552, 40, 21, '2023-07-15 05:36:15', '2023-07-15 05:36:15'),
	(553, 168, 67, '2023-07-15 05:36:15', '2023-07-15 05:36:15'),
	(554, 161, 62, '2023-07-15 05:36:15', '2023-07-15 05:36:15'),
	(555, 184, 82, '2023-07-15 05:36:15', '2023-07-15 05:36:15'),
	(556, 66, 5, '2023-07-15 05:36:15', '2023-07-15 05:36:15'),
	(557, 27, 90, '2023-07-15 05:36:15', '2023-07-15 05:36:15'),
	(558, 167, 67, '2023-07-15 05:36:15', '2023-07-15 05:36:15'),
	(559, 177, 70, '2023-07-15 05:36:15', '2023-07-15 05:36:15'),
	(560, 193, 70, '2023-07-15 05:36:15', '2023-07-15 05:36:15'),
	(561, 8, 53, '2023-07-15 05:36:15', '2023-07-15 05:36:15'),
	(562, 171, 69, '2023-07-15 05:36:15', '2023-07-15 05:36:15'),
	(563, 13, 81, '2023-07-15 05:36:15', '2023-07-15 05:36:15'),
	(564, 51, 5, '2023-07-15 05:36:15', '2023-07-15 05:36:15'),
	(565, 87, 24, '2023-07-15 05:36:15', '2023-07-15 05:36:15'),
	(566, 93, 70, '2023-07-15 05:36:15', '2023-07-15 05:36:15'),
	(567, 182, 53, '2023-07-15 05:36:15', '2023-07-15 05:36:15'),
	(568, 69, 100, '2023-07-15 05:36:15', '2023-07-15 05:36:15'),
	(569, 194, 4, '2023-07-15 05:36:15', '2023-07-15 05:36:15'),
	(570, 139, 100, '2023-07-15 05:36:15', '2023-07-15 05:36:15'),
	(571, 34, 4, '2023-07-15 05:36:15', '2023-07-15 05:36:15'),
	(572, 144, 40, '2023-07-15 05:36:15', '2023-07-15 05:36:15'),
	(573, 169, 99, '2023-07-15 05:36:15', '2023-07-15 05:36:15'),
	(574, 122, 8, '2023-07-15 05:36:15', '2023-07-15 05:36:15'),
	(575, 116, 11, '2023-07-15 05:36:15', '2023-07-15 05:36:15'),
	(576, 40, 36, '2023-07-15 05:36:15', '2023-07-15 05:36:15'),
	(577, 180, 83, '2023-07-15 05:36:15', '2023-07-15 05:36:15'),
	(578, 4, 6, '2023-07-15 05:36:15', '2023-07-15 05:36:15'),
	(579, 97, 16, '2023-07-15 05:36:15', '2023-07-15 05:36:15'),
	(580, 29, 32, '2023-07-15 05:36:15', '2023-07-15 05:36:15'),
	(581, 184, 36, '2023-07-15 05:36:15', '2023-07-15 05:36:15'),
	(582, 194, 99, '2023-07-15 05:36:15', '2023-07-15 05:36:15'),
	(583, 145, 63, '2023-07-15 05:36:15', '2023-07-15 05:36:15'),
	(584, 13, 40, '2023-07-15 05:36:15', '2023-07-15 05:36:15'),
	(585, 127, 70, '2023-07-15 05:36:15', '2023-07-15 05:36:15'),
	(586, 191, 90, '2023-07-15 05:36:15', '2023-07-15 05:36:15'),
	(587, 60, 99, '2023-07-15 05:36:15', '2023-07-15 05:36:15'),
	(588, 173, 80, '2023-07-15 05:36:15', '2023-07-15 05:36:15'),
	(589, 107, 70, '2023-07-15 05:36:15', '2023-07-15 05:36:15'),
	(590, 32, 58, '2023-07-15 05:36:15', '2023-07-15 05:36:15'),
	(591, 146, 75, '2023-07-15 05:36:15', '2023-07-15 05:36:15'),
	(592, 14, 81, '2023-07-15 05:36:16', '2023-07-15 05:36:16'),
	(593, 8, 16, '2023-07-15 05:36:16', '2023-07-15 05:36:16'),
	(594, 46, 69, '2023-07-15 05:36:16', '2023-07-15 05:36:16'),
	(595, 127, 6, '2023-07-15 05:36:16', '2023-07-15 05:36:16'),
	(596, 114, 6, '2023-07-15 05:36:16', '2023-07-15 05:36:16'),
	(597, 189, 27, '2023-07-15 05:36:16', '2023-07-15 05:36:16'),
	(598, 11, 34, '2023-07-15 05:36:16', '2023-07-15 05:36:16'),
	(599, 144, 43, '2023-07-15 05:36:16', '2023-07-15 05:36:16'),
	(600, 24, 77, '2023-07-15 05:36:16', '2023-07-15 05:36:16'),
	(601, 128, 40, '2023-07-15 05:36:16', '2023-07-15 05:36:16'),
	(602, 78, 24, '2023-07-15 05:36:16', '2023-07-15 05:36:16'),
	(603, 120, 88, '2023-07-15 05:36:16', '2023-07-15 05:36:16'),
	(604, 89, 69, '2023-07-15 05:36:16', '2023-07-15 05:36:16'),
	(605, 77, 37, '2023-07-15 05:36:16', '2023-07-15 05:36:16'),
	(606, 115, 70, '2023-07-15 05:36:16', '2023-07-15 05:36:16'),
	(607, 28, 12, '2023-07-15 05:36:16', '2023-07-15 05:36:16'),
	(608, 170, 82, '2023-07-15 05:36:16', '2023-07-15 05:36:16'),
	(609, 161, 100, '2023-07-15 05:36:16', '2023-07-15 05:36:16'),
	(610, 79, 86, '2023-07-15 05:36:16', '2023-07-15 05:36:16'),
	(611, 77, 4, '2023-07-15 05:36:16', '2023-07-15 05:36:16'),
	(612, 62, 28, '2023-07-15 05:36:16', '2023-07-15 05:36:16'),
	(613, 175, 77, '2023-07-15 05:36:16', '2023-07-15 05:36:16'),
	(614, 33, 21, '2023-07-15 05:36:16', '2023-07-15 05:36:16'),
	(615, 65, 8, '2023-07-15 05:36:16', '2023-07-15 05:36:16'),
	(616, 151, 75, '2023-07-15 05:36:16', '2023-07-15 05:36:16'),
	(617, 6, 11, '2023-07-15 05:36:16', '2023-07-15 05:36:16'),
	(618, 100, 40, '2023-07-15 05:36:16', '2023-07-15 05:36:16'),
	(619, 44, 94, '2023-07-15 05:36:16', '2023-07-15 05:36:16'),
	(620, 187, 20, '2023-07-15 05:36:16', '2023-07-15 05:36:16'),
	(621, 76, 21, '2023-07-15 05:36:16', '2023-07-15 05:36:16'),
	(622, 181, 11, '2023-07-15 05:36:16', '2023-07-15 05:36:16'),
	(623, 44, 86, '2023-07-15 05:36:16', '2023-07-15 05:36:16'),
	(624, 43, 100, '2023-07-15 05:36:16', '2023-07-15 05:36:16'),
	(625, 15, 81, '2023-07-15 05:36:16', '2023-07-15 05:36:16'),
	(626, 68, 6, '2023-07-15 05:36:16', '2023-07-15 05:36:16'),
	(627, 14, 28, '2023-07-15 05:36:16', '2023-07-15 05:36:16'),
	(628, 83, 34, '2023-07-15 05:36:16', '2023-07-15 05:36:16'),
	(629, 188, 36, '2023-07-15 05:36:16', '2023-07-15 05:36:16'),
	(630, 75, 50, '2023-07-15 05:36:16', '2023-07-15 05:36:16'),
	(631, 175, 91, '2023-07-15 05:36:16', '2023-07-15 05:36:16'),
	(632, 157, 18, '2023-07-15 05:36:16', '2023-07-15 05:36:16'),
	(633, 116, 34, '2023-07-15 05:36:16', '2023-07-15 05:36:16'),
	(634, 108, 2, '2023-07-15 05:36:16', '2023-07-15 05:36:16'),
	(635, 51, 31, '2023-07-15 05:36:16', '2023-07-15 05:36:16'),
	(636, 32, 34, '2023-07-15 05:36:16', '2023-07-15 05:36:16'),
	(637, 146, 82, '2023-07-15 05:36:16', '2023-07-15 05:36:16'),
	(638, 71, 34, '2023-07-15 05:36:16', '2023-07-15 05:36:16'),
	(639, 98, 25, '2023-07-15 05:36:16', '2023-07-15 05:36:16'),
	(640, 69, 37, '2023-07-15 05:36:16', '2023-07-15 05:36:16'),
	(641, 175, 20, '2023-07-15 05:36:16', '2023-07-15 05:36:16'),
	(642, 103, 18, '2023-07-15 05:36:16', '2023-07-15 05:36:16'),
	(643, 156, 98, '2023-07-15 05:36:16', '2023-07-15 05:36:16'),
	(644, 57, 94, '2023-07-15 05:36:16', '2023-07-15 05:36:16'),
	(645, 42, 69, '2023-07-15 05:36:16', '2023-07-15 05:36:16'),
	(646, 89, 85, '2023-07-15 05:36:16', '2023-07-15 05:36:16'),
	(647, 50, 98, '2023-07-15 05:36:16', '2023-07-15 05:36:16'),
	(648, 23, 86, '2023-07-15 05:36:16', '2023-07-15 05:36:16'),
	(649, 20, 12, '2023-07-15 05:36:16', '2023-07-15 05:36:16'),
	(650, 59, 34, '2023-07-15 05:36:16', '2023-07-15 05:36:16'),
	(651, 107, 43, '2023-07-15 05:36:16', '2023-07-15 05:36:16'),
	(652, 25, 37, '2023-07-15 05:36:16', '2023-07-15 05:36:16'),
	(653, 31, 58, '2023-07-15 05:36:16', '2023-07-15 05:36:16'),
	(654, 123, 85, '2023-07-15 05:36:16', '2023-07-15 05:36:16'),
	(655, 187, 80, '2023-07-15 05:36:16', '2023-07-15 05:36:16'),
	(656, 187, 13, '2023-07-15 05:36:16', '2023-07-15 05:36:16'),
	(657, 73, 50, '2023-07-15 05:36:16', '2023-07-15 05:36:16'),
	(658, 51, 53, '2023-07-15 05:36:16', '2023-07-15 05:36:16'),
	(659, 140, 78, '2023-07-15 05:36:16', '2023-07-15 05:36:16'),
	(660, 77, 16, '2023-07-15 05:36:16', '2023-07-15 05:36:16'),
	(661, 41, 88, '2023-07-15 05:36:16', '2023-07-15 05:36:16'),
	(662, 194, 88, '2023-07-15 05:36:16', '2023-07-15 05:36:16'),
	(663, 36, 88, '2023-07-15 05:36:16', '2023-07-15 05:36:16'),
	(664, 48, 24, '2023-07-15 05:36:16', '2023-07-15 05:36:16'),
	(665, 28, 43, '2023-07-15 05:36:16', '2023-07-15 05:36:16'),
	(666, 28, 80, '2023-07-15 05:36:16', '2023-07-15 05:36:16'),
	(667, 113, 21, '2023-07-15 05:36:16', '2023-07-15 05:36:16'),
	(668, 17, 67, '2023-07-15 05:36:16', '2023-07-15 05:36:16'),
	(669, 85, 25, '2023-07-15 05:36:16', '2023-07-15 05:36:16'),
	(670, 187, 85, '2023-07-15 05:36:16', '2023-07-15 05:36:16'),
	(671, 157, 69, '2023-07-15 05:36:16', '2023-07-15 05:36:16'),
	(672, 67, 63, '2023-07-15 05:36:16', '2023-07-15 05:36:16'),
	(673, 22, 83, '2023-07-15 05:36:16', '2023-07-15 05:36:16'),
	(674, 38, 67, '2023-07-15 05:36:16', '2023-07-15 05:36:16'),
	(675, 58, 28, '2023-07-15 05:36:16', '2023-07-15 05:36:16'),
	(676, 85, 63, '2023-07-15 05:36:16', '2023-07-15 05:36:16'),
	(677, 112, 75, '2023-07-15 05:36:16', '2023-07-15 05:36:16'),
	(678, 24, 99, '2023-07-15 05:36:16', '2023-07-15 05:36:16'),
	(679, 52, 75, '2023-07-15 05:36:16', '2023-07-15 05:36:16'),
	(680, 188, 99, '2023-07-15 05:36:16', '2023-07-15 05:36:16'),
	(681, 122, 28, '2023-07-15 05:36:16', '2023-07-15 05:36:16'),
	(682, 65, 69, '2023-07-15 05:36:16', '2023-07-15 05:36:16'),
	(683, 97, 20, '2023-07-15 05:36:16', '2023-07-15 05:36:16'),
	(684, 63, 69, '2023-07-15 05:36:16', '2023-07-15 05:36:16'),
	(685, 140, 100, '2023-07-15 05:36:16', '2023-07-15 05:36:16'),
	(686, 34, 18, '2023-07-15 05:36:16', '2023-07-15 05:36:16'),
	(687, 106, 5, '2023-07-15 05:36:16', '2023-07-15 05:36:16'),
	(688, 85, 20, '2023-07-15 05:36:16', '2023-07-15 05:36:16'),
	(689, 159, 25, '2023-07-15 05:36:16', '2023-07-15 05:36:16'),
	(690, 64, 5, '2023-07-15 05:36:16', '2023-07-15 05:36:16'),
	(691, 108, 69, '2023-07-15 05:36:16', '2023-07-15 05:36:16'),
	(692, 19, 5, '2023-07-15 05:36:16', '2023-07-15 05:36:16'),
	(693, 69, 98, '2023-07-15 05:36:16', '2023-07-15 05:36:16'),
	(694, 79, 37, '2023-07-15 05:36:16', '2023-07-15 05:36:16'),
	(695, 73, 1, '2023-07-15 05:36:16', '2023-07-15 05:36:16'),
	(696, 107, 100, '2023-07-15 05:36:16', '2023-07-15 05:36:16'),
	(697, 153, 63, '2023-07-15 05:36:16', '2023-07-15 05:36:16'),
	(698, 31, 20, '2023-07-15 05:36:17', '2023-07-15 05:36:17'),
	(699, 179, 12, '2023-07-15 05:36:17', '2023-07-15 05:36:17'),
	(700, 18, 100, '2023-07-15 05:36:17', '2023-07-15 05:36:17'),
	(701, 193, 12, '2023-07-15 05:36:17', '2023-07-15 05:36:17'),
	(702, 132, 100, '2023-07-15 05:36:17', '2023-07-15 05:36:17'),
	(703, 88, 20, '2023-07-15 05:36:17', '2023-07-15 05:36:17'),
	(704, 66, 88, '2023-07-15 05:36:17', '2023-07-15 05:36:17'),
	(705, 33, 32, '2023-07-15 05:36:17', '2023-07-15 05:36:17'),
	(706, 87, 86, '2023-07-15 05:36:17', '2023-07-15 05:36:17'),
	(707, 158, 11, '2023-07-15 05:36:17', '2023-07-15 05:36:17'),
	(708, 107, 8, '2023-07-15 05:36:17', '2023-07-15 05:36:17'),
	(709, 104, 31, '2023-07-15 05:36:17', '2023-07-15 05:36:17'),
	(710, 36, 98, '2023-07-15 05:36:17', '2023-07-15 05:36:17'),
	(711, 191, 7, '2023-07-15 05:36:17', '2023-07-15 05:36:17'),
	(712, 167, 43, '2023-07-15 05:36:17', '2023-07-15 05:36:17'),
	(713, 86, 70, '2023-07-15 05:36:17', '2023-07-15 05:36:17'),
	(714, 153, 83, '2023-07-15 05:36:17', '2023-07-15 05:36:17'),
	(715, 187, 24, '2023-07-15 05:36:17', '2023-07-15 05:36:17'),
	(716, 15, 90, '2023-07-15 05:36:17', '2023-07-15 05:36:17'),
	(717, 72, 1, '2023-07-15 05:36:17', '2023-07-15 05:36:17'),
	(718, 197, 83, '2023-07-15 05:36:17', '2023-07-15 05:36:17'),
	(719, 41, 40, '2023-07-15 05:36:17', '2023-07-15 05:36:17'),
	(720, 158, 16, '2023-07-15 05:36:17', '2023-07-15 05:36:17'),
	(721, 13, 88, '2023-07-15 05:36:17', '2023-07-15 05:36:17'),
	(722, 15, 37, '2023-07-15 05:36:17', '2023-07-15 05:36:17'),
	(723, 117, 7, '2023-07-15 05:36:17', '2023-07-15 05:36:17'),
	(724, 90, 94, '2023-07-15 05:36:17', '2023-07-15 05:36:17'),
	(725, 161, 86, '2023-07-15 05:36:17', '2023-07-15 05:36:17'),
	(726, 186, 12, '2023-07-15 05:36:17', '2023-07-15 05:36:17'),
	(727, 183, 62, '2023-07-15 05:36:17', '2023-07-15 05:36:17'),
	(728, 175, 100, '2023-07-15 05:36:17', '2023-07-15 05:36:17'),
	(729, 200, 43, '2023-07-15 05:36:17', '2023-07-15 05:36:17'),
	(730, 46, 90, '2023-07-15 05:36:17', '2023-07-15 05:36:17'),
	(731, 20, 86, '2023-07-15 05:36:17', '2023-07-15 05:36:17'),
	(732, 125, 7, '2023-07-15 05:36:17', '2023-07-15 05:36:17'),
	(733, 81, 83, '2023-07-15 05:36:17', '2023-07-15 05:36:17'),
	(734, 31, 6, '2023-07-15 05:36:17', '2023-07-15 05:36:17'),
	(735, 186, 28, '2023-07-15 05:36:17', '2023-07-15 05:36:17'),
	(736, 89, 14, '2023-07-15 05:36:17', '2023-07-15 05:36:17'),
	(737, 36, 81, '2023-07-15 05:36:17', '2023-07-15 05:36:17'),
	(738, 14, 36, '2023-07-15 05:36:17', '2023-07-15 05:36:17'),
	(739, 152, 100, '2023-07-15 05:36:17', '2023-07-15 05:36:17'),
	(740, 169, 62, '2023-07-15 05:36:17', '2023-07-15 05:36:17'),
	(741, 162, 18, '2023-07-15 05:36:17', '2023-07-15 05:36:17'),
	(742, 104, 99, '2023-07-15 05:36:17', '2023-07-15 05:36:17'),
	(743, 197, 63, '2023-07-15 05:36:17', '2023-07-15 05:36:17'),
	(744, 30, 80, '2023-07-15 05:36:17', '2023-07-15 05:36:17'),
	(745, 167, 91, '2023-07-15 05:36:17', '2023-07-15 05:36:17'),
	(746, 144, 14, '2023-07-15 05:36:17', '2023-07-15 05:36:17'),
	(747, 53, 75, '2023-07-15 05:36:17', '2023-07-15 05:36:17'),
	(748, 117, 53, '2023-07-15 05:36:17', '2023-07-15 05:36:17'),
	(749, 114, 4, '2023-07-15 05:36:17', '2023-07-15 05:36:17'),
	(750, 166, 25, '2023-07-15 05:36:17', '2023-07-15 05:36:17'),
	(751, 99, 94, '2023-07-15 05:36:17', '2023-07-15 05:36:17'),
	(752, 98, 13, '2023-07-15 05:36:17', '2023-07-15 05:36:17'),
	(753, 62, 85, '2023-07-15 05:36:17', '2023-07-15 05:36:17'),
	(754, 141, 12, '2023-07-15 05:36:17', '2023-07-15 05:36:17'),
	(755, 56, 25, '2023-07-15 05:36:17', '2023-07-15 05:36:17'),
	(756, 18, 36, '2023-07-15 05:36:17', '2023-07-15 05:36:17'),
	(757, 95, 98, '2023-07-15 05:36:17', '2023-07-15 05:36:17'),
	(758, 129, 99, '2023-07-15 05:36:17', '2023-07-15 05:36:17'),
	(759, 5, 20, '2023-07-15 05:36:17', '2023-07-15 05:36:17'),
	(760, 148, 37, '2023-07-15 05:36:17', '2023-07-15 05:36:17'),
	(761, 37, 8, '2023-07-15 05:36:17', '2023-07-15 05:36:17'),
	(762, 100, 31, '2023-07-15 05:36:17', '2023-07-15 05:36:17'),
	(763, 128, 86, '2023-07-15 05:36:17', '2023-07-15 05:36:17'),
	(764, 171, 8, '2023-07-15 05:36:17', '2023-07-15 05:36:17'),
	(765, 63, 83, '2023-07-15 05:36:17', '2023-07-15 05:36:17'),
	(766, 72, 2, '2023-07-15 05:36:17', '2023-07-15 05:36:17'),
	(767, 74, 94, '2023-07-15 05:36:17', '2023-07-15 05:36:17'),
	(768, 102, 20, '2023-07-15 05:36:17', '2023-07-15 05:36:17'),
	(769, 185, 58, '2023-07-15 05:36:17', '2023-07-15 05:36:17'),
	(770, 24, 12, '2023-07-15 05:36:17', '2023-07-15 05:36:17'),
	(771, 180, 14, '2023-07-15 05:36:17', '2023-07-15 05:36:17'),
	(772, 83, 7, '2023-07-15 05:36:17', '2023-07-15 05:36:17'),
	(773, 59, 4, '2023-07-15 05:36:17', '2023-07-15 05:36:17'),
	(774, 142, 14, '2023-07-15 05:36:17', '2023-07-15 05:36:17'),
	(775, 21, 100, '2023-07-15 05:36:17', '2023-07-15 05:36:17'),
	(776, 42, 12, '2023-07-15 05:36:17', '2023-07-15 05:36:17'),
	(777, 164, 20, '2023-07-15 05:36:17', '2023-07-15 05:36:17'),
	(778, 105, 27, '2023-07-15 05:36:17', '2023-07-15 05:36:17'),
	(779, 80, 94, '2023-07-15 05:36:17', '2023-07-15 05:36:17'),
	(780, 23, 12, '2023-07-15 05:36:17', '2023-07-15 05:36:17'),
	(781, 69, 2, '2023-07-15 05:36:17', '2023-07-15 05:36:17'),
	(782, 151, 85, '2023-07-15 05:36:17', '2023-07-15 05:36:17'),
	(783, 6, 5, '2023-07-15 05:36:17', '2023-07-15 05:36:17'),
	(784, 119, 14, '2023-07-15 05:36:17', '2023-07-15 05:36:17'),
	(785, 112, 94, '2023-07-15 05:36:17', '2023-07-15 05:36:17'),
	(786, 162, 86, '2023-07-15 05:36:17', '2023-07-15 05:36:17'),
	(787, 161, 62, '2023-07-15 05:36:17', '2023-07-15 05:36:17'),
	(788, 117, 5, '2023-07-15 05:36:17', '2023-07-15 05:36:17'),
	(789, 16, 27, '2023-07-15 05:36:17', '2023-07-15 05:36:17'),
	(790, 168, 7, '2023-07-15 05:36:17', '2023-07-15 05:36:17'),
	(791, 78, 98, '2023-07-15 05:36:17', '2023-07-15 05:36:17'),
	(792, 196, 32, '2023-07-15 05:36:17', '2023-07-15 05:36:17'),
	(793, 129, 11, '2023-07-15 05:36:18', '2023-07-15 05:36:18'),
	(794, 82, 75, '2023-07-15 05:36:18', '2023-07-15 05:36:18'),
	(795, 173, 34, '2023-07-15 05:36:18', '2023-07-15 05:36:18'),
	(796, 29, 11, '2023-07-15 05:36:18', '2023-07-15 05:36:18'),
	(797, 151, 83, '2023-07-15 05:36:18', '2023-07-15 05:36:18'),
	(798, 159, 94, '2023-07-15 05:36:18', '2023-07-15 05:36:18'),
	(799, 26, 98, '2023-07-15 05:36:18', '2023-07-15 05:36:18'),
	(800, 21, 36, '2023-07-15 05:36:18', '2023-07-15 05:36:18'),
	(801, 45, 100, '2023-07-15 05:36:18', '2023-07-15 05:36:18'),
	(802, 62, 67, '2023-07-15 05:36:18', '2023-07-15 05:36:18'),
	(803, 106, 43, '2023-07-15 05:36:18', '2023-07-15 05:36:18'),
	(804, 51, 6, '2023-07-15 05:36:18', '2023-07-15 05:36:18'),
	(805, 99, 70, '2023-07-15 05:36:18', '2023-07-15 05:36:18'),
	(806, 153, 1, '2023-07-15 05:36:18', '2023-07-15 05:36:18'),
	(807, 138, 88, '2023-07-15 05:36:18', '2023-07-15 05:36:18'),
	(808, 198, 85, '2023-07-15 05:36:18', '2023-07-15 05:36:18'),
	(809, 185, 37, '2023-07-15 05:36:18', '2023-07-15 05:36:18'),
	(810, 180, 50, '2023-07-15 05:36:18', '2023-07-15 05:36:18'),
	(811, 117, 50, '2023-07-15 05:36:18', '2023-07-15 05:36:18'),
	(812, 70, 91, '2023-07-15 05:36:18', '2023-07-15 05:36:18'),
	(813, 110, 86, '2023-07-15 05:36:18', '2023-07-15 05:36:18'),
	(814, 67, 69, '2023-07-15 05:36:18', '2023-07-15 05:36:18'),
	(815, 109, 63, '2023-07-15 05:36:18', '2023-07-15 05:36:18'),
	(816, 81, 86, '2023-07-15 05:36:18', '2023-07-15 05:36:18'),
	(817, 196, 69, '2023-07-15 05:36:18', '2023-07-15 05:36:18'),
	(818, 182, 62, '2023-07-15 05:36:18', '2023-07-15 05:36:18'),
	(819, 76, 78, '2023-07-15 05:36:18', '2023-07-15 05:36:18'),
	(820, 121, 34, '2023-07-15 05:36:18', '2023-07-15 05:36:18'),
	(821, 29, 2, '2023-07-15 05:36:18', '2023-07-15 05:36:18'),
	(822, 76, 2, '2023-07-15 05:36:18', '2023-07-15 05:36:18'),
	(823, 42, 25, '2023-07-15 05:36:18', '2023-07-15 05:36:18'),
	(824, 157, 91, '2023-07-15 05:36:18', '2023-07-15 05:36:18'),
	(825, 29, 69, '2023-07-15 05:36:18', '2023-07-15 05:36:18'),
	(826, 88, 31, '2023-07-15 05:36:18', '2023-07-15 05:36:18'),
	(827, 183, 78, '2023-07-15 05:36:18', '2023-07-15 05:36:18'),
	(828, 105, 27, '2023-07-15 05:36:18', '2023-07-15 05:36:18'),
	(829, 83, 50, '2023-07-15 05:36:18', '2023-07-15 05:36:18'),
	(830, 35, 53, '2023-07-15 05:36:18', '2023-07-15 05:36:18'),
	(831, 160, 21, '2023-07-15 05:36:18', '2023-07-15 05:36:18'),
	(832, 134, 1, '2023-07-15 05:36:18', '2023-07-15 05:36:18'),
	(833, 64, 18, '2023-07-15 05:36:18', '2023-07-15 05:36:18'),
	(834, 135, 24, '2023-07-15 05:36:18', '2023-07-15 05:36:18'),
	(835, 23, 43, '2023-07-15 05:36:18', '2023-07-15 05:36:18'),
	(836, 138, 100, '2023-07-15 05:36:18', '2023-07-15 05:36:18'),
	(837, 73, 36, '2023-07-15 05:36:18', '2023-07-15 05:36:18'),
	(838, 181, 27, '2023-07-15 05:36:18', '2023-07-15 05:36:18'),
	(839, 31, 13, '2023-07-15 05:36:18', '2023-07-15 05:36:18'),
	(840, 125, 18, '2023-07-15 05:36:18', '2023-07-15 05:36:18'),
	(841, 71, 43, '2023-07-15 05:36:18', '2023-07-15 05:36:18'),
	(842, 100, 81, '2023-07-15 05:36:18', '2023-07-15 05:36:18'),
	(843, 173, 7, '2023-07-15 05:36:18', '2023-07-15 05:36:18'),
	(844, 70, 75, '2023-07-15 05:36:18', '2023-07-15 05:36:18'),
	(845, 154, 34, '2023-07-15 05:36:18', '2023-07-15 05:36:18'),
	(846, 172, 86, '2023-07-15 05:36:18', '2023-07-15 05:36:18'),
	(847, 129, 78, '2023-07-15 05:36:18', '2023-07-15 05:36:18'),
	(848, 78, 31, '2023-07-15 05:36:18', '2023-07-15 05:36:18'),
	(849, 31, 8, '2023-07-15 05:36:18', '2023-07-15 05:36:18'),
	(850, 159, 31, '2023-07-15 05:36:18', '2023-07-15 05:36:18'),
	(851, 22, 90, '2023-07-15 05:36:18', '2023-07-15 05:36:18'),
	(852, 40, 78, '2023-07-15 05:36:18', '2023-07-15 05:36:18'),
	(853, 43, 91, '2023-07-15 05:36:18', '2023-07-15 05:36:18'),
	(854, 160, 90, '2023-07-15 05:36:18', '2023-07-15 05:36:18'),
	(855, 94, 78, '2023-07-15 05:36:18', '2023-07-15 05:36:18'),
	(856, 9, 28, '2023-07-15 05:36:18', '2023-07-15 05:36:18'),
	(857, 159, 21, '2023-07-15 05:36:18', '2023-07-15 05:36:18'),
	(858, 167, 98, '2023-07-15 05:36:18', '2023-07-15 05:36:18'),
	(859, 193, 75, '2023-07-15 05:36:18', '2023-07-15 05:36:18'),
	(860, 182, 12, '2023-07-15 05:36:18', '2023-07-15 05:36:18'),
	(861, 198, 90, '2023-07-15 05:36:18', '2023-07-15 05:36:18'),
	(862, 37, 7, '2023-07-15 05:36:18', '2023-07-15 05:36:18'),
	(863, 12, 58, '2023-07-15 05:36:18', '2023-07-15 05:36:18'),
	(864, 41, 77, '2023-07-15 05:36:18', '2023-07-15 05:36:18'),
	(865, 73, 12, '2023-07-15 05:36:18', '2023-07-15 05:36:18'),
	(866, 189, 70, '2023-07-15 05:36:18', '2023-07-15 05:36:18'),
	(867, 161, 21, '2023-07-15 05:36:18', '2023-07-15 05:36:18'),
	(868, 57, 43, '2023-07-15 05:36:18', '2023-07-15 05:36:18'),
	(869, 128, 25, '2023-07-15 05:36:18', '2023-07-15 05:36:18'),
	(870, 54, 32, '2023-07-15 05:36:18', '2023-07-15 05:36:18'),
	(871, 87, 67, '2023-07-15 05:36:18', '2023-07-15 05:36:18'),
	(872, 77, 94, '2023-07-15 05:36:18', '2023-07-15 05:36:18'),
	(873, 68, 31, '2023-07-15 05:36:18', '2023-07-15 05:36:18'),
	(874, 81, 6, '2023-07-15 05:36:18', '2023-07-15 05:36:18'),
	(875, 166, 31, '2023-07-15 05:36:18', '2023-07-15 05:36:18'),
	(876, 20, 13, '2023-07-15 05:36:18', '2023-07-15 05:36:18'),
	(877, 11, 28, '2023-07-15 05:36:18', '2023-07-15 05:36:18'),
	(878, 118, 75, '2023-07-15 05:36:18', '2023-07-15 05:36:18'),
	(879, 140, 4, '2023-07-15 05:36:18', '2023-07-15 05:36:18'),
	(880, 200, 34, '2023-07-15 05:36:18', '2023-07-15 05:36:18'),
	(881, 86, 7, '2023-07-15 05:36:18', '2023-07-15 05:36:18'),
	(882, 13, 36, '2023-07-15 05:36:18', '2023-07-15 05:36:18'),
	(883, 178, 78, '2023-07-15 05:36:18', '2023-07-15 05:36:18'),
	(884, 15, 8, '2023-07-15 05:36:18', '2023-07-15 05:36:18'),
	(885, 9, 70, '2023-07-15 05:36:18', '2023-07-15 05:36:18'),
	(886, 170, 6, '2023-07-15 05:36:18', '2023-07-15 05:36:18'),
	(887, 53, 2, '2023-07-15 05:36:18', '2023-07-15 05:36:18'),
	(888, 94, 37, '2023-07-15 05:36:18', '2023-07-15 05:36:18'),
	(889, 51, 63, '2023-07-15 05:36:18', '2023-07-15 05:36:18'),
	(890, 67, 16, '2023-07-15 05:36:18', '2023-07-15 05:36:18'),
	(891, 8, 69, '2023-07-15 05:36:18', '2023-07-15 05:36:18'),
	(892, 93, 1, '2023-07-15 05:36:18', '2023-07-15 05:36:18'),
	(893, 190, 86, '2023-07-15 05:36:18', '2023-07-15 05:36:18'),
	(894, 105, 5, '2023-07-15 05:36:18', '2023-07-15 05:36:18'),
	(895, 91, 75, '2023-07-15 05:36:18', '2023-07-15 05:36:18'),
	(896, 75, 11, '2023-07-15 05:36:19', '2023-07-15 05:36:19'),
	(897, 178, 75, '2023-07-15 05:36:19', '2023-07-15 05:36:19'),
	(898, 82, 83, '2023-07-15 05:36:19', '2023-07-15 05:36:19'),
	(899, 56, 37, '2023-07-15 05:36:19', '2023-07-15 05:36:19'),
	(900, 70, 90, '2023-07-15 05:36:19', '2023-07-15 05:36:19'),
	(901, 59, 63, '2023-07-15 05:36:19', '2023-07-15 05:36:19'),
	(902, 190, 24, '2023-07-15 05:36:19', '2023-07-15 05:36:19'),
	(903, 177, 18, '2023-07-15 05:36:19', '2023-07-15 05:36:19'),
	(904, 145, 24, '2023-07-15 05:36:19', '2023-07-15 05:36:19'),
	(905, 155, 11, '2023-07-15 05:36:19', '2023-07-15 05:36:19'),
	(906, 88, 21, '2023-07-15 05:36:19', '2023-07-15 05:36:19'),
	(907, 60, 12, '2023-07-15 05:36:19', '2023-07-15 05:36:19'),
	(908, 33, 99, '2023-07-15 05:36:19', '2023-07-15 05:36:19'),
	(909, 33, 25, '2023-07-15 05:36:19', '2023-07-15 05:36:19'),
	(910, 25, 12, '2023-07-15 05:36:19', '2023-07-15 05:36:19'),
	(911, 22, 11, '2023-07-15 05:36:19', '2023-07-15 05:36:19'),
	(912, 116, 20, '2023-07-15 05:36:19', '2023-07-15 05:36:19'),
	(913, 91, 69, '2023-07-15 05:36:19', '2023-07-15 05:36:19'),
	(914, 76, 91, '2023-07-15 05:36:19', '2023-07-15 05:36:19'),
	(915, 58, 31, '2023-07-15 05:36:19', '2023-07-15 05:36:19'),
	(916, 200, 90, '2023-07-15 05:36:19', '2023-07-15 05:36:19'),
	(917, 166, 40, '2023-07-15 05:36:19', '2023-07-15 05:36:19'),
	(918, 34, 50, '2023-07-15 05:36:19', '2023-07-15 05:36:19'),
	(919, 81, 69, '2023-07-15 05:36:19', '2023-07-15 05:36:19'),
	(920, 178, 8, '2023-07-15 05:36:19', '2023-07-15 05:36:19'),
	(921, 73, 36, '2023-07-15 05:36:19', '2023-07-15 05:36:19'),
	(922, 34, 6, '2023-07-15 05:36:19', '2023-07-15 05:36:19'),
	(923, 94, 90, '2023-07-15 05:36:19', '2023-07-15 05:36:19'),
	(924, 116, 28, '2023-07-15 05:36:19', '2023-07-15 05:36:19'),
	(925, 142, 13, '2023-07-15 05:36:19', '2023-07-15 05:36:19'),
	(926, 104, 63, '2023-07-15 05:36:19', '2023-07-15 05:36:19'),
	(927, 92, 34, '2023-07-15 05:36:19', '2023-07-15 05:36:19'),
	(928, 185, 78, '2023-07-15 05:36:19', '2023-07-15 05:36:19'),
	(929, 7, 53, '2023-07-15 05:36:19', '2023-07-15 05:36:19'),
	(930, 117, 7, '2023-07-15 05:36:19', '2023-07-15 05:36:19'),
	(931, 59, 4, '2023-07-15 05:36:19', '2023-07-15 05:36:19'),
	(932, 191, 88, '2023-07-15 05:36:19', '2023-07-15 05:36:19'),
	(933, 112, 20, '2023-07-15 05:36:19', '2023-07-15 05:36:19'),
	(934, 180, 12, '2023-07-15 05:36:19', '2023-07-15 05:36:19'),
	(935, 131, 53, '2023-07-15 05:36:19', '2023-07-15 05:36:19'),
	(936, 134, 2, '2023-07-15 05:36:19', '2023-07-15 05:36:19'),
	(937, 125, 32, '2023-07-15 05:36:19', '2023-07-15 05:36:19'),
	(938, 105, 100, '2023-07-15 05:36:19', '2023-07-15 05:36:19'),
	(939, 106, 78, '2023-07-15 05:36:19', '2023-07-15 05:36:19'),
	(940, 172, 94, '2023-07-15 05:36:19', '2023-07-15 05:36:19'),
	(941, 129, 12, '2023-07-15 05:36:19', '2023-07-15 05:36:19'),
	(942, 77, 20, '2023-07-15 05:36:19', '2023-07-15 05:36:19'),
	(943, 5, 69, '2023-07-15 05:36:19', '2023-07-15 05:36:19'),
	(944, 107, 13, '2023-07-15 05:36:19', '2023-07-15 05:36:19'),
	(945, 29, 67, '2023-07-15 05:36:19', '2023-07-15 05:36:19'),
	(946, 79, 80, '2023-07-15 05:36:19', '2023-07-15 05:36:19'),
	(947, 155, 2, '2023-07-15 05:36:19', '2023-07-15 05:36:19'),
	(948, 81, 2, '2023-07-15 05:36:19', '2023-07-15 05:36:19'),
	(949, 88, 28, '2023-07-15 05:36:19', '2023-07-15 05:36:19'),
	(950, 63, 5, '2023-07-15 05:36:19', '2023-07-15 05:36:19'),
	(951, 54, 8, '2023-07-15 05:36:19', '2023-07-15 05:36:19'),
	(952, 85, 20, '2023-07-15 05:36:19', '2023-07-15 05:36:19'),
	(953, 136, 32, '2023-07-15 05:36:19', '2023-07-15 05:36:19'),
	(954, 85, 75, '2023-07-15 05:36:19', '2023-07-15 05:36:19'),
	(955, 151, 53, '2023-07-15 05:36:19', '2023-07-15 05:36:19'),
	(956, 22, 43, '2023-07-15 05:36:19', '2023-07-15 05:36:19'),
	(957, 15, 40, '2023-07-15 05:36:19', '2023-07-15 05:36:19'),
	(958, 175, 31, '2023-07-15 05:36:19', '2023-07-15 05:36:19'),
	(959, 149, 80, '2023-07-15 05:36:19', '2023-07-15 05:36:19'),
	(960, 148, 98, '2023-07-15 05:36:19', '2023-07-15 05:36:19'),
	(961, 79, 24, '2023-07-15 05:36:19', '2023-07-15 05:36:19'),
	(962, 60, 58, '2023-07-15 05:36:19', '2023-07-15 05:36:19'),
	(963, 105, 70, '2023-07-15 05:36:19', '2023-07-15 05:36:19'),
	(964, 26, 85, '2023-07-15 05:36:19', '2023-07-15 05:36:19'),
	(965, 168, 20, '2023-07-15 05:36:19', '2023-07-15 05:36:19'),
	(966, 191, 83, '2023-07-15 05:36:19', '2023-07-15 05:36:19'),
	(967, 118, 6, '2023-07-15 05:36:19', '2023-07-15 05:36:19'),
	(968, 18, 25, '2023-07-15 05:36:19', '2023-07-15 05:36:19'),
	(969, 65, 91, '2023-07-15 05:36:19', '2023-07-15 05:36:19'),
	(970, 172, 13, '2023-07-15 05:36:19', '2023-07-15 05:36:19'),
	(971, 139, 67, '2023-07-15 05:36:19', '2023-07-15 05:36:19'),
	(972, 145, 8, '2023-07-15 05:36:19', '2023-07-15 05:36:19'),
	(973, 115, 53, '2023-07-15 05:36:19', '2023-07-15 05:36:19'),
	(974, 140, 78, '2023-07-15 05:36:19', '2023-07-15 05:36:19'),
	(975, 44, 7, '2023-07-15 05:36:19', '2023-07-15 05:36:19'),
	(976, 105, 90, '2023-07-15 05:36:19', '2023-07-15 05:36:19'),
	(977, 20, 31, '2023-07-15 05:36:19', '2023-07-15 05:36:19'),
	(978, 167, 6, '2023-07-15 05:36:19', '2023-07-15 05:36:19'),
	(979, 117, 21, '2023-07-15 05:36:19', '2023-07-15 05:36:19'),
	(980, 86, 86, '2023-07-15 05:36:19', '2023-07-15 05:36:19'),
	(981, 13, 50, '2023-07-15 05:36:19', '2023-07-15 05:36:19'),
	(982, 150, 58, '2023-07-15 05:36:19', '2023-07-15 05:36:19'),
	(983, 184, 99, '2023-07-15 05:36:19', '2023-07-15 05:36:19'),
	(984, 54, 8, '2023-07-15 05:36:19', '2023-07-15 05:36:19'),
	(985, 135, 69, '2023-07-15 05:36:19', '2023-07-15 05:36:19'),
	(986, 181, 37, '2023-07-15 05:36:19', '2023-07-15 05:36:19'),
	(987, 108, 58, '2023-07-15 05:36:19', '2023-07-15 05:36:19'),
	(988, 111, 91, '2023-07-15 05:36:19', '2023-07-15 05:36:19'),
	(989, 78, 24, '2023-07-15 05:36:19', '2023-07-15 05:36:19'),
	(990, 142, 81, '2023-07-15 05:36:19', '2023-07-15 05:36:19'),
	(991, 190, 24, '2023-07-15 05:36:19', '2023-07-15 05:36:19'),
	(992, 72, 6, '2023-07-15 05:36:19', '2023-07-15 05:36:19'),
	(993, 171, 100, '2023-07-15 05:36:19', '2023-07-15 05:36:19'),
	(994, 182, 8, '2023-07-15 05:36:19', '2023-07-15 05:36:19'),
	(995, 194, 7, '2023-07-15 05:36:19', '2023-07-15 05:36:19'),
	(996, 177, 75, '2023-07-15 05:36:19', '2023-07-15 05:36:19'),
	(997, 122, 85, '2023-07-15 05:36:19', '2023-07-15 05:36:19'),
	(998, 108, 53, '2023-07-15 05:36:19', '2023-07-15 05:36:19'),
	(999, 152, 16, '2023-07-15 05:36:19', '2023-07-15 05:36:19'),
	(1000, 116, 5, '2023-07-15 05:36:19', '2023-07-15 05:36:19');

-- Dumping structure for table aurora.profiles
CREATE TABLE IF NOT EXISTS `profiles` (
  `id` bigint(20) unsigned NOT NULL AUTO_INCREMENT,
  `user_id` bigint(20) unsigned NOT NULL,
  `approved` tinyint(1) NOT NULL DEFAULT 0,
  `username` varchar(255) DEFAULT NULL,
  `qr_code` blob DEFAULT NULL,
  `logo` varchar(255) DEFAULT NULL,
  `name` varchar(255) DEFAULT NULL,
  `contact_person` varchar(255) DEFAULT NULL,
  `address` text DEFAULT NULL,
  `city_id` bigint(20) unsigned DEFAULT NULL,
  `contact_number_1` varchar(255) DEFAULT NULL,
  `contact_number_2` varchar(255) DEFAULT NULL,
  `contact_number_3` varchar(255) DEFAULT NULL,
  `email_1` varchar(255) DEFAULT NULL,
  `email_2` varchar(255) DEFAULT NULL,
  `email_3` varchar(255) DEFAULT NULL,
  `about` longtext DEFAULT NULL,
  `website` varchar(255) DEFAULT NULL,
  `map_link` varchar(255) DEFAULT NULL,
  `facebook` varchar(255) DEFAULT NULL,
  `instagram` varchar(255) DEFAULT NULL,
  `twitter` varchar(255) DEFAULT NULL,
  `linkedin` varchar(255) DEFAULT NULL,
  `category_ids` text DEFAULT NULL,
  `tax_number` varchar(255) DEFAULT NULL,
  `vat_number` varchar(255) DEFAULT NULL,
  `employee_range_id` bigint(20) unsigned DEFAULT NULL,
  `business_license` varchar(255) DEFAULT NULL,
  `payment_terms` varchar(255) DEFAULT NULL,
  `shipping_options` varchar(255) DEFAULT NULL,
  `additional_information` longtext DEFAULT NULL,
  `general_manager_name` varchar(255) DEFAULT NULL,
  `general_manager_email` varchar(255) DEFAULT NULL,
  `sales_manager_name` varchar(255) DEFAULT NULL,
  `sales_manager_email` varchar(255) DEFAULT NULL,
  `hr_manager_name` varchar(255) DEFAULT NULL,
  `hr_manager_email` varchar(255) DEFAULT NULL,
  `it_manager_name` varchar(255) DEFAULT NULL,
  `it_manager_email` varchar(255) DEFAULT NULL,
  `manufacturing_capabilities` text DEFAULT NULL,
  `certifications` text DEFAULT NULL,
  `created_at` timestamp NULL DEFAULT NULL,
  `updated_at` timestamp NULL DEFAULT NULL,
  PRIMARY KEY (`id`),
  UNIQUE KEY `profiles_user_id_unique` (`user_id`),
  UNIQUE KEY `profiles_username_unique` (`username`),
  KEY `profiles_city_id_foreign` (`city_id`),
  KEY `profiles_employee_range_id_foreign` (`employee_range_id`),
  CONSTRAINT `profiles_city_id_foreign` FOREIGN KEY (`city_id`) REFERENCES `cities` (`id`),
  CONSTRAINT `profiles_employee_range_id_foreign` FOREIGN KEY (`employee_range_id`) REFERENCES `employee_ranges` (`id`),
  CONSTRAINT `profiles_user_id_foreign` FOREIGN KEY (`user_id`) REFERENCES `users` (`id`) ON DELETE CASCADE ON UPDATE CASCADE
) ENGINE=InnoDB AUTO_INCREMENT=101 DEFAULT CHARSET=utf8mb4 COLLATE=utf8mb4_unicode_ci;

-- Dumping data for table aurora.profiles: ~100 rows (approximately)
INSERT INTO `profiles` (`id`, `user_id`, `approved`, `username`, `qr_code`, `logo`, `name`, `contact_person`, `address`, `city_id`, `contact_number_1`, `contact_number_2`, `contact_number_3`, `email_1`, `email_2`, `email_3`, `about`, `website`, `map_link`, `facebook`, `instagram`, `twitter`, `linkedin`, `category_ids`, `tax_number`, `vat_number`, `employee_range_id`, `business_license`, `payment_terms`, `shipping_options`, `additional_information`, `general_manager_name`, `general_manager_email`, `sales_manager_name`, `sales_manager_email`, `hr_manager_name`, `hr_manager_email`, `it_manager_name`, `it_manager_email`, `manufacturing_capabilities`, `certifications`, `created_at`, `updated_at`) VALUES
	(1, 145, 0, 'assumenda-et-consectetur-deleniti-iusto', NULL, 'https://via.placeholder.com/640x480.png/0022dd?text=molestiae', 'Jakubowski-White', 'Dr. Rebecca Keeling', '276 Boehm Park\nNew Eliland, CA 59287-0193', 3, '+1-317-288-1015', '1-405-441-3223', '904-708-3437', 'jose83@hermiston.net', 'cole.eldora@gmail.com', 'conor09@gmail.com', 'Illo dolores sed rerum omnis fugit vitae. Voluptatum corrupti fugit omnis corporis blanditiis autem rem vero. Qui neque qui ea id molestiae. Libero temporibus quidem pariatur ullam consectetur voluptas et.', 'http://www.effertz.net/', 'https://goo.gl/maps/werkwomiml89916', 'https://www.facebook.com/bzubsk1357', 'https://www.instagram.com/ccggqb1797', 'https://www.twitter.com/plwsii8432', 'https://www.linkedin.com/in/baolwx4155', '["10","12","29"]', 'SB86417844', 'WI674096333', 3, 'DZA325629', 'Net 90 Days', 'Next-Day Delivery', 'Fugit assumenda illum nam temporibus dolor reprehenderit. Quo voluptates ut provident ipsum sit. Rerum fugit quia eum perferendis at. Quis voluptatum eveniet aperiam atque. Sint incidunt voluptas ea aut dolore consequatur. Reprehenderit ut molestiae deleniti vel. Ipsum et deserunt aliquid esse aut veniam. Et nisi illum qui molestiae voluptate facilis qui. Voluptatum vel occaecati omnis alias ipsa. Aliquam voluptates voluptatibus dicta eius nihil. Et sed deleniti nesciunt ex et repellat ad.', 'Malinda West', 'lebsack.zakary@satterfield.com', 'Dr. Madonna Durgan PhD', 'wehner.angel@hotmail.com', 'Elvera Harber', 'gjaskolski@yahoo.com', 'Maye Schaden', 'kuphal.damaris@wolff.biz', 'Et quidem consequatur fugiat libero.', 'cupiditate provident molestiae', '2023-07-15 05:36:04', '2023-07-15 05:36:04'),
	(2, 27, 0, 'voluptatem-sequi-quas-labore-qui-iste-iusto-voluptates', NULL, 'https://via.placeholder.com/640x480.png/0099cc?text=dolores', 'Bernhard Inc', 'Jacquelyn Sporer', '8171 Janet Ferry\nNorth Dominic, MO 43254', 3, '254-578-4070', '(863) 324-1131', '+1-407-999-0036', 'leannon.madelynn@yahoo.com', 'lonnie87@skiles.biz', 'rlueilwitz@hotmail.com', 'Commodi similique aliquid nihil. Enim architecto asperiores et assumenda deleniti numquam. Voluptatibus qui in provident et totam quaerat. Atque hic animi quis tempore sed omnis possimus.', 'http://www.pfannerstill.com/officia-iste-rerum-repudiandae-blanditiis-nihil', 'https://goo.gl/maps/lxzffafzui81823', 'https://www.facebook.com/lbxacy7797', 'https://www.instagram.com/lkoafl2661', 'https://www.twitter.com/alrozb5445', 'https://www.linkedin.com/in/bvhmtu0643', '["22","5","6"]', 'TJ82662344', 'GL054475136', 5, 'DWT475801', 'Pay Upon Receipt', 'Same-Day Delivery', 'Est soluta nam illo. Non accusantium sint sunt necessitatibus et maiores hic odit. Delectus quis explicabo autem laborum. Reiciendis eveniet et vel soluta iste. Et quos debitis esse et nihil. Debitis aut totam nesciunt quis et neque. Voluptatem in eos dolor quo. Sed tenetur esse quod molestias id. Recusandae totam et tempora commodi sed. Nam molestiae delectus optio. Fugit tempora id magni aut laboriosam iure eum amet. Numquam tempora voluptatem voluptate voluptatibus quia iure molestiae quia. Aliquid cum quidem exercitationem blanditiis voluptas.', 'Mr. Osvaldo Will', 'bbarrows@gmail.com', 'Ms. Aniyah Corwin III', 'whettinger@hotmail.com', 'Dr. Aurelio Beer MD', 'gutmann.norene@gmail.com', 'Zackery Gleason II', 'dora.balistreri@simonis.net', 'Labore alias laborum voluptatum dolor est.', 'assumenda eos possimus', '2023-07-15 05:36:04', '2023-07-15 05:36:04'),
	(3, 118, 0, 'quia-et-qui-aut-dolorem-molestiae-et-numquam', NULL, 'https://via.placeholder.com/640x480.png/0077ff?text=numquam', 'Douglas, Larkin and Tremblay', 'Dominique Willms', '50520 Meredith Lodge Apt. 523\nMiafort, AR 15279', 3, '+1 (215) 657-2872', '+1-760-393-5141', '657-816-2318', 'ray.gerhold@vonrueden.com', 'lshields@white.com', 'moore.lurline@deckow.com', 'Enim maxime dolores earum expedita omnis aperiam. Aliquid accusamus tempora cum illo dolorum dicta. Facere numquam vel quas perspiciatis. Et temporibus optio eveniet eos recusandae.', 'http://www.goldner.org/', 'https://goo.gl/maps/esrprmovnm96880', 'https://www.facebook.com/eancaf4714', 'https://www.instagram.com/bbbrtf8361', 'https://www.twitter.com/ejqkhx7961', 'https://www.linkedin.com/in/fvdwvk3131', '["9","4","29"]', 'HK32680101', 'KT088718223', 3, 'HYY802612', 'Net 30 Days', 'Standard Delivery', 'Odio blanditiis aut accusantium sint labore sapiente tenetur. Explicabo consequatur dolores aut eos accusamus nesciunt ut. Alias minus magnam sit praesentium ullam quasi quo. Sed exercitationem a rerum aliquid natus ab deserunt. Vitae sed laboriosam omnis quod. Quo voluptas qui qui non voluptas qui cum. Sed voluptatem sint quae qui a eos minus. Voluptas nihil quod dolores harum ipsa. Est quos autem ut. Qui ipsum laudantium quia amet. Ipsam magni sit aspernatur. Veritatis nesciunt voluptas dolores occaecati sed.', 'Mrs. Shaniya Grant', 'connelly.lucie@tillman.com', 'Zaria Lowe', 'hessel.johnson@yahoo.com', 'Maxie Anderson III', 'boehm.nikita@white.info', 'Gabrielle Gislason V', 'kiara15@sawayn.com', 'Nulla natus est dicta officiis cumque et.', 'optio ducimus sapiente', '2023-07-15 05:36:04', '2023-07-15 05:36:04'),
	(4, 26, 0, 'neque-et-modi-repellendus-in-iusto-dicta', NULL, 'https://via.placeholder.com/640x480.png/001155?text=est', 'Hammes, Grant and Borer', 'Conner Blick', '77558 Mafalda Radial\nPort Werner, KY 11482', 3, '+1-808-240-8542', '+1 (346) 772-7521', '281-850-3082', 'federico85@roberts.com', 'davin.denesik@gmail.com', 'hirthe.raheem@murazik.info', 'A doloremque consequuntur distinctio cupiditate ratione. Dolore ad ea adipisci iste suscipit. Architecto odit natus veritatis et. Laborum doloremque et aut eos harum similique non.', 'http://www.morar.com/nesciunt-molestiae-ut-ab-soluta-et-et-esse-eius', 'https://goo.gl/maps/sfgmqioefe16723', 'https://www.facebook.com/mbbuhi0807', 'https://www.instagram.com/azcmhk2483', 'https://www.twitter.com/iblhvh6179', 'https://www.linkedin.com/in/ycgmas4410', '["12","7","8"]', 'EU95424189', 'YO819021957', 5, 'JRT050500', 'Net 60 Days', 'Next-Day Delivery', 'Voluptatem necessitatibus praesentium nostrum dignissimos ducimus. Rerum in voluptatem optio sequi. Nisi nam est ullam sit saepe. Laboriosam dolor consequatur itaque molestias cum est. Atque at quisquam autem magni omnis porro. Consectetur unde nihil dolorem nobis ut dicta. Corporis molestias fugiat blanditiis error. Quia amet repellat tempora. Consequatur ducimus sit nemo. Necessitatibus sit qui quo veritatis. Ipsum cupiditate sapiente eaque officia qui. Tempore omnis optio consequatur blanditiis deleniti doloribus. Natus omnis quos quia et necessitatibus repellendus.', 'Juwan Krajcik II', 'spinka.efren@yahoo.com', 'Trevion Stroman', 'cummerata.maci@willms.org', 'Susie Cole', 'loyce.padberg@maggio.net', 'Hermina Lakin', 'rokon@hotmail.com', 'Praesentium officia expedita voluptatem esse quia non provident.', 'non consequuntur non', '2023-07-15 05:36:04', '2023-07-15 05:36:04'),
	(5, 197, 0, 'consectetur-est-unde-rem-ut-aliquid-quae-debitis', NULL, 'https://via.placeholder.com/640x480.png/007788?text=ex', 'Towne-Satterfield', 'Dr. Laverne White I', '83089 Elmira Greens Suite 066\nLake Paytonfurt, AK 44877-6527', 4, '564-445-8110', '743-929-1485', '+1-725-817-1592', 'camylle.christiansen@brakus.com', 'melody41@ohara.biz', 'xmayer@yahoo.com', 'In sit dolor est adipisci officia aperiam. Ad et hic inventore quia rerum quasi dolores. Sint neque quibusdam dolorem. Ut ipsam magnam fugiat.', 'http://harris.info/praesentium-consectetur-aliquam-voluptas-qui-porro-ex-dolor', 'https://goo.gl/maps/dicjrsebcz24585', 'https://www.facebook.com/kgnvue0988', 'https://www.instagram.com/klnedi7927', 'https://www.twitter.com/dvbrgd4326', 'https://www.linkedin.com/in/lyuvkm0661', '["4","18","12"]', 'JE26291043', 'KT183849462', 3, 'FMY125221', 'Net 60 Days', 'Free Shipping', 'Ea voluptatem repudiandae omnis. Aliquam et autem voluptatem corporis. Quo dolorem in tempora quia. Sequi dolorum ipsum dolorum quis et consectetur. Nostrum quos illo non praesentium eligendi. Voluptas dolorem commodi natus tempora. Reiciendis atque placeat commodi eos est. Ut aperiam dolorem aut quis. Nobis facere dignissimos rerum voluptatibus est. Non accusantium quae officiis omnis tempore voluptates sit.', 'Boyd Runolfsson', 'bashirian.tristian@gmail.com', 'Mr. Maximillian Hermiston', 'pink.hirthe@kling.net', 'Dr. Scottie Cormier V', 'emanuel.kris@kris.biz', 'Mia Padberg', 'orville11@dooley.com', 'Vero repellendus cupiditate accusamus odit enim.', 'velit occaecati ipsum', '2023-07-15 05:36:04', '2023-07-15 05:36:04'),
	(6, 156, 0, 'itaque-molestiae-praesentium-aut-ut-repellat-sint', NULL, 'https://via.placeholder.com/640x480.png/00bbee?text=eligendi', 'Robel-Bahringer', 'Dr. Norval Ratke', '73879 Crist Lights Suite 395\nGiastad, TX 38744', 3, '+1-678-406-6350', '410-221-3993', '351-414-7029', 'ewell.skiles@gmail.com', 'gordon09@cartwright.net', 'gutkowski.janet@oconner.com', 'Saepe maxime asperiores iusto quibusdam at libero eius. Impedit nisi hic est. Ut inventore vitae odio porro.', 'https://bruen.com/blanditiis-fugiat-et-est-porro-similique-nihil-et-sint.html', 'https://goo.gl/maps/mumcsbaznx55820', 'https://www.facebook.com/rskaue4697', 'https://www.instagram.com/wtkibv3577', 'https://www.twitter.com/xtowsk7403', 'https://www.linkedin.com/in/dyqyug2491', '["6","30","23"]', 'BV35736608', 'XS794488008', 4, 'DLA098868', 'Pay Upon Receipt', 'Same-Day Delivery', 'Maiores velit ratione atque laudantium minus qui. Sint sint libero unde. Recusandae officia nobis explicabo eveniet ipsum sequi quia. Accusantium culpa soluta ut qui qui magnam et. Praesentium saepe facere qui et. Qui vel quaerat enim et ut. Id vero cupiditate recusandae est ipsam. Occaecati ut ex sint soluta. Nesciunt occaecati magnam quo repudiandae eligendi unde molestiae. Illum commodi quibusdam sint corrupti ullam cumque. Impedit perspiciatis sit odit voluptatibus vel.', 'Karson Yost I', 'marlene07@padberg.info', 'Mr. Vincenzo Cole PhD', 'kelsie.pollich@gulgowski.com', 'Breanne Champlin', 'laverne.watsica@yahoo.com', 'Una Kautzer', 'ruthe85@hotmail.com', 'Suscipit cupiditate eligendi modi.', 'autem cupiditate quidem', '2023-07-15 05:36:04', '2023-07-15 05:36:04'),
	(7, 97, 0, 'sed-voluptatibus-aut-aut-sapiente-odit', NULL, 'https://via.placeholder.com/640x480.png/0066dd?text=ut', 'Aufderhar LLC', 'Mr. Henri Schimmel I', '2707 Junius Well Suite 444\nWest Ines, WA 53610', 2, '854.935.3659', '(863) 552-0704', '469-743-9921', 'schumm.damion@gmail.com', 'alverta94@yahoo.com', 'yschuster@yahoo.com', 'Eum dolorum et animi vero aut id. Est blanditiis rerum hic et.', 'http://www.nitzsche.biz/', 'https://goo.gl/maps/wbwsylhewq85808', 'https://www.facebook.com/brefam8851', 'https://www.instagram.com/wrdjgk1793', 'https://www.twitter.com/awfdqc7092', 'https://www.linkedin.com/in/jxtlpn6678', '["29","3","5"]', 'EW28201096', 'ZD805629716', 2, 'YNP523541', 'Cash On Delivery', 'Free Shipping', 'Voluptate aperiam sed voluptatibus et eaque aut dolorem. Earum nobis eius explicabo autem vitae minus. Molestias sit molestias aut dolores dolor quo in. In aut odit maiores autem. Veniam illum beatae corrupti quis reiciendis ducimus aliquid consequatur. Facere fuga repellendus eius aut numquam. Eius in provident cum quia. Voluptas dolorem sed aliquam enim ab. Tenetur perferendis non quod ut et.', 'Burdette Pollich', 'ibergstrom@yahoo.com', 'Prof. Katherine Rath', 'kihn.caden@hotmail.com', 'Eunice Botsford', 'ekuhlman@douglas.net', 'Kaitlyn Hyatt Jr.', 'hayes.lizzie@hotmail.com', 'Et hic iste modi inventore beatae minus.', 'voluptatem sit necessitatibus', '2023-07-15 05:36:04', '2023-07-15 05:36:04'),
	(8, 80, 0, 'rerum-magni-quisquam-est', NULL, 'https://via.placeholder.com/640x480.png/00aacc?text=neque', 'Senger, Ondricka and Beahan', 'Dr. Brendan Larkin MD', '537 Kaleb Harbors\nEast Jaunitaborough, IA 67520-5138', 4, '+1-786-431-6053', '1-857-276-2247', '+1-240-506-3261', 'antoinette.kreiger@hotmail.com', 'efay@gmail.com', 'stevie.carter@gmail.com', 'Eum in et illo autem dolor cumque aliquid. Quaerat cum corporis fugit veniam. Dicta expedita quod odit est nulla. Quasi nihil aut fugiat perspiciatis.', 'http://www.shanahan.info/adipisci-assumenda-sed-provident-vero-eos', 'https://goo.gl/maps/ktlgmsyjic79924', 'https://www.facebook.com/fkattv3010', 'https://www.instagram.com/lcztoq0120', 'https://www.twitter.com/paepnm0270', 'https://www.linkedin.com/in/kmddis9028', '["3","29","25"]', 'UJ68053666', 'SY328283630', 3, 'MVS418480', 'Net 90 Days', 'Local Pickup Only', 'Consectetur et impedit et eaque ipsam aut. Dolore ex sunt facere est voluptatem voluptatem. Voluptatem aut nemo quaerat in. Unde amet et soluta incidunt ut explicabo ab qui. Voluptates odio qui quae delectus qui sit. Qui autem inventore accusantium culpa in. Excepturi voluptatum sit expedita impedit dolores repellendus quia. Consectetur est alias repellendus facere rerum ullam modi. Qui optio ducimus veniam soluta soluta animi aperiam.', 'Dejah Ziemann', 'jaquan68@daugherty.com', 'Johann Schmeler', 'rachael54@boyer.org', 'Mr. Jaydon Greenfelder', 'corkery.lucienne@gmail.com', 'Ramiro Terry', 'sedrick57@upton.info', 'Ut aut aut sapiente sint et.', 'a error inventore', '2023-07-15 05:36:04', '2023-07-15 05:36:04'),
	(9, 36, 0, 'quo-quaerat-quo-optio-ut-sunt-et', NULL, 'https://via.placeholder.com/640x480.png/00aa88?text=aut', 'Weissnat-Walker', 'Prof. Tania Towne IV', '891 Laura Point\nWest Carolinafort, ND 71018', 3, '(513) 756-4853', '1-860-702-1013', '1-423-813-7858', 'stamm.kamille@breitenberg.info', 'batz.bradley@treutel.net', 'verla.kirlin@hammes.net', 'Inventore nihil quas consequuntur a. Consequatur eum quam dignissimos dolorum excepturi veritatis. Consequuntur harum quae modi nostrum quo aperiam. Earum a quas quia. Deserunt quod tenetur omnis omnis dolore saepe cum.', 'http://turner.com/delectus-repellendus-dolorem-dolorem-harum', 'https://goo.gl/maps/vmmnzxqvzg06639', 'https://www.facebook.com/iwrabb1295', 'https://www.instagram.com/sfuemg4937', 'https://www.twitter.com/jnwvgx1785', 'https://www.linkedin.com/in/obxiyt5026', '["7","10","20"]', 'XS09198681', 'UD776840869', 2, 'IIX500282', 'Cash On Delivery', 'Local Pickup Only', 'Eos sit et similique architecto. Et sapiente in et maxime. Molestiae nam ut ex eum consequatur et. Consectetur voluptas enim dolor error adipisci at quidem. Porro esse eaque dolor sapiente corrupti aut et. Molestiae voluptas fugit dolore eum mollitia neque. Qui quidem ut enim est. Et sed et assumenda dolor deserunt qui. Vero repudiandae soluta alias enim eveniet id. In tempora molestiae suscipit voluptatem.', 'Aidan Cummerata', 'juwan14@schmitt.com', 'Lexi Hills', 'mann.rhoda@purdy.com', 'Brandt Collier Sr.', 'mcclure.april@larson.info', 'Haven Christiansen', 'shanahan.adelbert@deckow.net', 'Sint non quod rerum voluptas.', 'nemo quisquam sunt', '2023-07-15 05:36:04', '2023-07-15 05:36:04'),
	(10, 78, 0, 'voluptates-quas-saepe-atque-accusantium-quia-architecto-natus', NULL, 'https://via.placeholder.com/640x480.png/0033cc?text=maiores', 'Runolfsson-Stark', 'Prof. Ross Schmitt', '96639 Cleora Crossing Apt. 945\nKerluketon, AL 61736-1069', 1, '865.322.8775', '610-379-0913', '+1 (318) 385-5427', 'cade96@nader.com', 'heller.rhea@gmail.com', 'davon.deckow@satterfield.biz', 'Consequatur explicabo aut repellat placeat quo nihil exercitationem. Consequatur nisi sed fuga deleniti perspiciatis vitae. Beatae ratione mollitia enim et.', 'https://www.bergnaum.com/quis-aperiam-totam-repudiandae-quia-nulla-laborum', 'https://goo.gl/maps/ytbrjbwebh82964', 'https://www.facebook.com/ehgogx5557', 'https://www.instagram.com/yaefyi1153', 'https://www.twitter.com/kyzyec6978', 'https://www.linkedin.com/in/ukozhk2552', '["15","16","5"]', 'OX73785915', 'TV087023694', 2, 'RSV446325', 'Net 90 Days', 'Express Shipping', 'Aut et qui voluptatem doloribus sit. Sit enim dignissimos illo quis dolores sed optio. Aspernatur sit omnis dolor labore quaerat rem. Delectus reiciendis ad ab quo ut eaque tempora. Fugiat aut iure molestiae. Qui similique maiores ducimus non asperiores ut doloribus. Necessitatibus aliquid molestiae sed ullam debitis natus ut. Suscipit consectetur placeat ut.', 'Valerie Ward', 'westley27@donnelly.com', 'Lincoln Bogan', 'cummerata.ressie@gmail.com', 'Loy Strosin', 'hodkiewicz.spencer@doyle.com', 'Dr. Isaac Greenfelder', 'dzulauf@yahoo.com', 'Sapiente aut enim eos nostrum dolorum pariatur in.', 'dignissimos iste laborum', '2023-07-15 05:36:04', '2023-07-15 05:36:04'),
	(11, 177, 0, 'ea-dolorem-distinctio-dicta-vero-iste', NULL, 'https://via.placeholder.com/640x480.png/0055aa?text=dolor', 'Reichel Ltd', 'Davin Hessel', '129 Kuhlman Court\nPort Cassieview, CA 63988', 3, '+1.570.568.4108', '708-976-7076', '(432) 480-4284', 'wbeatty@yahoo.com', 'rowe.bernice@eichmann.net', 'jordan.rice@legros.com', 'Incidunt amet rerum provident omnis ipsa optio ut modi. Corporis ut voluptatem rem facilis dolor odit qui. Nobis distinctio est dignissimos animi consequatur.', 'http://www.dickinson.com/aspernatur-quidem-ex-voluptatem-amet', 'https://goo.gl/maps/cepauyzuwk51686', 'https://www.facebook.com/yfmrtg2358', 'https://www.instagram.com/pxjpdg0559', 'https://www.twitter.com/saouis4590', 'https://www.linkedin.com/in/dnqrsg8533', '["15","23","16"]', 'WG79237789', 'DE254814358', 4, 'TPU955064', 'Net 90 Days', 'International Shipping', 'Tenetur eius et vitae repellat corporis fugiat quos. Et vitae tempora dolor aspernatur quo aut harum. Quod totam ipsum illo aut. Deleniti repudiandae sit rerum exercitationem. Nesciunt velit expedita eaque deserunt rem. Possimus nemo rerum eos exercitationem. Molestiae molestiae nostrum dignissimos ut. Sit quas repudiandae illum blanditiis mollitia delectus. Hic alias eum ut facilis libero aut. Harum quo labore id excepturi et. Aut laudantium ut quasi quia. Voluptatem deserunt maiores illum dolorem cum ad eum. Sit repellendus ipsam ea laudantium.', 'Dagmar Schmidt', 'gordon.rempel@keebler.com', 'Bailee Treutel MD', 'blanda.deion@yahoo.com', 'Trinity Pollich', 'katheryn.beer@hotmail.com', 'Miss Maritza Hartmann', 'ealtenwerth@kub.net', 'Velit veniam dolores officia aut omnis quam.', 'voluptate et commodi', '2023-07-15 05:36:04', '2023-07-15 05:36:04'),
	(12, 174, 0, 'laboriosam-sit-id-officia', NULL, 'https://via.placeholder.com/640x480.png/0033ee?text=eaque', 'Herzog, Kris and Wehner', 'Prof. Genevieve Witting PhD', '1372 Langworth Shoal\nNorth Marjolaine, CO 42457-4376', 4, '(520) 201-5175', '(518) 734-5017', '1-915-318-1547', 'elisha.renner@kilback.info', 'beverly01@hotmail.com', 'fadel.domenico@hotmail.com', 'Est dicta ex eum doloribus ab. Perspiciatis molestias velit molestiae recusandae est non dolor. Eius voluptas vero et cumque eveniet ab esse voluptas. Explicabo nobis soluta eveniet ut ut excepturi qui.', 'http://considine.info/mollitia-fugit-ipsa-molestias-ratione-sint-eum.html', 'https://goo.gl/maps/hvavcqwsky16210', 'https://www.facebook.com/fuukxb0982', 'https://www.instagram.com/duxlfb0760', 'https://www.twitter.com/ofuldp0752', 'https://www.linkedin.com/in/drkese8184', '["7","25","16"]', 'IT87591170', 'XF970473257', 3, 'GEY148134', 'Net 30 Days', 'Next-Day Delivery', 'Optio unde nihil maiores eum autem nihil expedita. Corporis quas dolore beatae maxime. Nihil vero sit perspiciatis vel nulla. Tempora amet magni et aut sit aut. Ut iure enim sit ratione qui. Distinctio dolor asperiores cumque asperiores minima molestiae. Minima repudiandae distinctio ut doloribus unde consectetur sed. Dolores voluptatum voluptatem sunt consequatur voluptatem. Aperiam omnis beatae corrupti est. Unde cumque repudiandae velit nemo sapiente. Quod consectetur enim odio dolorem. Ea sit quisquam eius voluptatibus.', 'Prof. April Aufderhar', 'cora53@gmail.com', 'Emiliano Schowalter', 'oconner.nellie@gmail.com', 'Dr. Domenica Kuhlman DDS', 'rjohnston@gmail.com', 'Rhoda Herzog', 'hardy19@casper.com', 'Ut eius quos quia natus itaque.', 'quo et magnam', '2023-07-15 05:36:04', '2023-07-15 05:36:04'),
	(13, 70, 0, 'corrupti-velit-voluptatum-sint-repellat-non-neque-omnis', NULL, 'https://via.placeholder.com/640x480.png/00dd00?text=voluptatem', 'Ryan-Kessler', 'Mr. Scottie Cronin Sr.', '98245 Reynolds Hollow Apt. 142\nNorth Karleemouth, MN 60728', 1, '1-980-627-9740', '619-715-4359', '+1 (878) 814-2166', 'oreilly.lucy@zieme.info', 'broderick.rempel@dach.com', 'daugherty.terrell@homenick.com', 'Necessitatibus sint iusto nesciunt quidem voluptates omnis occaecati eveniet. Cumque et fuga labore cum quam voluptatem. Est repellendus et blanditiis quia qui ut. Veritatis quaerat officia distinctio quisquam.', 'http://www.kreiger.com/veritatis-esse-aut-occaecati-error-voluptas-omnis-et-ratione', 'https://goo.gl/maps/vcjowpucjb13907', 'https://www.facebook.com/eezwue8186', 'https://www.instagram.com/rqxrui0682', 'https://www.twitter.com/gpcgzw2157', 'https://www.linkedin.com/in/sbbmgu8859', '["4","17","3"]', 'MD73008655', 'UW481280286', 2, 'HLY333907', 'Cash On Delivery', 'Standard Delivery', 'Et assumenda officiis fugit beatae reiciendis sit. Magni dolorem eveniet corrupti minima odit. Facere tempore repellat sit eum molestias voluptatem et cum. Necessitatibus eaque optio blanditiis porro et voluptatem. Suscipit non voluptatibus libero assumenda nesciunt assumenda. Ipsam quam hic sequi sit. Et laborum possimus accusantium veritatis provident. Iusto quia et quos porro provident laudantium inventore. Voluptate quos est dolore provident quos modi reprehenderit. Nam delectus rem et est quo corporis placeat. Et ut sit dolores rem odio. Quibusdam perferendis quis veritatis vitae et error.', 'Nicklaus Muller', 'dooley.fleta@hotmail.com', 'Jackie Flatley', 'alexane56@gutkowski.com', 'Moses Langosh', 'viva.white@hotmail.com', 'Aurore Von', 'lionel.bernier@yahoo.com', 'Ea et vel ut corporis repellat aliquid voluptatem qui.', 'voluptatem fugiat quia', '2023-07-15 05:36:04', '2023-07-15 05:36:04'),
	(14, 115, 0, 'et-est-voluptates-qui-deserunt-quis', NULL, 'https://via.placeholder.com/640x480.png/0088ee?text=est', 'Pfannerstill Group', 'Deondre Bartoletti', '58946 Laury Mount\nCrookston, WA 16528', 4, '+1 (907) 526-7292', '530-838-6297', '+1-209-589-7982', 'jswaniawski@hills.com', 'reichert.rocio@keebler.org', 'vtorp@yahoo.com', 'Molestiae cumque similique aut natus. Accusantium dolore et officia quo beatae officiis. Quae eum eveniet non id voluptatem exercitationem eligendi.', 'http://www.anderson.org/et-magni-animi-placeat-in-repudiandae.html', 'https://goo.gl/maps/qhesiivnec07465', 'https://www.facebook.com/xnsgqh1438', 'https://www.instagram.com/znlhld1332', 'https://www.twitter.com/isjymx7195', 'https://www.linkedin.com/in/ylivgl8385', '["15","20","12"]', 'KH86599296', 'ZU838353341', 4, 'HHA056467', 'Net 60 Days', 'Free Shipping', 'Sed ut eius officiis dolores occaecati iusto est reprehenderit. Earum qui aut omnis dolor eos debitis dolor. Repudiandae qui dolores quo provident. Maiores nostrum illum fugit. Provident ad facere et ea quis aliquam excepturi. Recusandae molestias error placeat consectetur asperiores. Exercitationem illum aut animi.', 'Natalie Kuhn', 'triston74@denesik.info', 'Prof. Watson Morar', 'smith.arnold@gmail.com', 'Armani Spencer V', 'jared.shields@heller.net', 'Elroy Moore PhD', 'jerde.evans@von.info', 'Tenetur ut iusto recusandae qui.', 'at molestiae deserunt', '2023-07-15 05:36:04', '2023-07-15 05:36:04'),
	(15, 188, 0, 'animi-itaque-sit-commodi-iure', NULL, 'https://via.placeholder.com/640x480.png/002266?text=veniam', 'Leffler, Daniel and Schuppe', 'Anita Mann', '8438 Hildegard Shore\nPort Christiana, AR 76844-1806', 3, '+1-806-925-9146', '+1.859.278.3145', '(430) 491-6107', 'blaze.balistreri@hotmail.com', 'lolita16@hauck.com', 'nella.funk@gmail.com', 'Cumque officiis consequatur ut magni non quasi. Doloribus autem sequi a eius. Velit eligendi sint qui quis. Doloribus in iure aperiam dolores voluptas.', 'http://torp.com/error-quia-accusamus-consectetur-voluptatem-modi', 'https://goo.gl/maps/lzqhhobjqw53286', 'https://www.facebook.com/snktve9061', 'https://www.instagram.com/sfzrjn2086', 'https://www.twitter.com/xrnmcm3454', 'https://www.linkedin.com/in/ftommm1454', '["20","17","24"]', 'SS88794643', 'NI894250465', 6, 'LUW874181', 'Cash On Delivery', 'Priority Shipping', 'Maiores vel odit nihil eos. Est odit deserunt eos qui facilis aut recusandae autem. Laborum sequi ea unde ratione est. Qui autem quia alias delectus voluptatem. Et repellat earum tempore quaerat. At in quis inventore illo corrupti. Nulla optio in autem quia. Provident vel quidem doloremque voluptatem itaque.', 'Prof. Zelda Greenholt', 'derek43@gmail.com', 'Verlie Zboncak', 'dudley.olson@blanda.com', 'Nathan Marvin', 'keaton81@larson.com', 'Jarret Waters', 'lenny.barton@yahoo.com', 'Sit optio harum fugit sit quaerat omnis totam.', 'magni dicta optio', '2023-07-15 05:36:04', '2023-07-15 05:36:04'),
	(16, 127, 0, 'nostrum-reprehenderit-rem-hic-aut', NULL, 'https://via.placeholder.com/640x480.png/009977?text=aut', 'Rolfson and Sons', 'Prof. Sean Hermann I', '900 Dolly Prairie Suite 467\nBraunhaven, AL 85120', 1, '+13469342356', '(985) 463-8134', '862.486.2110', 'garrison.raynor@hotmail.com', 'cronin.johnathan@lebsack.net', 'miller.broderick@yahoo.com', 'Molestias velit illum est deserunt aut hic. Perferendis nam consequatur quisquam. Est aut sit ea aut sed est. Aut modi nostrum nobis architecto tenetur.', 'http://fadel.com/voluptatem-voluptatem-ab-et-asperiores-ut-voluptas-inventore', 'https://goo.gl/maps/cfiegwrlgv41208', 'https://www.facebook.com/toyret3975', 'https://www.instagram.com/zsubce4664', 'https://www.twitter.com/iqsdyj2846', 'https://www.linkedin.com/in/urjvqh2690', '["10","25","2"]', 'EB69705896', 'OA667922252', 1, 'FZM219206', 'Cash On Delivery', 'Next-Day Delivery', 'Ut quaerat consequatur dolorum qui aut error a. Itaque blanditiis qui cupiditate inventore aut qui doloribus aspernatur. Harum provident dolores inventore sapiente ipsum doloribus in excepturi. Eius nesciunt itaque necessitatibus necessitatibus nemo architecto. Nobis voluptas porro ut dignissimos magni qui rerum. Sed ut cupiditate qui voluptatum. Impedit dolore ad fuga. Sed aut fugiat consequuntur tempore at ea.', 'Ed Quitzon IV', 'micaela.spencer@lebsack.net', 'Miss Idella Trantow I', 'towne.penelope@hotmail.com', 'Jeff Powlowski', 'chaim13@hotmail.com', 'Alf Veum', 'adurgan@gmail.com', 'Quasi beatae dicta quia.', 'libero fugit quia', '2023-07-15 05:36:04', '2023-07-15 05:36:04'),
	(17, 40, 0, 'minima-et-amet-rem-ex', NULL, 'https://via.placeholder.com/640x480.png/003344?text=dolor', 'Kirlin, Cassin and Klein', 'Dusty Mante', '543 O\'Reilly Rue Apt. 944\nRodmouth, PA 89154', 3, '725.659.9596', '636.799.5147', '+18486131989', 'philip87@waters.com', 'wwilkinson@gmail.com', 'burnice.beer@hotmail.com', 'Quas numquam deserunt voluptas reiciendis perspiciatis. Voluptatum et commodi eligendi debitis dolor libero quo. Magnam dicta similique quae et et placeat. Officiis corporis vitae voluptatem occaecati quia illo.', 'https://cruickshank.com/vitae-voluptatum-exercitationem-voluptatem-quos.html', 'https://goo.gl/maps/eoddbojyok30871', 'https://www.facebook.com/jstcfa6346', 'https://www.instagram.com/zlnkgp6489', 'https://www.twitter.com/yqtisx1868', 'https://www.linkedin.com/in/nltfpb2364', '["7","21","23"]', 'BB78916721', 'YE757456602', 5, 'EAV608088', 'Net 60 Days', 'Priority Shipping', 'Ut nobis in eaque quaerat accusantium fuga et et. Quia perferendis qui quaerat et placeat esse quos. Quo tempora sed ducimus omnis non qui in. Alias et accusantium molestiae earum. Illum porro quos omnis sint saepe unde corrupti aut. Ab possimus unde eaque nesciunt corrupti accusantium voluptatum atque. Deserunt repudiandae fugit quia quidem repellat qui. Sunt possimus doloribus aliquid iste libero omnis. Mollitia consequatur est vel. Aut fuga ipsum aut mollitia.', 'Laila Carter', 'kmosciski@effertz.net', 'Dr. Tatum Gorczany V', 'kub.lottie@mcglynn.com', 'Dr. Ophelia Glover Jr.', 'alessia.hessel@quigley.net', 'Tyrel Lindgren', 'elnora50@schimmel.com', 'Enim molestias sunt sunt.', 'eum pariatur natus', '2023-07-15 05:36:04', '2023-07-15 05:36:04'),
	(18, 29, 0, 'inventore-earum-tempore-ipsam-et-commodi-non-neque', NULL, 'https://via.placeholder.com/640x480.png/004499?text=et', 'Kohler, Frami and Senger', 'Blaze West', '7431 Durgan Vista Apt. 775\nNorth Lula, MD 60449-2067', 2, '628-349-2756', '+1-757-810-4362', '(667) 610-1742', 'alivia.wolff@gmail.com', 'blaze.wuckert@krajcik.org', 'schuyler88@hotmail.com', 'Exercitationem eligendi non cumque quaerat voluptatem. Reprehenderit asperiores aliquam odio quis.', 'http://runolfsson.net/', 'https://goo.gl/maps/dlfunnoawy69831', 'https://www.facebook.com/aeggll7202', 'https://www.instagram.com/dmrroq0509', 'https://www.twitter.com/kxzgwv5938', 'https://www.linkedin.com/in/tjkjxh5396', '["24","17","25"]', 'WG30760266', 'HA004568764', 2, 'AAZ317101', 'Pay Upon Receipt', 'Next-Day Delivery', 'Dolor aut aliquid id voluptatem repudiandae. Quia libero similique quos quia ut numquam. Sit eaque labore error rerum. Accusamus sint labore unde consequuntur hic veritatis harum dolor. Unde deleniti et molestiae expedita sed voluptatem nulla. Ut omnis non hic delectus magni et qui. Veritatis dolores tenetur facilis aut alias ut nesciunt.', 'Miss Princess Leffler Sr.', 'easton.ziemann@jakubowski.com', 'Mr. Jeremy Leuschke Jr.', 'rhiannon05@yahoo.com', 'Prof. Antonietta Spinka DVM', 'nmarquardt@gmail.com', 'Hermina Ferry', 'shields.misael@hotmail.com', 'Voluptatum dignissimos nulla porro sit illum.', 'et explicabo vel', '2023-07-15 05:36:04', '2023-07-15 05:36:04'),
	(19, 160, 0, 'natus-quam-amet-rerum-omnis-magnam-illo-velit', NULL, 'https://via.placeholder.com/640x480.png/002211?text=qui', 'Stroman Inc', 'Dr. Amanda Ward', '15264 Bartoletti Lane Apt. 651\nLulaburgh, DC 11693', 1, '(626) 267-5849', '+1-689-716-8220', '+1 (351) 291-0296', 'frami.monte@hotmail.com', 'fbosco@haley.biz', 'nedra.schuster@yahoo.com', 'Qui debitis tenetur aut et laudantium. Laudantium tempora suscipit et. Nihil assumenda enim placeat praesentium qui iure accusantium. Eum magni est nobis necessitatibus ad qui facere.', 'http://gottlieb.com/autem-officiis-impedit-sunt', 'https://goo.gl/maps/zrptqngkig74517', 'https://www.facebook.com/gqqync0066', 'https://www.instagram.com/ggwqok2859', 'https://www.twitter.com/qqqnju0148', 'https://www.linkedin.com/in/yfunqu8847', '["23","9","25"]', 'RQ01996121', 'GU706429455', 6, 'JRI195191', 'Net 90 Days', 'Same-Day Delivery', 'Quia nulla harum at in voluptatem suscipit. Rem suscipit dolorem exercitationem. Omnis consequatur qui voluptatem quis molestias porro accusamus sit. Nulla autem laboriosam provident quas et. Autem voluptas eaque qui error. Ut ex cupiditate sequi sit corporis. Sit quo sed qui occaecati et consequuntur dicta. Qui aliquam nemo nisi qui consequatur rerum placeat commodi.', 'Prof. Ashton Yundt', 'spinka.emmett@gmail.com', 'Maybelle Parisian', 'crooks.fredy@beatty.com', 'Aiyana Upton', 'altenwerth.laney@kunde.com', 'Kim Stamm DVM', 'pfeffer.lizzie@yahoo.com', 'Architecto expedita non beatae illo quia fuga voluptate.', 'sed harum voluptatibus', '2023-07-15 05:36:04', '2023-07-15 05:36:04'),
	(20, 76, 0, 'tempore-facere-sit-at-voluptatibus-nihil-sed-reprehenderit-et', NULL, 'https://via.placeholder.com/640x480.png/009999?text=sunt', 'Abernathy-Gottlieb', 'Tyson Raynor DDS', '4138 Dare Shoal\nSouth Rebeccaville, IN 61818', 4, '1-915-933-9976', '+1.586.534.8615', '+1.941.413.4339', 'ogerlach@yahoo.com', 'zmccullough@gmail.com', 'julius.schamberger@wintheiser.com', 'Impedit iure quod aperiam nesciunt pariatur sint. Facere a consectetur eveniet. Facilis nihil quibusdam fugit quo et. Quaerat dolorem optio dolorem mollitia incidunt pariatur. Et laudantium quas non consectetur fuga aperiam minus perferendis.', 'https://www.gerhold.com/aut-et-quos-enim-rerum-id-rerum-repudiandae-voluptatem', 'https://goo.gl/maps/thfnbpxwwg93010', 'https://www.facebook.com/hsbxsd9751', 'https://www.instagram.com/rkukit2041', 'https://www.twitter.com/dtwrcp4803', 'https://www.linkedin.com/in/xgezea0637', '["13","9","12"]', 'PU42895350', 'QA783451243', 1, 'UFR183198', 'Cash On Delivery', 'International Shipping', 'Consequuntur quisquam cum et doloremque voluptatum. Cupiditate molestias minima unde. Dolorum possimus reiciendis magnam maiores earum consequuntur facere placeat. Expedita sunt et quia rerum temporibus mollitia mollitia quis. Et autem iste inventore eos dolore quis suscipit. Ut voluptates qui consequatur explicabo nam. Debitis totam illum non quo minima officia fugit. Repellat unde perspiciatis quae in placeat quaerat. Et debitis aut quam. Eos quas repellendus aut quos cupiditate id qui in.', 'Mr. Erling Senger', 'fprice@gmail.com', 'Sylvia Nitzsche', 'della86@funk.com', 'Ayden Becker', 'leola82@hotmail.com', 'Mrs. Danielle Kirlin Jr.', 'lucie.mayert@hotmail.com', 'Eveniet illo molestiae corrupti fugiat repellat.', 'est iure nesciunt', '2023-07-15 05:36:04', '2023-07-15 05:36:04'),
	(21, 147, 0, 'corrupti-quaerat-perspiciatis-omnis', NULL, 'https://via.placeholder.com/640x480.png/006644?text=impedit', 'Maggio-Upton', 'Dr. Seth Considine', '12180 Alba Extensions\nSouth Aron, VT 90955', 1, '(386) 486-0349', '678.550.9205', '+1 (252) 566-1366', 'gerardo36@yahoo.com', 'urenner@fahey.com', 'wboyle@bergstrom.com', 'Voluptatem sed aperiam qui facilis. Commodi placeat velit omnis non dolore. Consequatur necessitatibus asperiores nihil. Aut nihil sit veniam qui repellendus necessitatibus fugiat.', 'http://kilback.com/', 'https://goo.gl/maps/hwxcbqzbqh52144', 'https://www.facebook.com/ebrmzb5858', 'https://www.instagram.com/sbazzx2191', 'https://www.twitter.com/gwwfya7487', 'https://www.linkedin.com/in/hqywbs7699', '["25","21","29"]', 'GM03236904', 'OW748984292', 5, 'RLS024016', 'Net 30 Days', 'Express Shipping', 'Facere fugiat et dolores omnis nesciunt et quibusdam saepe. Perferendis velit eius et maiores consequatur veniam. Autem assumenda dolor ut quis perspiciatis deserunt incidunt. Rerum sed consequatur minima eos sint laudantium. Ratione aut sint quibusdam maxime est reprehenderit. Sint illo itaque magni ullam. Magni ullam veritatis ducimus quasi corrupti fugit reprehenderit. Temporibus natus hic quas velit quis id tempore vitae.', 'Marlon Luettgen', 'gschaden@legros.com', 'Prof. Ardella Feil', 'rroberts@hayes.com', 'Brandyn Kassulke', 'ykuhn@windler.com', 'Bessie Beer', 'anissa.grady@ruecker.com', 'Quo voluptatem delectus cum nesciunt.', 'cupiditate numquam minima', '2023-07-15 05:36:04', '2023-07-15 05:36:04'),
	(22, 15, 0, 'minima-placeat-et-incidunt-vel-sit-magnam-qui-minus', NULL, 'https://via.placeholder.com/640x480.png/009900?text=quod', 'Mosciski-Larkin', 'Hattie Leannon', '32940 Emile Canyon\nPort Maci, AL 97739-6259', 4, '272.984.6812', '+1 (719) 662-1493', '+1-443-255-8860', 'elvis.dubuque@yahoo.com', 'asa.medhurst@yahoo.com', 'drew.damore@goodwin.info', 'Aut dolorem perspiciatis et consequuntur voluptatem qui commodi. Incidunt consequuntur et est consequuntur sunt iste libero. Minus voluptatem sed eum vero voluptatem dignissimos doloribus.', 'http://ryan.com/', 'https://goo.gl/maps/rbatxnqgop01047', 'https://www.facebook.com/myovnj4726', 'https://www.instagram.com/vrvwdx8198', 'https://www.twitter.com/fomask5059', 'https://www.linkedin.com/in/ajqkoa1455', '["21","1","18"]', 'TZ35372356', 'KK267975005', 3, 'CKC031571', 'Net 30 Days', 'Local Pickup Only', 'Ab fugiat ut quia molestias est rerum nemo quia. Numquam in sed rerum neque unde. Blanditiis excepturi et consequatur possimus nihil. Animi autem repudiandae corporis ut quia fugit iure. Et quo maiores harum dicta qui quia. Dolores et delectus molestias ratione. Officia quod id dignissimos. Ipsam odit perspiciatis omnis et est sit quia dignissimos. Ipsum dolorem cupiditate qui aspernatur magni placeat. Cupiditate quod et ea voluptates in nisi. Quae qui cupiditate optio nulla ipsum. Tempora sint sed ducimus assumenda veniam odio. Esse ea tenetur corporis perspiciatis et id eos.', 'Ms. Carolanne Pacocha', 'huel.clement@hotmail.com', 'Mr. Claude Kuhlman', 'silas91@davis.com', 'Albert DuBuque', 'delta.mertz@lebsack.com', 'Jerod Hammes', 'walker.bode@emard.com', 'Voluptas et molestias aperiam nesciunt voluptatem id nulla.', 'nemo provident sunt', '2023-07-15 05:36:04', '2023-07-15 05:36:04'),
	(23, 54, 0, 'dolores-ut-et-assumenda-nostrum-sequi-iure', NULL, 'https://via.placeholder.com/640x480.png/001155?text=aliquam', 'Buckridge, Larson and Hills', 'Claudine Rempel', '375 Metz Lodge Suite 942\nBurleyfurt, IN 85520-7770', 1, '+1-678-827-8599', '+1 (615) 349-7039', '1-541-881-3911', 'maureen.cartwright@huels.com', 'jonathan01@hotmail.com', 'zakary86@hotmail.com', 'Voluptatem rerum vel nobis iusto. Laboriosam laborum deserunt sit eum consequatur laborum. Corrupti laborum repellendus quas non fugit. Sed ratione eos aliquid cupiditate.', 'http://www.white.org/et-placeat-et-consequatur.html', 'https://goo.gl/maps/mvythwyygp02909', 'https://www.facebook.com/vmkevl3387', 'https://www.instagram.com/blbgyg0319', 'https://www.twitter.com/ngqqnb8071', 'https://www.linkedin.com/in/ixbsya6972', '["5","17","8"]', 'MT55635759', 'HE608684353', 4, 'ATN345163', 'Cash On Delivery', 'Same-Day Delivery', 'Minus deleniti officiis facere neque dolore quam rerum. Pariatur quod odit tempore. Nemo animi quibusdam quaerat. Eos fugiat nihil non quae eligendi nobis. Eos in adipisci sint dolorem sit. Et praesentium omnis excepturi pariatur. Debitis porro nobis quia nesciunt molestiae dolore et dolor. Voluptatum voluptate tempora modi expedita et rerum dignissimos. Et voluptatem nesciunt blanditiis et commodi eos. Facere est minima atque reprehenderit. Officia quia quae aspernatur odio temporibus cum aliquam optio. Ullam quia laborum quod enim molestiae ex suscipit. Recusandae autem ipsa facere inventore vel harum harum. Unde dolores ut voluptatem architecto quos.', 'Nathan Hudson III', 'brannon.cremin@veum.biz', 'Esmeralda Erdman', 'brett.bernhard@ernser.net', 'Prof. Karl Zulauf V', 'grant.emma@hackett.com', 'Mrs. Sienna Hane III', 'kautzer.ima@skiles.com', 'Sunt magni consequatur dolorem ut.', 'temporibus dicta expedita', '2023-07-15 05:36:04', '2023-07-15 05:36:04'),
	(24, 187, 0, 'et-autem-et-id-labore-sequi-ut', NULL, 'https://via.placeholder.com/640x480.png/0044cc?text=ea', 'Greenfelder-Kiehn', 'Dr. Chad Armstrong', '796 Rickey Field\nAnabelberg, MA 04004', 2, '262-962-8375', '+14059466116', '(337) 532-8640', 'kveum@hotmail.com', 'jonatan.leuschke@braun.com', 'claude.durgan@goldner.com', 'Rem quasi cupiditate dolorum et adipisci sed sit officiis. Aut quidem possimus velit et. Animi fugiat mollitia ad deserunt velit provident quis. Eos quidem in et saepe inventore.', 'https://www.kessler.com/quo-doloribus-voluptas-dolores-neque-fugit-fuga', 'https://goo.gl/maps/ogswkgpnnh04942', 'https://www.facebook.com/bcdfhx3309', 'https://www.instagram.com/hwhlhj0868', 'https://www.twitter.com/lemsof3477', 'https://www.linkedin.com/in/wrnhpt4625', '["23","16","25"]', 'OU82437664', 'NL482783106', 3, 'XSF092347', 'Net 30 Days', 'Standard Delivery', 'Officiis nihil quo ut ducimus quasi. At autem voluptatibus ut molestiae. Blanditiis ipsa sapiente corporis pariatur ex odio. Facere explicabo quia id dolor dolor qui. Adipisci aspernatur deleniti quo exercitationem. Blanditiis ipsa tempora sed id. Reprehenderit occaecati est iste qui. Ut culpa accusantium ab quos rerum. Et hic molestias reprehenderit vel et aut fuga. Commodi voluptate harum possimus eveniet.', 'Jordon Koch', 'dlebsack@ziemann.biz', 'John Hartmann', 'watsica.rene@gmail.com', 'Landen Daugherty', 'nolan.leann@gutmann.com', 'Amely Wiza', 'weber.haskell@gmail.com', 'Facere quos architecto eveniet enim est.', 'voluptate corporis omnis', '2023-07-15 05:36:05', '2023-07-15 05:36:05'),
	(25, 191, 0, 'ex-consequuntur-repellendus-quisquam', NULL, 'https://via.placeholder.com/640x480.png/00aa44?text=ducimus', 'Gerlach Ltd', 'Lera Kshlerin Jr.', '21583 Mayer Island Apt. 385\nEast Greenville, OH 94187', 3, '804.563.9952', '(980) 205-7445', '+1-743-353-2018', 'zgrant@grimes.com', 'zoe62@gmail.com', 'maxwell.brown@gmail.com', 'Non in incidunt iste error distinctio. Error consequuntur quam odit tenetur in quia est. Nulla sunt quia tempore ipsum non incidunt iste.', 'http://www.friesen.net/cupiditate-numquam-quaerat-aperiam-assumenda-odit-soluta-fugit', 'https://goo.gl/maps/pamfblvuln19569', 'https://www.facebook.com/vrvlef8065', 'https://www.instagram.com/ptsfvr9616', 'https://www.twitter.com/dmvtem4063', 'https://www.linkedin.com/in/hlpzyd0640', '["1","8","27"]', 'TT77012676', 'TT945289763', 1, 'ORP292665', 'Net 60 Days', 'Priority Shipping', 'Minus et esse suscipit nam quo. Eaque soluta quis libero voluptatum in perspiciatis aut qui. Occaecati voluptas est sunt aperiam. In veniam animi ipsum ea et numquam. Non veniam eos occaecati. Nisi hic ut porro omnis. Culpa id explicabo vel praesentium iusto vitae ut ducimus. Consequatur illo sunt porro illo voluptas accusamus corporis.', 'Raina Considine', 'jessyca.schmitt@yahoo.com', 'Thomas Herzog Jr.', 'jedediah63@rodriguez.biz', 'Marianne Ritchie', 'dfeeney@king.com', 'Otilia Roob', 'lexi33@yahoo.com', 'Sed voluptatem veritatis sit et itaque.', 'culpa quia maxime', '2023-07-15 05:36:05', '2023-07-15 05:36:05'),
	(26, 16, 0, 'sunt-animi-alias-amet-debitis-ad', NULL, 'https://via.placeholder.com/640x480.png/00ee11?text=est', 'McClure, Botsford and Brown', 'Kip Kling', '127 Reichel Groves\nEast Kellenview, TX 21983-8207', 3, '+1.765.529.1161', '(737) 981-9538', '1-571-656-8101', 'mertz.bria@wiza.com', 'norma.emard@gmail.com', 'white.jordan@hotmail.com', 'Quo perspiciatis nobis sapiente eligendi qui dolores ut. Amet dicta ullam quia quia. Reiciendis quia qui et corrupti blanditiis culpa.', 'http://www.renner.com/aut-laborum-blanditiis-sed-nihil-quo-dolorem-repudiandae', 'https://goo.gl/maps/logzrwkqrp20362', 'https://www.facebook.com/ndwtsz9181', 'https://www.instagram.com/vmtnlf5583', 'https://www.twitter.com/uvyfjt9042', 'https://www.linkedin.com/in/uizstj1706', '["15","28","30"]', 'PS80062442', 'SU708859960', 3, 'OQO420957', 'Pay Upon Receipt', 'Priority Shipping', 'In quo qui consequatur quisquam. Assumenda asperiores et est rerum. Sunt expedita quas laboriosam dolorem fuga sapiente velit consectetur. Unde accusamus voluptates laudantium itaque consequatur tempore suscipit. Aut aut tenetur facilis sint. Repellat ut rerum et sed at dolor eum. Et quis possimus sit consequatur repellat. Non et ipsa dolore eos deserunt voluptatem.', 'Shanon Zboncak', 'emily93@moore.info', 'Ms. Ara Cremin', 'mante.thora@hartmann.net', 'Mr. Juvenal Will', 'cpadberg@gmail.com', 'Dr. Evangeline Bechtelar', 'brent.schaden@waters.com', 'Est saepe dignissimos est commodi.', 'et et inventore', '2023-07-15 05:36:05', '2023-07-15 05:36:05'),
	(27, 18, 0, 'necessitatibus-nisi-dolor-temporibus-porro-unde-itaque', NULL, 'https://via.placeholder.com/640x480.png/004400?text=magnam', 'Marks, Mueller and Bernhard', 'Halie Dibbert', '891 Heathcote Manors\nBerniermouth, ME 43238-4003', 1, '+1.570.690.9723', '+1-404-669-5566', '+12725987468', 'merdman@yahoo.com', 'brekke.geraldine@bauch.com', 'vturner@donnelly.net', 'Dolores nam laborum laborum quam est. Suscipit in rem tempore optio doloribus quis sunt ea. In minus fuga sit voluptatem omnis.', 'http://huel.com/veniam-similique-fugiat-eos-maiores-mollitia-officiis-molestias', 'https://goo.gl/maps/rbqqexevho08207', 'https://www.facebook.com/wsoprd5717', 'https://www.instagram.com/ybffbu9030', 'https://www.twitter.com/nkbmfd3321', 'https://www.linkedin.com/in/yncdmf2440', '["9","27","18"]', 'PZ12468763', 'YG067978694', 3, 'UNN072321', 'Net 90 Days', 'Two-Day Shipping', 'Fugiat incidunt illum voluptatem ipsum provident in. Nemo velit provident et assumenda perferendis quos. Veniam cumque nihil nam dolorum velit neque in nobis. Minima dolores suscipit dolor ut distinctio consequuntur sed. Nesciunt et debitis et sed omnis. Itaque dolorem iusto expedita explicabo. Eligendi omnis debitis sit dolorum adipisci est. Asperiores praesentium iure consequuntur dolorum. Velit quod quibusdam eligendi quam consequatur. Molestiae suscipit velit consequuntur quaerat. Quis laborum voluptates distinctio facilis enim. Vitae voluptates error possimus numquam.', 'Mrs. Andreanne Lockman', 'lexus.cartwright@yahoo.com', 'Andrew Mueller', 'dveum@osinski.com', 'Kaylee Rohan', 'marquardt.olga@corkery.com', 'Odell Prohaska', 'xdaugherty@little.com', 'Nobis praesentium sunt provident qui cum natus omnis.', 'expedita laborum rerum', '2023-07-15 05:36:05', '2023-07-15 05:36:05'),
	(28, 68, 0, 'vitae-ut-quo-dolores-beatae-fugit-dignissimos-totam', NULL, 'https://via.placeholder.com/640x480.png/00aacc?text=veniam', 'Cartwright and Sons', 'Dr. Alexandrine Bergnaum DDS', '320 Magnolia Row\nNorth Jeromystad, WV 04909-6821', 2, '+1-319-201-5422', '248.214.3568', '+1.559.824.4379', 'vella66@gmail.com', 'khessel@gmail.com', 'vdavis@gmail.com', 'Quae quae facere excepturi voluptatum amet cupiditate. Optio repellat perspiciatis omnis quam quam nisi quia nihil. Beatae vitae reiciendis ut doloremque reiciendis et deleniti.', 'http://www.kihn.org/error-quis-eius-minima-fugiat-molestiae-autem', 'https://goo.gl/maps/fyfnueqpdv69727', 'https://www.facebook.com/fddpvb8748', 'https://www.instagram.com/icnvrq7875', 'https://www.twitter.com/srilta2286', 'https://www.linkedin.com/in/chxlzj2482', '["16","30","5"]', 'UD42792131', 'UH539328404', 1, 'IAJ220098', 'Net 30 Days', 'Free Shipping', 'Modi eius nam molestiae voluptatem pariatur iste nam voluptate. Sunt similique aperiam corporis ipsa. Quis sed est dolor deserunt perspiciatis voluptatem id saepe. Expedita beatae et nesciunt. Eaque incidunt facere rem aut error. Dolore aut et qui labore itaque totam. Rem consequatur tenetur aut totam voluptas ratione qui neque. Similique vel earum eos est nihil fuga porro. Qui labore repudiandae aut animi omnis. Voluptatem quae fugiat consequatur nulla beatae unde. Quam aut placeat repudiandae maiores numquam ratione excepturi. Aliquid perspiciatis sunt soluta minus dolore ipsam.', 'Hoyt King', 'iheidenreich@krajcik.com', 'Citlalli Hartmann MD', 'griffin75@hotmail.com', 'Lenny Bogan', 'waelchi.piper@yahoo.com', 'Jodie Denesik', 'fbaumbach@price.com', 'Magni est aut fugit alias ab assumenda deleniti.', 'enim et quam', '2023-07-15 05:36:05', '2023-07-15 05:36:05'),
	(29, 124, 0, 'id-et-dicta-aut-aut-totam-rerum', NULL, 'https://via.placeholder.com/640x480.png/0044ee?text=ducimus', 'Rogahn PLC', 'Patience Schneider', '13233 Edyth Pass Apt. 906\nSouth Eva, NE 84513-0042', 2, '1-385-735-4422', '(567) 840-9171', '+1.616.534.0975', 'stacey.king@hotmail.com', 'martina.bayer@mohr.com', 'bernhard.thelma@wisoky.com', 'Veniam veniam qui sit perferendis nisi tempora. Inventore enim consectetur quaerat laudantium reiciendis. Et maiores quo corporis debitis veniam ad.', 'http://www.stiedemann.com/', 'https://goo.gl/maps/xbjenfrrel57408', 'https://www.facebook.com/dqaraf0709', 'https://www.instagram.com/zlapcf6063', 'https://www.twitter.com/tgpihb8626', 'https://www.linkedin.com/in/ozsyxi8671', '["26","20","15"]', 'JN39463492', 'VU687101212', 3, 'HEH035952', 'Pay Upon Receipt', 'Two-Day Shipping', 'Nihil iusto repudiandae iure et numquam. Reiciendis et deserunt architecto est sit excepturi vel. Voluptatem ut numquam fugit reiciendis sunt ea eaque. Deserunt aut temporibus officiis. Veniam velit animi enim a quis nam vel. Itaque qui veritatis molestiae ipsa. Debitis et animi ex praesentium sint. Molestias nihil nostrum deleniti eaque tenetur ducimus est. Libero eum sed enim. Sint aperiam dolore fugiat dignissimos expedita illo. Repellat aliquam molestias aut fugit.', 'Herminia Schoen', 'angelita87@pollich.info', 'Saige Spinka', 'koelpin.emilio@hotmail.com', 'Mr. Myrl Brakus', 'flangworth@yahoo.com', 'Alvena Bednar', 'carley.emmerich@bashirian.com', 'Quia provident et quisquam eveniet molestiae.', 'cupiditate ullam sit', '2023-07-15 05:36:05', '2023-07-15 05:36:05'),
	(30, 90, 0, 'fugit-aut-nesciunt-dignissimos-est-deleniti-atque', NULL, 'https://via.placeholder.com/640x480.png/003344?text=deserunt', 'Schamberger PLC', 'Lewis Reynolds', '586 Ebba Stravenue\nNorth Kellichester, IN 59087', 1, '1-747-922-3884', '(341) 678-9912', '+1.234.566.8491', 'kerluke.blake@mclaughlin.org', 'sanford84@hotmail.com', 'lauryn.dibbert@yahoo.com', 'Est quia inventore expedita et harum. Ab et alias quod deleniti. Eos odit blanditiis et enim.', 'http://torphy.com/repellendus-ut-soluta-excepturi-accusantium.html', 'https://goo.gl/maps/iygulyyyce83410', 'https://www.facebook.com/wehaca5084', 'https://www.instagram.com/dawmsd7866', 'https://www.twitter.com/ppaorp5817', 'https://www.linkedin.com/in/zknvzp9534', '["21","18","8"]', 'BK95794120', 'SY897898556', 3, 'QEI007662', 'Net 30 Days', 'Free Shipping', 'In eum enim omnis voluptas ut. Aut fugit ut dicta perferendis et ex fugiat omnis. Minus est perspiciatis aut quis eum repudiandae est. Dolorem ut est et. Aliquid quia sed magni porro architecto molestiae. Vero quo quia iste maxime soluta at. Ut aliquam porro autem ipsa consequuntur expedita eos.', 'Ruben Reilly', 'kyleigh86@gmail.com', 'Dr. Jasen Satterfield', 'rau.eva@bradtke.info', 'Miss Mireille Ward', 'madisen72@yahoo.com', 'Dandre Shanahan', 'wintheiser.marlee@howe.com', 'Exercitationem dicta et deserunt veniam.', 'nihil deleniti sint', '2023-07-15 05:36:05', '2023-07-15 05:36:05'),
	(31, 159, 0, 'aut-natus-sunt-illo-eius', NULL, 'https://via.placeholder.com/640x480.png/0077ee?text=sed', 'Yost and Sons', 'Isabella Tromp', '3991 Chaya Centers\nWest Kaelyn, IN 73749-2349', 4, '+1-865-340-2551', '+1.947.439.8361', '442.242.7481', 'annie.hyatt@gmail.com', 'kfahey@boyer.net', 'abigail22@yahoo.com', 'Aut eum vitae ducimus aut. Repellendus exercitationem iure sed et enim voluptatem et. Impedit sunt qui est voluptas repudiandae debitis.', 'http://www.considine.com/consequuntur-inventore-reiciendis-incidunt', 'https://goo.gl/maps/hiynegfkys81574', 'https://www.facebook.com/ytwlpv5965', 'https://www.instagram.com/wxfngt1439', 'https://www.twitter.com/wyxarr4163', 'https://www.linkedin.com/in/uikkuk2219', '["12","22","28"]', 'LA91557216', 'YI453959960', 5, 'APC741707', 'Cash On Delivery', 'Standard Delivery', 'Tempore maxime nisi non eum. Eaque et eum voluptas eligendi nisi. Ipsam ipsum quis itaque sed. Consequatur illo quo sit sed. Voluptatem rem quam delectus est eaque tempore. Eos exercitationem ut aut quia accusamus saepe. Molestiae provident illo et distinctio et quae neque aut. Explicabo nulla voluptas reiciendis iusto consequuntur et officia. Accusamus possimus assumenda et voluptatum. Magnam eum natus aspernatur. Possimus tempora tempora nemo animi accusamus ipsa. Perferendis assumenda voluptate saepe occaecati rem. Numquam aut odit qui accusantium ut voluptatem. Nesciunt qui rerum quia sapiente.', 'Virgie Conn', 'janick.fahey@walsh.com', 'Al Paucek III', 'caterina80@yahoo.com', 'Miss Palma Cummings', 'sawayn.scot@connelly.net', 'Abraham Marvin', 'reynolds.francesco@lakin.net', 'In recusandae neque dolor quam at modi.', 'labore illo aut', '2023-07-15 05:36:05', '2023-07-15 05:36:05'),
	(32, 51, 0, 'a-omnis-inventore-omnis-deserunt-error-dignissimos-cumque', NULL, 'https://via.placeholder.com/640x480.png/00bb77?text=repellendus', 'Rempel-Botsford', 'Pauline Greenfelder III', '5493 John Bridge Apt. 008\nStarkhaven, KY 25724', 1, '631-284-2952', '+1 (838) 954-7622', '(458) 359-0945', 'gleason.virgie@hotmail.com', 'althea.schulist@orn.com', 'akautzer@ritchie.com', 'Magnam quidem dolore fugiat esse enim. Ullam omnis molestiae alias. Qui ex repudiandae facere sunt delectus aperiam. Voluptas vitae nihil debitis quis provident corporis sapiente nulla.', 'http://www.hintz.info/', 'https://goo.gl/maps/jwgfjutzpl63004', 'https://www.facebook.com/uaybzt3585', 'https://www.instagram.com/whpiba1813', 'https://www.twitter.com/fajqtp6464', 'https://www.linkedin.com/in/awitss6319', '["18","11","25"]', 'LD00248421', 'TJ348308365', 2, 'YYS742000', 'Cash On Delivery', 'Free Shipping', 'Nesciunt quam nihil dolorem maiores. Expedita dolor unde quia et ut in officiis. Minima inventore ut cum est aut quia. Dicta aut dolores voluptatum voluptatem nesciunt exercitationem maxime. Dolorem consequatur delectus qui dolore dignissimos. Tempora voluptatem nihil sit qui. Atque quo explicabo quibusdam. Eligendi possimus ex ut cumque. Voluptatem quas enim aut delectus. Et aspernatur aut eius dolore. Asperiores reiciendis sapiente ad est aut nesciunt est. Voluptates molestiae quas illum deleniti perspiciatis ab. Consequuntur placeat est culpa nihil repellat facilis omnis.', 'Nikko Blanda', 'cremin.gerhard@nienow.com', 'Prof. Harvey Kirlin IV', 'hollie73@hotmail.com', 'Mia Fahey', 'macejkovic.samson@ondricka.com', 'Fannie Braun', 'clay89@pacocha.com', 'Non debitis quibusdam sequi.', 'cupiditate in dolorum', '2023-07-15 05:36:05', '2023-07-15 05:36:05'),
	(33, 137, 0, 'aut-at-et-rem', NULL, 'https://via.placeholder.com/640x480.png/008866?text=aliquam', 'Langosh-Cormier', 'Marshall Koepp', '1669 Justus Canyon\nNorth Tod, HI 54983', 2, '+1.262.369.4309', '1-480-882-5437', '1-360-336-4410', 'xhayes@weissnat.biz', 'moore.zella@yahoo.com', 'kunze.mattie@gmail.com', 'Rerum optio sed quibusdam sed exercitationem iste. Accusamus corporis aut quo reiciendis enim atque ut. Assumenda vitae doloribus aut id consequatur.', 'http://www.green.info/', 'https://goo.gl/maps/eoqgeohluz38865', 'https://www.facebook.com/ldumty8110', 'https://www.instagram.com/kvozma0151', 'https://www.twitter.com/mapjwh9049', 'https://www.linkedin.com/in/eksaqg8616', '["14","8","18"]', 'SQ74893788', 'QL099102823', 2, 'HKR959120', 'Net 30 Days', 'Same-Day Delivery', 'Illum harum quia totam delectus iusto. Excepturi id repudiandae rem et aut. Eos perspiciatis quo eum quod qui dolor dolore. Repellendus ut vel facere unde illo ea. Quia sit non ratione sint. Dolorem praesentium sit accusantium aut suscipit modi. Rerum et autem voluptas sed incidunt alias officia at. Officiis officia molestiae ratione sunt quo accusamus quibusdam. Quo maxime et occaecati voluptatem.', 'Jamaal Howell V', 'lorena.mcglynn@gmail.com', 'Mr. Vince Harvey MD', 'viva.deckow@kerluke.com', 'Mazie Erdman Jr.', 'ariel18@yahoo.com', 'Prof. Santino Grady DDS', 'chloe.orn@graham.net', 'Odit maiores omnis quis.', 'quis voluptas et', '2023-07-15 05:36:05', '2023-07-15 05:36:05'),
	(34, 186, 0, 'voluptatibus-saepe-voluptatem-id-ut', NULL, 'https://via.placeholder.com/640x480.png/0088bb?text=molestiae', 'Marks, Parisian and Blanda', 'Sarah Sipes', '562 Logan Isle Apt. 994\nMaynardmouth, GA 25222-6963', 4, '314-984-7896', '+1-270-439-5877', '+1 (334) 429-2158', 'xmayer@bosco.com', 'arden.kuvalis@ohara.com', 'lromaguera@gmail.com', 'Sit voluptatem ut non harum natus repellat suscipit deserunt. Doloribus ut omnis ut iure. Omnis dolorem provident nulla laboriosam.', 'http://parisian.net/', 'https://goo.gl/maps/cmattbkxcn14643', 'https://www.facebook.com/annpiw1899', 'https://www.instagram.com/entqlo0891', 'https://www.twitter.com/aloccd6139', 'https://www.linkedin.com/in/fpapfi2924', '["20","1","7"]', 'SE08026614', 'UE765553631', 3, 'VYG037821', 'Net 30 Days', 'Standard Delivery', 'Corrupti fugiat inventore sit aperiam quo est. Nihil veritatis quisquam velit necessitatibus et aut iusto et. Optio molestias occaecati et voluptatum inventore veritatis maiores. Et nihil dolorum veritatis fugiat est suscipit et. Qui veniam enim doloremque. Cum consequuntur minus ut. Quidem aut nemo voluptatem voluptas rerum. Ut nemo expedita et eligendi. Debitis sit quia ratione aut quam reprehenderit. Adipisci laborum tempore quod autem. Et impedit laudantium explicabo sapiente aut quae sint. Incidunt voluptatem porro beatae in. Molestiae nam et voluptatem officiis.', 'Shanelle Nienow', 'israel18@hotmail.com', 'Anita Price', 'halvorson.darron@gleichner.org', 'Adell Adams', 'marielle.kreiger@lang.net', 'Anastasia Hoppe PhD', 'ecrist@yahoo.com', 'Repellendus at sit doloremque odit aliquam.', 'quisquam enim voluptatem', '2023-07-15 05:36:05', '2023-07-15 05:36:05'),
	(35, 200, 0, 'magni-provident-quo-iure-eum', NULL, 'https://via.placeholder.com/640x480.png/0044ff?text=exercitationem', 'Lindgren Inc', 'Mohamed Ondricka', '5830 Hegmann Common Apt. 770\nJameyview, UT 18525-1016', 4, '+14302443864', '1-209-583-3411', '518-978-3921', 'ilebsack@hotmail.com', 'norbert04@fisher.net', 'flindgren@yahoo.com', 'Nisi consequatur tenetur velit repudiandae atque saepe. Non ipsam temporibus iure assumenda voluptatibus ad quis. Est vel sint ab delectus veniam id modi.', 'http://www.terry.com/impedit-ipsum-cumque-dicta-quaerat-voluptatem-ex', 'https://goo.gl/maps/znuvytdznn11065', 'https://www.facebook.com/engzkt5159', 'https://www.instagram.com/voqdcq9531', 'https://www.twitter.com/adgveh9680', 'https://www.linkedin.com/in/sibhts0468', '["14","10","26"]', 'KS56424684', 'RK489202759', 3, 'DJM406646', 'Net 60 Days', 'International Shipping', 'Error maiores natus rerum nobis eum. Fuga in ut aliquid harum libero eligendi. Est sit corporis cum dolore ut quo eos. Tenetur maiores atque quia dolores dolores quibusdam voluptates. Dolor laboriosam laboriosam ratione quibusdam saepe. Laborum rerum ipsa beatae et tempore maiores. Incidunt est temporibus quis quod. Doloribus tenetur accusamus qui consequuntur aliquid consequatur aut. Et atque ratione quis quaerat eaque et et. Est qui debitis enim rerum fugiat officia. Eveniet sed corrupti est et. Aliquid dicta qui illum aut nam. Ullam vel earum mollitia natus optio animi. Et qui quibusdam est sunt voluptatem.', 'Margarett Sanford', 'misael85@zieme.info', 'Daron Considine', 'harris.rollin@morar.com', 'Mr. Deron Kub MD', 'hilton.romaguera@becker.com', 'Shea Collins Sr.', 'johnnie.thompson@bayer.com', 'Est qui error ea repellendus cupiditate sint.', 'ea doloribus architecto', '2023-07-15 05:36:05', '2023-07-15 05:36:05'),
	(36, 184, 0, 'sunt-molestiae-nisi-id-rerum', NULL, 'https://via.placeholder.com/640x480.png/00cc77?text=amet', 'Hagenes, Green and Orn', 'Terry Altenwerth', '1803 Scarlett Stravenue Suite 168\nTierrastad, KS 90798', 2, '779.585.5616', '+1-620-776-2179', '+1-408-486-1416', 'joe.predovic@grady.com', 'emmerich.gennaro@braun.com', 'moriah.hauck@hotmail.com', 'Vitae vel repellat minus et et quasi vel inventore. Eius rerum soluta quia molestiae aspernatur. Dolorem animi quam eos cumque atque eligendi. Ratione nam nam quia perspiciatis commodi aut est.', 'http://www.zemlak.org/excepturi-corrupti-et-doloremque-adipisci-ipsum-quo-sit', 'https://goo.gl/maps/xkbevkhhou72502', 'https://www.facebook.com/pzhyyb5043', 'https://www.instagram.com/lbsmks8947', 'https://www.twitter.com/pcfwsf8024', 'https://www.linkedin.com/in/bokbak3033', '["21","9","24"]', 'VT18835039', 'IZ510458563', 1, 'CPO937514', 'Cash On Delivery', 'Standard Delivery', 'Doloremque ipsum facilis tempora animi cumque rerum. Quos voluptates totam qui dolorem qui earum a. Delectus nihil minus incidunt. Illum et reprehenderit laborum aperiam nisi. Ut dolorem ex est delectus. Officia quisquam reprehenderit magnam consequatur ut nisi. Et nisi iusto delectus incidunt quidem veritatis dignissimos recusandae. Quibusdam aperiam perspiciatis id dolores. Quis magni possimus aperiam mollitia.', 'Anna Farrell', 'thomas.russel@graham.com', 'Lennie Reichert', 'avis68@gmail.com', 'Arno Heidenreich', 'itillman@kreiger.com', 'Velva Gerlach', 'vivien49@yahoo.com', 'Quos repellat rem autem sed magni doloribus at.', 'itaque illum perferendis', '2023-07-15 05:36:05', '2023-07-15 05:36:05'),
	(37, 153, 0, 'quae-ex-molestiae-ducimus-labore-consequatur-unde-et', NULL, 'https://via.placeholder.com/640x480.png/0022dd?text=reiciendis', 'Kassulke, Beatty and Marks', 'Prof. Tracey Price V', '522 Eriberto Well Apt. 835\nWest Bradfort, MO 20395', 4, '+1.619.852.3070', '+17038737368', '606-785-4013', 'terrell.jenkins@yahoo.com', 'dallin.reynolds@ward.com', 'oconner.henri@gmail.com', 'Rerum aliquam quia accusantium possimus sed. Eos ipsam eligendi aut aspernatur laudantium repudiandae quis. Et qui et occaecati facilis animi. Ex aliquid facilis iusto et non.', 'http://www.jenkins.info/beatae-natus-vel-illum-labore-cumque-sed-consectetur-rerum.html', 'https://goo.gl/maps/vtfbxskgzp85579', 'https://www.facebook.com/uwyvvg9827', 'https://www.instagram.com/gbnple9125', 'https://www.twitter.com/tivazp1289', 'https://www.linkedin.com/in/erqslw4449', '["10","26","1"]', 'EH44783987', 'HR527730203', 1, 'SZS482492', 'Net 60 Days', 'Standard Delivery', 'Ut repudiandae dolorum ut aspernatur harum ipsa culpa cumque. Cupiditate et eligendi occaecati officiis. Eligendi molestias eos sit ut deserunt. Ullam delectus unde at nihil quo. Et et iure deleniti. Quaerat assumenda aut ut perspiciatis aut autem. Vitae ut qui rem accusamus molestiae ullam inventore. Quia magni itaque fuga qui quod. Voluptatibus qui harum sequi quam reprehenderit.', 'Foster Feest', 'mertz.alice@gmail.com', 'Felicity Jacobson MD', 'weber.vernice@yahoo.com', 'Mrs. Felicity Jast DDS', 'ariel76@gmail.com', 'Ava Carroll', 'cummings.beryl@marvin.com', 'Reiciendis libero rerum qui rerum quasi dolorem voluptates.', 'ea qui consequatur', '2023-07-15 05:36:05', '2023-07-15 05:36:05'),
	(38, 88, 0, 'et-aut-optio-et-reiciendis-libero', NULL, 'https://via.placeholder.com/640x480.png/0033bb?text=ea', 'Auer-Oberbrunner', 'Dr. Kendall Considine PhD', '5175 Von Mill Apt. 362\nNew Efrentown, UT 65356-4098', 1, '989.864.9725', '657.616.6181', '+1.972.466.4287', 'garfield.rau@blick.com', 'flatley.zackary@gmail.com', 'kovacek.bo@kilback.org', 'Temporibus minus et voluptatum dolores. Cumque qui qui deleniti error eaque. Amet exercitationem porro repudiandae in maxime. Asperiores possimus non rerum qui sunt. Beatae molestiae ea mollitia architecto.', 'http://www.torp.net/', 'https://goo.gl/maps/melckhijeh90443', 'https://www.facebook.com/rbfmbu9525', 'https://www.instagram.com/lfhixj0760', 'https://www.twitter.com/qlbdgi3999', 'https://www.linkedin.com/in/shpdfl2823', '["23","8","24"]', 'NQ08954380', 'LZ290435200', 4, 'OGW720248', 'Net 60 Days', 'International Shipping', 'Modi molestias ea quidem dolorum praesentium. Temporibus esse libero cum dolor minus excepturi suscipit et. Expedita eum est hic. Magni et delectus neque culpa earum cumque itaque. Fuga autem tenetur facilis adipisci inventore. Aliquam labore et eveniet aut. Explicabo officia quaerat quisquam dolore ea corrupti.', 'Imani Hammes', 'wlangosh@gmail.com', 'Jaron McLaughlin', 'aschamberger@russel.info', 'Anibal Crooks Sr.', 'mckenzie.brando@bins.biz', 'Ellen Keeling II', 'rlesch@gmail.com', 'Itaque cum et accusamus earum.', 'perferendis odio ipsam', '2023-07-15 05:36:05', '2023-07-15 05:36:05'),
	(39, 150, 0, 'quo-enim-voluptatem-ipsum-laborum', NULL, 'https://via.placeholder.com/640x480.png/0088ff?text=ullam', 'Waelchi-Jakubowski', 'Alfredo Paucek MD', '279 Yolanda Camp\nRathmouth, AL 84069', 4, '+1-458-210-3254', '(248) 446-1770', '502.295.3413', 'stroman.lindsay@flatley.com', 'nolan.margot@gmail.com', 'hattie.olson@gmail.com', 'Quod suscipit ea et facere. Officiis unde et consequuntur eius dignissimos. Est vel omnis non nostrum est. Dignissimos nemo explicabo saepe.', 'http://konopelski.com/', 'https://goo.gl/maps/ewhqvnsnmh92427', 'https://www.facebook.com/qkgznz7383', 'https://www.instagram.com/lbpiun4998', 'https://www.twitter.com/czbifi3316', 'https://www.linkedin.com/in/hexyzs1391', '["15","30","3"]', 'BE36539153', 'WE173491280', 1, 'IBB703592', 'Net 60 Days', 'Priority Shipping', 'Animi accusantium et numquam error libero cumque soluta. Non labore qui rerum dolorem eos occaecati qui eos. Modi earum vel ab inventore. Vel nobis maxime ipsa eligendi voluptatem. Deleniti molestias voluptas perferendis pariatur non. Quibusdam a et possimus nihil aut quia unde. Aut fuga ullam ipsam. Veniam similique magni fugit praesentium. Soluta placeat ut sed blanditiis.', 'Dr. Liza Yundt', 'nicolas42@watsica.com', 'Malika Cormier', 'sigurd50@yahoo.com', 'Alia Rau', 'wilford33@gmail.com', 'Dr. Yessenia Anderson', 'treutel.morton@prohaska.org', 'Et possimus dicta alias consequatur ex et.', 'sit velit et', '2023-07-15 05:36:05', '2023-07-15 05:36:05'),
	(40, 138, 0, 'et-ipsam-fugiat-vero-tenetur-praesentium-aspernatur', NULL, 'https://via.placeholder.com/640x480.png/008888?text=placeat', 'Hermann-Herzog', 'Dr. Brendan Berge', '894 Junior Run Suite 970\nPort Aftonfurt, HI 32756', 2, '+12137738712', '1-865-661-8205', '(321) 670-1441', 'herzog.aubree@gmail.com', 'kris.dickinson@medhurst.com', 'mccullough.josefa@botsford.com', 'Debitis omnis rerum natus commodi. Quam dignissimos dicta amet ut et in in voluptates. Repellendus voluptates accusamus veniam iste itaque in distinctio. Eos illo necessitatibus tempore qui.', 'https://pagac.biz/ut-delectus-reiciendis-rerum-aut-nostrum.html', 'https://goo.gl/maps/gvdqfhxlfy53581', 'https://www.facebook.com/bfwrfx9239', 'https://www.instagram.com/lnqlmh8588', 'https://www.twitter.com/hnwdud6362', 'https://www.linkedin.com/in/dfuaor3647', '["1","12","25"]', 'IQ77852087', 'FT112268739', 3, 'LMS915150', 'Cash On Delivery', 'Standard Delivery', 'Neque vel esse consectetur. Laborum quos dolore eum consequatur quaerat deserunt. Rerum eum magnam amet pariatur quia quis ut. Velit aut necessitatibus rerum et voluptatem. Accusantium ea aut sint et. Est consequatur exercitationem alias minima alias hic expedita. Ut soluta nostrum numquam consequuntur autem sit eos blanditiis.', 'Justina Kassulke II', 'bosco.elenora@rau.net', 'Bella Hane', 'donald47@yahoo.com', 'Tom Jaskolski Sr.', 'anderson.constance@romaguera.com', 'Dr. Deangelo Smith', 'catharine34@ernser.org', 'Molestiae commodi reiciendis recusandae qui recusandae recusandae placeat.', 'in est rerum', '2023-07-15 05:36:05', '2023-07-15 05:36:05'),
	(41, 104, 0, 'fugiat-debitis-harum-veritatis', NULL, 'https://via.placeholder.com/640x480.png/00dd77?text=quisquam', 'Cole Ltd', 'Prof. Wade Weber II', '341 Doyle Road Suite 845\nDickistad, ND 51175', 4, '+1-339-784-7424', '1-580-814-9882', '+1-301-425-2021', 'craig.grant@gmail.com', 'jdurgan@yahoo.com', 'hbogisich@schinner.com', 'Vitae quidem deserunt debitis repellat nihil. Dignissimos quo velit molestiae in id tenetur distinctio ratione. Autem id delectus sed. Magnam dolore non ipsa. Incidunt est consequatur impedit.', 'http://www.dubuque.com/', 'https://goo.gl/maps/tizbtrhnmm61760', 'https://www.facebook.com/dvoext9148', 'https://www.instagram.com/egneep8155', 'https://www.twitter.com/qpoceq9908', 'https://www.linkedin.com/in/ryjoeq9251', '["2","4","16"]', 'HT32289991', 'GC171943478', 2, 'ADA318030', 'Net 90 Days', 'Same-Day Delivery', 'Non molestiae corrupti non quo ipsum. Delectus tempore voluptas voluptas. Nisi hic harum autem ducimus. Qui hic dolor modi qui et molestiae. Doloribus sint culpa unde odit. Molestiae eligendi laborum officiis. Deleniti quos sapiente voluptates vel voluptatem et. Dolorem quis ut vero.', 'Alexandria Champlin', 'guido.wunsch@hotmail.com', 'Mr. Rudy Wolf Sr.', 'lonnie.pfeffer@hotmail.com', 'Soledad Huel', 'kjaskolski@hotmail.com', 'Asha Watsica', 'ytorp@yahoo.com', 'At sed dolorum illum recusandae.', 'quos laborum tenetur', '2023-07-15 05:36:05', '2023-07-15 05:36:05'),
	(42, 163, 0, 'voluptatem-maiores-rerum-autem-in-voluptatem-quos', NULL, 'https://via.placeholder.com/640x480.png/002277?text=recusandae', 'Carroll, Mraz and Gutmann', 'Armando Runolfsson', '816 Barrows Inlet\nLarsonside, NH 56781-4505', 4, '651.978.3126', '+1 (252) 779-3599', '+1.815.618.0208', 'ghodkiewicz@gmail.com', 'chance.emmerich@gmail.com', 'scarlett03@gmail.com', 'Eum quia at consequatur incidunt consequatur nemo pariatur. Voluptas pariatur molestiae voluptatum ducimus perspiciatis.', 'http://price.com/et-occaecati-quos-saepe-praesentium-facilis-et-perferendis', 'https://goo.gl/maps/vsblhcylfu77878', 'https://www.facebook.com/mfajrz4917', 'https://www.instagram.com/qngttr8624', 'https://www.twitter.com/lvamly4715', 'https://www.linkedin.com/in/jmvhef3118', '["23","30","25"]', 'LL87077806', 'OT305602297', 1, 'DQY822233', 'Cash On Delivery', 'International Shipping', 'Et quis quae repellat debitis quia ex aut. Excepturi commodi vel a at quo sit distinctio. Et sapiente sit eligendi aut. Reprehenderit incidunt nulla et ullam. Ut accusantium dolorem qui a eius eius est. Accusantium modi mollitia iusto sint. Animi nobis minus eum omnis. Porro veniam quis facilis id perferendis at nihil. Eos consectetur totam perspiciatis repudiandae quas provident. Aliquam iure occaecati id et sapiente. Dignissimos optio eligendi ducimus odit et suscipit. Libero excepturi porro quia deserunt nam odio et. Fuga tenetur aut tempore.', 'Madelynn Effertz PhD', 'buck.herman@hackett.com', 'Nicola Dooley', 'bobby92@gmail.com', 'Barbara Senger', 'heller.joe@lindgren.com', 'Zoe Waters Jr.', 'alexane06@schowalter.com', 'Optio velit voluptates aperiam voluptas qui.', 'molestiae magni est', '2023-07-15 05:36:05', '2023-07-15 05:36:05'),
	(43, 37, 0, 'cumque-harum-reprehenderit-eos-quae-fugit-quia-ad', NULL, 'https://via.placeholder.com/640x480.png/00dd66?text=molestiae', 'Lehner LLC', 'Norval Gleichner', '8748 Dejon Bypass Suite 766\nZelmashire, AR 50161', 2, '(302) 541-4694', '+1.351.988.9825', '+1.574.568.7595', 'zetta73@nitzsche.com', 'melvina13@yahoo.com', 'edietrich@gleason.com', 'Autem non accusamus et nobis voluptate similique rerum. Error voluptates labore expedita sed autem autem ex reprehenderit. Labore commodi maiores autem veniam.', 'http://gibson.com/vitae-sed-quia-mollitia', 'https://goo.gl/maps/pisrlcqoza91830', 'https://www.facebook.com/hdahdp2694', 'https://www.instagram.com/hyynvu8760', 'https://www.twitter.com/sjuvqk9334', 'https://www.linkedin.com/in/fwcofn9035', '["15","19","9"]', 'AK84845599', 'ZZ561770562', 3, 'CNK007434', 'Cash On Delivery', 'Express Shipping', 'Consequatur ut consequuntur nulla dicta. Sed facere quia qui et velit accusantium. Atque sint consequuntur consequatur praesentium nostrum totam debitis. Odit ut est ea temporibus accusantium quo. Non et reiciendis voluptas. Voluptates eveniet rem molestiae autem. Animi facere corporis qui debitis corporis. Inventore minima ut aut soluta labore perferendis labore. Et est eveniet et sapiente consequatur. Et harum quos cupiditate excepturi. Aliquam ut et dolorem veritatis unde unde corporis minima.', 'Iva Jaskolski', 'qgrimes@terry.com', 'Mayra Considine', 'junior.hodkiewicz@leffler.com', 'Katelynn Hahn', 'balistreri.shannon@yahoo.com', 'Mr. Noe Oberbrunner I', 'roob.edwin@yahoo.com', 'Dolores ut libero optio.', 'molestias nesciunt autem', '2023-07-15 05:36:05', '2023-07-15 05:36:05'),
	(44, 103, 0, 'ut-accusamus-illo-dolorem-repudiandae-ut', NULL, 'https://via.placeholder.com/640x480.png/009911?text=ipsa', 'Kemmer Group', 'Kevin Monahan IV', '376 Keebler Overpass\nEast Barton, KY 00493-5785', 3, '1-484-459-8008', '+1 (334) 691-1360', '(781) 471-7589', 'gerry09@yahoo.com', 'linnie73@gmail.com', 'ariel.walker@yahoo.com', 'Quam sed recusandae earum ratione expedita quia et. Inventore sint et qui corrupti aliquid aut odio. Modi dolores eveniet quia quos deleniti. Ex laudantium quidem aspernatur et velit molestiae exercitationem dolorum.', 'https://www.paucek.com/necessitatibus-sint-autem-hic-provident-exercitationem-facilis-at', 'https://goo.gl/maps/lwcripofck28893', 'https://www.facebook.com/cplxaa7829', 'https://www.instagram.com/vyuuzg2282', 'https://www.twitter.com/whxihe6506', 'https://www.linkedin.com/in/ndppdp7316', '["1","27","26"]', 'UN18464539', 'RY843633435', 5, 'SGX536688', 'Cash On Delivery', 'Standard Delivery', 'Et voluptates et sint repellat. Dolore ut ratione exercitationem eveniet reprehenderit error. Quisquam nobis at dolor voluptas rem quibusdam a. Similique adipisci at nobis. Sint magni veritatis quae repellendus. Nihil magnam sequi id atque doloremque ipsum. In vitae ratione velit unde nam quia. Ea autem eaque suscipit deserunt nemo non ut. Animi ducimus qui nihil delectus.', 'Lavon Klocko', 'koss.mittie@yahoo.com', 'Julian Mertz', 'nona.volkman@hotmail.com', 'Yadira Powlowski', 'bauch.faye@yahoo.com', 'Emilio Schneider', 'gaetano75@hotmail.com', 'Totam minus dolorem ut.', 'porro qui error', '2023-07-15 05:36:05', '2023-07-15 05:36:05'),
	(45, 89, 0, 'nulla-sit-et-odio-eos-veniam', NULL, 'https://via.placeholder.com/640x480.png/000088?text=optio', 'Schmeler, Kling and Schaefer', 'Clementine Wehner', '11957 Stoltenberg River\nLaverneview, SD 53737', 4, '+19806181906', '1-858-323-8873', '(253) 505-9047', 'sylvan11@daniel.com', 'borer.jensen@yahoo.com', 'queen.barton@yahoo.com', 'Omnis quia et recusandae tempore maxime odit unde. Similique consequatur repellendus dolorem ea. Ducimus eos deserunt qui id ut voluptatem doloremque corrupti. Rem accusamus nulla nemo quam. Ut autem rem voluptatem autem tempora perspiciatis recusandae.', 'https://dach.com/est-occaecati-voluptas-esse-architecto-eligendi-molestiae-quia-aut.html', 'https://goo.gl/maps/zxukqqetfs23037', 'https://www.facebook.com/aikrkp4884', 'https://www.instagram.com/shldxa7967', 'https://www.twitter.com/twlnce1752', 'https://www.linkedin.com/in/dgglae4430', '["11","27","26"]', 'OY21314172', 'WO428520574', 5, 'GWH436476', 'Net 90 Days', 'Same-Day Delivery', 'Modi optio error est aut. Eius explicabo officia voluptatem nisi. Nam consequatur fugiat enim consequatur voluptatem nostrum. Non iure saepe ducimus possimus ut aut dicta facilis. Et qui qui dignissimos sit in in. Voluptatem sed alias voluptate voluptate fugiat. Blanditiis laudantium consequatur architecto non. Numquam quod distinctio vel voluptatem quis. Enim earum tenetur architecto. Porro aut labore et nesciunt voluptates ut. Reprehenderit nihil ab rem. Officia nam hic nam expedita distinctio. Qui et provident iusto qui nam aut quaerat.', 'Ms. Nakia Bailey Sr.', 'frederique17@hotmail.com', 'Emmanuel Schaefer', 'rhiannon60@hotmail.com', 'Ivy Greenfelder', 'ally.block@gmail.com', 'Mr. Christ Gleason MD', 'ykub@gmail.com', 'Officia earum rerum recusandae laborum est quia tempora occaecati.', 'esse accusantium nam', '2023-07-15 05:36:05', '2023-07-15 05:36:05'),
	(46, 176, 0, 'vitae-aut-nemo-sit-et-repellendus', NULL, 'https://via.placeholder.com/640x480.png/0044cc?text=et', 'Stanton Inc', 'Mr. Oswald Lowe Jr.', '1507 O\'Keefe Spring Suite 335\nRyderton, CT 74825', 1, '515-932-3607', '434.814.7498', '+1 (719) 928-6042', 'vblock@yahoo.com', 'samanta14@hotmail.com', 'mellie.champlin@gmail.com', 'Voluptates voluptatem itaque ducimus eveniet dolores quaerat dicta. Itaque recusandae numquam vitae distinctio est necessitatibus earum. Totam inventore occaecati qui modi. Est doloribus vel tenetur est sit.', 'http://www.brown.info/eius-ipsa-sint-consectetur-voluptatibus-quo-consequatur-explicabo', 'https://goo.gl/maps/sukdyxxkog44362', 'https://www.facebook.com/xefxnp8079', 'https://www.instagram.com/glregg3588', 'https://www.twitter.com/ehokfp7059', 'https://www.linkedin.com/in/zuyekf6975', '["1","8","25"]', 'LB11485422', 'YZ358191554', 6, 'BHN795930', 'Cash On Delivery', 'Standard Delivery', 'Velit architecto ratione est nostrum itaque. Corporis sit voluptatem voluptatibus cum. Deserunt praesentium est reiciendis vitae dolor consequatur ab. Quas harum est temporibus possimus. Ducimus modi maiores fugiat veritatis. Saepe veniam omnis eius ex voluptas. Praesentium in consequatur qui. Omnis iste et qui. Alias exercitationem temporibus minus quo a facilis reprehenderit.', 'Mrs. Kaelyn Mayert', 'elian42@lakin.biz', 'Dr. Mathias Hills', 'ethelyn25@carter.info', 'Rocio Abshire', 'felton66@gmail.com', 'Zachery Skiles', 'jackeline.bartoletti@hotmail.com', 'Ratione dolorem mollitia dolor.', 'dignissimos dolor ipsum', '2023-07-15 05:36:05', '2023-07-15 05:36:05'),
	(47, 71, 0, 'repellendus-consequatur-rerum-eum-eaque-voluptatum-officiis-laboriosam', NULL, 'https://via.placeholder.com/640x480.png/007777?text=et', 'Hane-Reynolds', 'Dr. Lela Cummings IV', '220 Rempel Stravenue\nSouth Estelshire, SD 21864', 2, '361.500.7737', '1-847-610-5793', '949-360-6392', 'isai.kovacek@rice.com', 'jessica72@sawayn.net', 'stuart40@ohara.info', 'Officia quia recusandae aliquam laborum magni beatae aliquam. Temporibus soluta quia corrupti recusandae ullam quia debitis voluptatem.', 'https://greenfelder.org/praesentium-repellat-ut-eum-a-et-in-voluptatum.html', 'https://goo.gl/maps/atlucdqxel67737', 'https://www.facebook.com/igxewi0799', 'https://www.instagram.com/ellmgw0859', 'https://www.twitter.com/mlacay8328', 'https://www.linkedin.com/in/lgtccl0390', '["1","26","22"]', 'SC14036474', 'ZM341419742', 5, 'IFY366355', 'Net 90 Days', 'Express Shipping', 'Quis minus pariatur labore dignissimos officia placeat rerum. Mollitia animi id sunt itaque alias. Inventore quo sequi molestias delectus modi dolores nihil. Molestiae a esse sit. Qui quo odio qui officia ea quas iure. Voluptatibus est et laborum non id possimus. Et inventore vel quae porro eum beatae. Reprehenderit quod commodi accusantium reiciendis. Doloremque minima et est deserunt amet consequuntur dolorem. Dolore in mollitia quisquam. Expedita incidunt esse est cum. Nisi et quia iste voluptatem qui a. Excepturi voluptates laboriosam occaecati vel praesentium.', 'Helga Larson', 'mohamed31@davis.com', 'Dr. Roscoe Schuppe', 'wunsch.linnea@gmail.com', 'Reina Kling DVM', 'linwood06@yahoo.com', 'Dillan Abshire', 'hassan93@leuschke.biz', 'Quasi et voluptatibus autem amet.', 'earum rerum voluptatem', '2023-07-15 05:36:05', '2023-07-15 05:36:05'),
	(48, 105, 0, 'porro-voluptas-voluptatem-nostrum-est-voluptas-in-nemo', NULL, 'https://via.placeholder.com/640x480.png/009955?text=et', 'Gulgowski-Hermiston', 'Erwin Vandervort MD', '25742 Hermann Shoal\nKovacekbury, MN 86831-1534', 4, '914.677.1098', '+1-515-788-8711', '+1.820.385.7054', 'memard@beahan.com', 'jschuster@schultz.org', 'miguel54@rodriguez.net', 'Debitis tenetur ipsa et error consequatur quis. Rerum eius porro a eligendi non qui.', 'http://www.stracke.com/est-quis-quo-dicta-praesentium.html', 'https://goo.gl/maps/hfcjflzitc44949', 'https://www.facebook.com/syzrci1514', 'https://www.instagram.com/pzfgdf4062', 'https://www.twitter.com/dgrhoo4391', 'https://www.linkedin.com/in/kddohb3009', '["29","17","1"]', 'UX62623684', 'GI089074808', 6, 'ZQK229448', 'Net 90 Days', 'Two-Day Shipping', 'Maxime dolorum esse dolores aperiam eligendi repudiandae. Qui sit incidunt quam maiores maxime. Aliquam rerum quibusdam autem ipsa saepe vel sint vero. Molestiae eum et qui. Et exercitationem qui nisi debitis. Esse suscipit et modi ipsam corporis alias praesentium. Consequatur aperiam facilis facere eum. Deserunt nihil illo voluptatem aut quibusdam sit sit. Quas recusandae doloribus harum neque tenetur vel doloribus ad. Dolor ea illo consequatur. Corrupti et cum debitis omnis.', 'Sebastian Conroy MD', 'sandy.morissette@gmail.com', 'Velda Daugherty III', 'pacocha.margret@keebler.com', 'Miss Raegan Gottlieb', 'pollich.jermaine@hansen.com', 'Mr. Shane O\'Conner PhD', 'charity.carter@hotmail.com', 'Sint distinctio qui sint aut sunt aut incidunt.', 'fugit et qui', '2023-07-15 05:36:05', '2023-07-15 05:36:05'),
	(49, 172, 0, 'quis-inventore-iste-non-atque-cum', NULL, 'https://via.placeholder.com/640x480.png/009988?text=vero', 'Thiel Ltd', 'Amie Herman', '806 Auer Isle\nLarkinmouth, ID 99947', 3, '+1-380-688-0113', '+1.219.299.5522', '+17193438463', 'raphael98@gmail.com', 'bianka.watsica@gmail.com', 'bruen.anderson@kulas.com', 'Tempora et a rem et sunt rerum sit corrupti. Deserunt ex itaque debitis. Sed dolores culpa veritatis totam cum. Itaque assumenda aliquid sed dolorem architecto rem.', 'https://www.mann.com/provident-eaque-vitae-laboriosam-aut-ut', 'https://goo.gl/maps/mzfukbonwd82731', 'https://www.facebook.com/qjqddm2415', 'https://www.instagram.com/afuenz8099', 'https://www.twitter.com/mcahej7347', 'https://www.linkedin.com/in/aftyul8776', '["23","1","16"]', 'PT12718469', 'JN254929333', 5, 'SIH067542', 'Net 60 Days', 'Same-Day Delivery', 'In laborum quia ut dolor dolorum repellendus ea. Sed quibusdam inventore qui vel velit quo labore. Praesentium quaerat velit iusto est omnis sequi. Ea illo consectetur ut sit tempora. Qui sed est eaque aspernatur dolorem nihil quae. Placeat ut vero quos qui illum laboriosam. Recusandae repudiandae ea saepe totam placeat necessitatibus debitis. Provident repudiandae et odit possimus ullam delectus ipsam.', 'Anissa Gottlieb V', 'ima.kreiger@hotmail.com', 'Catalina Rosenbaum I', 'katheryn.willms@yahoo.com', 'Prof. Jayde Little', 'johns.genesis@olson.com', 'Jack Osinski V', 'delphine.boyer@hotmail.com', 'Sapiente ratione et et.', 'qui illum et', '2023-07-15 05:36:05', '2023-07-15 05:36:05'),
	(50, 87, 0, 'consequuntur-nihil-quo-voluptatem-sunt-et-aut', NULL, 'https://via.placeholder.com/640x480.png/000088?text=voluptates', 'Bruen Ltd', 'Leopoldo Durgan', '15280 Reinger Track\nBradenland, OH 59873-2474', 4, '+1.828.988.9075', '+1.318.898.3975', '724.705.5082', 'bart06@fay.com', 'larkin.rosendo@ryan.com', 'lindgren.madisyn@gmail.com', 'Animi dignissimos impedit libero cupiditate. Sequi architecto voluptatibus alias quas rerum. Voluptas dicta sint optio architecto ipsum id. Autem voluptate necessitatibus laboriosam eos ipsum.', 'http://hoppe.com/ut-non-provident-neque-maiores-vel-perspiciatis', 'https://goo.gl/maps/tfjynvngem42813', 'https://www.facebook.com/ewkiet7813', 'https://www.instagram.com/rcnhiv2680', 'https://www.twitter.com/iasuuq0552', 'https://www.linkedin.com/in/sfroch6029', '["26","6","21"]', 'PY42853214', 'SQ555436915', 1, 'QXN901395', 'Pay Upon Receipt', 'Next-Day Delivery', 'Laborum quisquam enim aspernatur atque. Et ea ad modi incidunt amet. Vel pariatur neque aut consequatur ut est nesciunt neque. Ipsa quasi quasi distinctio non autem similique qui ut. Et quidem saepe illum corporis ab sit architecto. Eum omnis illo minima ut. Et debitis aut maxime non molestiae aut. Porro et voluptas quod ex neque saepe sit. Atque aspernatur ipsum modi itaque. Ut id nihil id. Inventore voluptas laudantium maiores qui fugit et. Et et aut omnis.', 'Fred Koelpin', 'herminio07@beatty.biz', 'Madaline Schiller', 'arden.brakus@hotmail.com', 'Kris Mayer', 'ojenkins@dickinson.org', 'Uriel Lemke', 'janiya.bartoletti@bernier.biz', 'Quaerat et est cumque officia quae deserunt ut.', 'qui reprehenderit ab', '2023-07-15 05:36:05', '2023-07-15 05:36:05'),
	(51, 81, 0, 'aut-ad-excepturi-fugit-et-accusantium-deserunt-quia-assumenda', NULL, 'https://via.placeholder.com/640x480.png/001166?text=accusantium', 'Franecki LLC', 'Eloy Kerluke III', '4971 Quigley Mount Apt. 737\nCarleeville, NV 53597', 1, '+18086895032', '+1.951.460.7018', '+1 (352) 253-7731', 'pkshlerin@huel.com', 'jstracke@yahoo.com', 'sally.spencer@gmail.com', 'Dolores possimus optio explicabo. Doloremque alias provident aliquam.', 'https://greenholt.com/dolor-quam-minima-blanditiis-minus-voluptatem.html', 'https://goo.gl/maps/uxaoiqbimf71971', 'https://www.facebook.com/nfxstd1293', 'https://www.instagram.com/ykbrtq3380', 'https://www.twitter.com/lsuigw7982', 'https://www.linkedin.com/in/pnptkb1454', '["25","15","3"]', 'WA04465050', 'YB677894962', 3, 'FNA153232', 'Cash On Delivery', 'Free Shipping', 'Debitis neque hic iste. Officiis excepturi sed corporis minus accusamus. Natus quas repudiandae velit autem illo ea. Qui nemo dolores accusamus laboriosam. Deserunt earum quia dolores. Et atque voluptatibus excepturi nihil. Magnam tempora ea et maiores iusto quis. Est magni totam aliquid inventore. Sed soluta aspernatur aliquam ullam ipsum aut illo.', 'Petra Koepp', 'reichmann@gmail.com', 'Roman Schaefer', 'destini.kub@hotmail.com', 'Mark Koss', 'ykling@hotmail.com', 'Dr. Katheryn Feil', 'feest.frederick@stiedemann.net', 'Eum quasi voluptatem eum eos totam.', 'rem iusto magni', '2023-07-15 05:36:05', '2023-07-15 05:36:05'),
	(52, 52, 0, 'temporibus-cum-ipsum-aut-eius-possimus-laboriosam-aut', NULL, 'https://via.placeholder.com/640x480.png/0044bb?text=perspiciatis', 'Donnelly, Ratke and Adams', 'Colten Mohr', '258 Pansy Ports Apt. 531\nNorth Jensen, HI 35885', 1, '562-862-9788', '+1-978-573-2917', '248-664-5009', 'mcclure.martina@yahoo.com', 'legros.adella@friesen.org', 'clarabelle.mraz@frami.com', 'Magni maxime et qui voluptatem aut dignissimos. Deserunt vero aliquid non quas amet quo voluptates. At sit vel sed sint voluptatum id. Debitis sed in dignissimos nesciunt.', 'https://www.schuppe.com/aut-voluptas-ut-et-aliquid-ut-voluptas-ea', 'https://goo.gl/maps/prnihboaeb26403', 'https://www.facebook.com/jvfzci4626', 'https://www.instagram.com/argvad7214', 'https://www.twitter.com/wvlhlu9849', 'https://www.linkedin.com/in/nowsnm7644', '["23","30","1"]', 'JK14638462', 'RQ883657885', 5, 'RVU576132', 'Net 30 Days', 'Next-Day Delivery', 'Nihil ratione eum eaque autem. Voluptatibus ut quis quibusdam ducimus. Consequatur molestias quas aut qui expedita perspiciatis. Maiores voluptatem id est aperiam ut. Dolorem est eos beatae iure quia expedita excepturi. Aut sint consectetur qui ut et. Odio hic veniam voluptas voluptatum voluptates nihil enim. Aliquid fuga harum quia possimus reprehenderit earum.', 'Martina Stark', 'schneider.mabelle@hodkiewicz.com', 'Elmira Torphy', 'brenna17@grady.com', 'Dr. Jan Ratke', 'trinity70@lindgren.com', 'Dr. Maribel Schuster V', 'herman.thora@yahoo.com', 'Cupiditate enim consequuntur aliquam ex incidunt dolor.', 'magni quisquam perspiciatis', '2023-07-15 05:36:05', '2023-07-15 05:36:05'),
	(53, 42, 0, 'similique-corporis-labore-in-quia-harum-voluptas-est', NULL, 'https://via.placeholder.com/640x480.png/00aaff?text=voluptatum', 'Schiller, Dooley and Reynolds', 'Kaylah Volkman', '4214 Beier Club Apt. 124\nPort Harmonside, MA 87080-9680', 1, '720-308-3616', '272-219-2588', '620-547-4433', 'tpouros@yahoo.com', 'labshire@pollich.com', 'jaylen.schimmel@hotmail.com', 'Qui alias aliquid dolor accusantium consequatur similique. Autem tenetur fugiat aspernatur quis voluptate earum corrupti. Repellat dolore beatae minus iure quasi quas.', 'http://johnston.com/', 'https://goo.gl/maps/fzcyyglepi60314', 'https://www.facebook.com/jwuvrg3849', 'https://www.instagram.com/puezuz7428', 'https://www.twitter.com/tkumrk1130', 'https://www.linkedin.com/in/dmkyll0931', '["28","9","24"]', 'IP36191566', 'WJ955073555', 5, 'FNV420940', 'Cash On Delivery', 'Priority Shipping', 'Temporibus aut voluptatem laudantium sit vel culpa qui. Amet aut hic quas dolore. Ullam dicta nesciunt et facere. Incidunt qui inventore nihil nihil amet consequatur eos. Quas ut sint dolorem voluptate facilis maiores voluptate sed. Nesciunt officiis ut aut perspiciatis pariatur numquam quisquam. Ea minima repellendus omnis id exercitationem rerum ducimus omnis. Et itaque et est praesentium reiciendis est exercitationem. Consequatur tempora maxime numquam dignissimos ea iure. Officiis ex illo dolores quibusdam.', 'Abbigail Bergstrom II', 'emil60@yahoo.com', 'Kyleigh Hessel', 'leuschke.brielle@gmail.com', 'Tiara Stehr', 'vhahn@yahoo.com', 'Rudolph Torp', 'qcole@ratke.com', 'Modi voluptatem veritatis et explicabo est.', 'qui minima doloribus', '2023-07-15 05:36:05', '2023-07-15 05:36:05'),
	(54, 161, 0, 'ut-est-rem-debitis-quisquam-laborum-rerum', NULL, 'https://via.placeholder.com/640x480.png/00dd00?text=omnis', 'Balistreri, Harber and Mills', 'Audie Zieme', '41841 Schaden Fort Suite 237\nLake Marisol, AL 04415', 4, '(234) 264-0505', '319-736-8355', '+1-503-992-9879', 'jairo.thiel@kemmer.biz', 'ciara85@hotmail.com', 'holly.stark@mills.com', 'Qui repellendus non ab dolorum quaerat et labore. Iusto nemo dolore quia nam dolores. Necessitatibus similique dolor natus est nobis.', 'http://oconner.com/cumque-expedita-sapiente-omnis-maiores', 'https://goo.gl/maps/vpgjsuhlvq33370', 'https://www.facebook.com/srgwyw1260', 'https://www.instagram.com/wvmzoy9047', 'https://www.twitter.com/rtnsqd0641', 'https://www.linkedin.com/in/yguhrv2007', '["1","20","9"]', 'KC58265639', 'WG744093734', 6, 'UPY348224', 'Net 30 Days', 'Local Pickup Only', 'Blanditiis sunt velit velit eum voluptate. Voluptatem alias ea illum recusandae at qui. Dolore illo doloremque quia. Inventore vel delectus ea corrupti aut et. Sint velit voluptates aut. Quo molestiae voluptates omnis in similique. Autem est enim cum ullam. Suscipit nesciunt voluptas aut et magnam. Magni itaque qui dolorem excepturi omnis. Numquam exercitationem et expedita asperiores et voluptate voluptatem. Ipsa et voluptatum eius quibusdam velit.', 'Ms. Esperanza Stracke', 'nhoeger@yahoo.com', 'Miss Icie Carroll', 'rhea43@yahoo.com', 'Prof. Margret Durgan Jr.', 'jvonrueden@hotmail.com', 'Deron Huel MD', 'rmante@schiller.info', 'Nemo qui temporibus id magni similique.', 'neque placeat explicabo', '2023-07-15 05:36:05', '2023-07-15 05:36:05'),
	(55, 85, 0, 'aspernatur-magni-exercitationem-eligendi-porro-expedita', NULL, 'https://via.placeholder.com/640x480.png/00ee22?text=aspernatur', 'Wiegand, Hintz and Marquardt', 'Chase Hamill', '2042 Fisher Mission\nEltontown, AR 21366-4000', 3, '1-805-924-0999', '1-989-759-3468', '+1 (734) 475-6714', 'haylie.moore@ruecker.info', 'eloy79@halvorson.biz', 'rogahn.sean@wolf.com', 'Quis non doloremque vitae nihil sint. Excepturi dolor nemo sapiente sit ab quae nisi sed. Velit exercitationem aliquid id. Et itaque possimus mollitia aut consequatur quo.', 'http://homenick.com/ut-et-inventore-delectus-pariatur-ipsum-dolor-nihil', 'https://goo.gl/maps/zwvpzoogma44543', 'https://www.facebook.com/yirelt4422', 'https://www.instagram.com/ipzszf6541', 'https://www.twitter.com/heyzha7441', 'https://www.linkedin.com/in/amueoc7244', '["17","11","10"]', 'AV33832005', 'RU803473847', 6, 'ECS349924', 'Net 30 Days', 'Next-Day Delivery', 'Beatae quod eum aperiam consequatur. Veniam fugiat blanditiis aut nihil illo. Ipsum sit laboriosam sed sapiente. Velit incidunt ratione modi et voluptates ut cupiditate. Neque libero id ut autem nihil illum. Esse voluptatem nostrum aliquid corporis nemo cum. Sunt qui eius hic ex.', 'Esmeralda Sipes', 'lavern15@hotmail.com', 'Buddy Kshlerin IV', 'fveum@konopelski.biz', 'Prof. Cale Hilpert II', 'rgoodwin@gmail.com', 'Laurianne Marks DVM', 'leonor.pollich@kshlerin.com', 'Accusantium veritatis veritatis qui ipsa vitae illum corporis.', 'alias assumenda deserunt', '2023-07-15 05:36:05', '2023-07-15 05:36:05'),
	(56, 31, 0, 'et-sint-eveniet-voluptas-ut-iure-ea-eum', NULL, 'https://via.placeholder.com/640x480.png/00ee66?text=maxime', 'Thiel-Schneider', 'Sid Goldner III', '80318 Waldo Camp\nHassanhaven, KY 20273', 4, '432.925.2634', '458-934-6309', '805.364.0727', 'skautzer@schowalter.com', 'ptremblay@hotmail.com', 'omayert@yahoo.com', 'Dignissimos ratione suscipit et recusandae quasi nemo voluptas natus. Qui et et quae tempora molestiae. Corporis aspernatur amet pariatur sed eos et veniam.', 'http://kertzmann.net/laboriosam-voluptatum-officia-et-laudantium', 'https://goo.gl/maps/ewuzfpxido60159', 'https://www.facebook.com/hmuvhv5681', 'https://www.instagram.com/fsnjrq2911', 'https://www.twitter.com/gjgohj0129', 'https://www.linkedin.com/in/wehffv4717', '["29","13","30"]', 'WB28964054', 'TP943797180', 4, 'IQS271757', 'Net 90 Days', 'Free Shipping', 'Dolorem repellat blanditiis qui. Sed et eos vero et quas. Rerum labore qui odio tenetur sit incidunt quis. Praesentium est sit consequuntur velit et quasi. Sed consequatur mollitia voluptas dolor libero. Minus et illum soluta. Eaque aut cum officia aut reprehenderit et velit. Facere debitis at libero dicta vitae. Doloribus sapiente omnis nesciunt eius eum ullam. Impedit ullam enim ab. Porro ullam voluptate ea earum sed sint qui.', 'Nikko Bogisich', 'meredith47@kuhlman.biz', 'Lavina Lehner III', 'jast.sarai@mcclure.com', 'Daphne Ratke', 'collier.general@deckow.com', 'Therese Stiedemann', 'howe.antonietta@considine.com', 'Nemo fuga officiis et aut doloribus.', 'dolores non nostrum', '2023-07-15 05:36:05', '2023-07-15 05:36:05'),
	(57, 182, 0, 'alias-quaerat-natus-quisquam-sequi', NULL, 'https://via.placeholder.com/640x480.png/00ff55?text=voluptas', 'Hansen, Parker and Adams', 'Fredrick Rau', '5134 Kemmer Squares\nStuartchester, ME 17205-4902', 2, '+1.906.739.5471', '+1.754.438.0331', '541.402.3768', 'alvera50@quitzon.com', 'homenick.hector@gmail.com', 'george.satterfield@hotmail.com', 'Et et sunt consequuntur asperiores aperiam eos laborum. Magnam minima vel eveniet. Est occaecati dolorem nihil quasi in enim. Fuga voluptatum accusamus ad officia perferendis omnis debitis.', 'http://www.corwin.com/sed-molestiae-possimus-architecto-assumenda-quod.html', 'https://goo.gl/maps/haatmpjxcr35339', 'https://www.facebook.com/oeoqtl7381', 'https://www.instagram.com/fxexav2670', 'https://www.twitter.com/fadzzb9990', 'https://www.linkedin.com/in/ifholg5486', '["4","8","5"]', 'HB03217240', 'DY091148590', 5, 'TTR408517', 'Cash On Delivery', 'Priority Shipping', 'Fuga consectetur impedit sit vel dolore. Voluptatum et libero atque. Quo expedita magnam magni. Eligendi ratione sunt est vel et deleniti dolores. Fugiat sit dolorum quibusdam. Ex eius non eveniet enim odio. Ducimus est deleniti consequuntur ut.', 'Frederick Pagac', 'cara08@hotmail.com', 'Jennifer Abbott', 'kraig25@herzog.biz', 'Gina Kemmer', 'bogan.nestor@anderson.com', 'Miss Marilie Hane', 'kennedy.mccullough@gmail.com', 'Reprehenderit ipsa velit a voluptas.', 'impedit qui aut', '2023-07-15 05:36:05', '2023-07-15 05:36:05'),
	(58, 64, 0, 'unde-eveniet-expedita-explicabo-facilis-molestias-quaerat', NULL, 'https://via.placeholder.com/640x480.png/005511?text=et', 'Reinger-Spencer', 'Mr. Jeramie Casper DDS', '991 Anderson Locks\nKreigerville, CA 62337-5787', 2, '248.955.7738', '458.214.8474', '1-662-721-3282', 'cedrick.jacobson@swift.com', 'schmitt.derrick@waters.com', 'carley69@mcglynn.info', 'Et rerum nemo et quod voluptas. Illum nesciunt sit sequi impedit. Est sunt sed aperiam minima aut.', 'http://www.kihn.com/iusto-in-consectetur-facere-non-sed.html', 'https://goo.gl/maps/sznfaczqfo35052', 'https://www.facebook.com/pwymsu6587', 'https://www.instagram.com/borncu3919', 'https://www.twitter.com/bivmbw8663', 'https://www.linkedin.com/in/wxtibs1879', '["20","30","11"]', 'SH06899262', 'XB158328946', 3, 'TQF902296', 'Pay Upon Receipt', 'Standard Delivery', 'Eos laudantium eaque vel enim et est voluptas laboriosam. Natus aperiam dolores et cupiditate laboriosam quaerat quia. Provident sunt molestiae ut eum recusandae. Voluptate et nesciunt laborum reprehenderit temporibus voluptatibus. Est et magni veniam. Et tenetur eos quis id tempore voluptatibus. At consequuntur sed ad porro dolor nostrum ea. Non sed cum ex voluptate dignissimos.', 'Justice Lang', 'robb.gislason@hotmail.com', 'Ida Howell', 'kole19@skiles.biz', 'Ms. Ursula Hyatt', 'marques24@hotmail.com', 'Darrion Grimes', 'adele15@gmail.com', 'Quia fugit esse est repudiandae.', 'expedita eligendi sint', '2023-07-15 05:36:05', '2023-07-15 05:36:05'),
	(59, 93, 0, 'nemo-maxime-iure-beatae-facilis-eveniet-doloremque-qui-animi', NULL, 'https://via.placeholder.com/640x480.png/000033?text=culpa', 'Schamberger, Abbott and Feeney', 'Connie Dibbert I', '49103 Cicero Lake\nSchusterport, VA 49130-5169', 1, '541.769.7630', '712-478-6587', '(763) 702-8108', 'alycia.mcclure@hotmail.com', 'perry.schulist@waters.com', 'edmond24@greenholt.com', 'Sit error enim beatae quibusdam. Qui cupiditate saepe rem ut. Autem at et modi commodi molestiae accusamus quia. Aut deleniti non consequatur eligendi sapiente qui sint.', 'http://www.frami.com/aut-eligendi-qui-sit-asperiores-molestiae.html', 'https://goo.gl/maps/pawenghmtk14864', 'https://www.facebook.com/fbwomp3465', 'https://www.instagram.com/gwgvja8554', 'https://www.twitter.com/xoddlb5227', 'https://www.linkedin.com/in/vhvhso7620', '["3","22","29"]', 'OT14757141', 'WI675041369', 3, 'WNQ291110', 'Net 30 Days', 'Standard Delivery', 'Nam enim eum aut aspernatur exercitationem iusto. Natus nobis et blanditiis id molestiae excepturi nihil. Ad esse rem sapiente quo. Velit repellendus quod et et voluptatem nulla veniam. Nisi perferendis optio totam quas. Est dolor dolor perspiciatis quia quasi voluptas. Explicabo dignissimos voluptate et. Asperiores molestiae odio quae id expedita. Sapiente dolorum fuga perspiciatis id. Ducimus nihil maxime illo nihil est. Est deleniti ducimus exercitationem minima qui quos consequuntur. Et quia expedita quos et vitae. Suscipit et vero vitae qui soluta et. Velit atque et molestiae quibusdam id quo.', 'Dr. Walton Kovacek', 'jacobi.elinor@leannon.com', 'Jamal Bogan', 'kub.santina@yahoo.com', 'Benedict Franecki', 'buster.willms@towne.org', 'Bertrand Hammes', 'sarina77@gmail.com', 'Consequatur vel numquam nostrum nostrum qui sapiente.', 'libero unde consequatur', '2023-07-15 05:36:05', '2023-07-15 05:36:05'),
	(60, 144, 0, 'ipsum-rerum-culpa-ut-consequatur', NULL, 'https://via.placeholder.com/640x480.png/002255?text=sit', 'Koss LLC', 'Jovany Okuneva', '357 Myrtice Cape Suite 040\nRohanshire, CA 65186', 1, '1-432-809-9629', '+1 (754) 533-0941', '+1.916.663.5686', 'gerhold.mona@gmail.com', 'rhiannon.crist@bernhard.net', 'vita89@ullrich.net', 'Ducimus velit aut autem rerum qui beatae. Aspernatur assumenda qui ut ut ut magnam. Soluta cum maxime recusandae consequatur velit corrupti est.', 'https://cartwright.com/sapiente-rerum-dignissimos-praesentium-explicabo-aliquam-esse.html', 'https://goo.gl/maps/avvitphwkn02123', 'https://www.facebook.com/jwidgs0525', 'https://www.instagram.com/owetqt4382', 'https://www.twitter.com/gdvemx0311', 'https://www.linkedin.com/in/qilazx4273', '["2","29","9"]', 'PI16552463', 'UJ807723195', 1, 'HTY769748', 'Net 60 Days', 'Next-Day Delivery', 'Et quos molestias dolores labore veritatis ducimus repellendus. Sunt est libero quasi quia perspiciatis excepturi. Optio expedita accusantium consequuntur explicabo explicabo. Rerum ea consequatur vel quia. Sit et necessitatibus quaerat sed repellat repellendus et aliquid. Voluptas id et et asperiores enim. Quo velit unde doloribus eligendi autem. Et vel magni quia. Asperiores dolor vero quia ut in sed.', 'Dr. Audie O\'Reilly', 'gerry.willms@gmail.com', 'Araceli Heaney I', 'floyd48@franecki.net', 'Mitchell Sipes', 'terry.kub@yahoo.com', 'Lourdes Braun', 'ebert.walton@lubowitz.info', 'Mollitia reprehenderit saepe earum est exercitationem.', 'et eum quibusdam', '2023-07-15 05:36:05', '2023-07-15 05:36:05'),
	(61, 72, 0, 'aliquam-sint-enim-ullam-et-tempore-et', NULL, 'https://via.placeholder.com/640x480.png/001155?text=consequatur', 'Considine Ltd', 'Estefania Luettgen', '92611 Feest Parks Suite 163\nWisokyhaven, NV 43096', 4, '(727) 697-0857', '(480) 875-1575', '283-327-3027', 'ireilly@gmail.com', 'kling.brennon@reynolds.org', 'mabelle.keeling@yahoo.com', 'Eius libero amet ipsum ratione perferendis rerum. Et velit tempora illum.', 'http://quitzon.info/ut-minus-iure-quis-ut', 'https://goo.gl/maps/cilzpyafdd85560', 'https://www.facebook.com/klcvti3740', 'https://www.instagram.com/hivqgm4133', 'https://www.twitter.com/abbxgf4442', 'https://www.linkedin.com/in/oixgte4523', '["20","13","30"]', 'WQ14989393', 'RG337759406', 1, 'QGI106962', 'Net 60 Days', 'Standard Delivery', 'Animi soluta optio cupiditate facere quos necessitatibus. Et quae fugiat culpa quasi magni. Sit sed quibusdam non maxime suscipit. Ex quos voluptatem perspiciatis dignissimos. Exercitationem eos quia eligendi qui voluptates expedita vel doloremque. Reiciendis quia repellendus architecto autem assumenda a qui qui. Delectus et aliquid voluptatem ut. Et ipsa omnis enim sit nam illo temporibus. Temporibus ut optio et. Odit tempora ut quasi magnam. Dolorem nesciunt ipsam dicta soluta deleniti aut sed. Velit illum est veritatis qui. Et ut quia pariatur voluptate quisquam cumque eveniet. Exercitationem debitis maxime non non et temporibus incidunt.', 'Ms. Abbie Kerluke PhD', 'gkonopelski@goyette.net', 'Anthony Parker', 'marcelle.carroll@farrell.com', 'Dr. Wilmer Bode', 'javier66@yahoo.com', 'Wayne Renner', 'jody49@prohaska.info', 'Modi in consequatur dolorem.', 'at modi explicabo', '2023-07-15 05:36:05', '2023-07-15 05:36:05'),
	(62, 171, 0, 'deleniti-doloribus-eius-ut-quaerat-consectetur-consectetur', NULL, 'https://via.placeholder.com/640x480.png/0000cc?text=voluptates', 'Howe, Gleason and Okuneva', 'Ms. Alessia Hoeger I', '9240 Beau Flat\nEunamouth, KY 04495', 3, '201-295-2560', '248.732.1230', '+1-351-644-3887', 'ortiz.hillary@gmail.com', 'crunolfsson@hotmail.com', 'pbraun@gmail.com', 'Reprehenderit optio et non esse voluptas modi hic. Est ab sit et vel magnam. Ducimus facere voluptatem aperiam aut eius laudantium vel est. Reiciendis ipsam magnam temporibus.', 'http://www.borer.com/', 'https://goo.gl/maps/lkztpetrin63852', 'https://www.facebook.com/ibydyr5521', 'https://www.instagram.com/scjzjr5170', 'https://www.twitter.com/haxylh0784', 'https://www.linkedin.com/in/qljsmk8262', '["24","7","6"]', 'KD75419160', 'FP997446107', 5, 'DDM327692', 'Net 90 Days', 'Standard Delivery', 'Esse at rerum aspernatur rem eos. Aspernatur tenetur et sint. Assumenda omnis unde ut consequatur impedit. Iure odit at eaque ab sit exercitationem ut. Nostrum molestias porro recusandae vel reprehenderit iusto molestias vel. Omnis libero rem molestiae dicta consequatur odit dolor. Voluptas autem sequi et ab consectetur. Dolorem dolor nemo voluptatum amet in non. Sunt suscipit hic exercitationem aliquid architecto fugit eius illum. Illum sequi totam quo dolorem quia aliquam.', 'Norberto Windler DDS', 'bgoodwin@pfannerstill.info', 'Hattie Spencer', 'bernice70@gerlach.biz', 'Avis Schmidt PhD', 'shettinger@smith.org', 'Layne Mraz IV', 'madaline02@hirthe.com', 'Consequatur vel perferendis error a.', 'quia ipsam quia', '2023-07-15 05:36:05', '2023-07-15 05:36:05'),
	(63, 57, 0, 'culpa-corporis-blanditiis-minus-quos-maiores-accusantium-deserunt', NULL, 'https://via.placeholder.com/640x480.png/008844?text=et', 'Ledner, Buckridge and Welch', 'Uriah Kunze', '39074 Chase Route\nSerenityville, NH 82260-2845', 4, '423-579-1988', '+1.601.302.1720', '361.904.1027', 'norberto.hoppe@hotmail.com', 'gzulauf@hotmail.com', 'thalia.mitchell@yahoo.com', 'Eaque in corporis et consequuntur dolores. Molestiae voluptatum pariatur doloribus quae. Vel atque tempore modi doloribus est. Maxime sequi dolore id cumque tenetur voluptatem quis.', 'http://www.witting.com/sunt-quia-alias-placeat-dolor-totam-nostrum.html', 'https://goo.gl/maps/purcwnkjjz87111', 'https://www.facebook.com/ludjwi1270', 'https://www.instagram.com/ylwmik3842', 'https://www.twitter.com/ooweyj7353', 'https://www.linkedin.com/in/xlpgki8046', '["29","14","10"]', 'HK84609503', 'TG412851407', 1, 'AQI720393', 'Net 90 Days', 'Same-Day Delivery', 'Praesentium aut debitis dolore aut. Non architecto incidunt veritatis aspernatur voluptatem. Rerum non iure illum explicabo dolores molestiae occaecati commodi. Reiciendis rem consequatur nam itaque non. Pariatur dolores quis voluptatum. Officia sit accusantium reprehenderit in rerum recusandae. Suscipit molestias ipsam dolor autem. Repellendus inventore autem sapiente inventore itaque aut. Est occaecati ex optio impedit quas omnis. Ut illo et aperiam magni odit. Eligendi iste dolores iusto ipsam distinctio eos tenetur sapiente. Inventore eum ex quibusdam aut eligendi rerum ut. Doloremque at laboriosam ex dolorum cupiditate consectetur. Ut beatae labore aliquid repellendus possimus accusantium libero.', 'Ernestina Wolff', 'walter90@gmail.com', 'Angelo Schmitt III', 'wkassulke@feeney.org', 'Alexzander Streich', 'melissa40@gmail.com', 'Raoul Ritchie', 'zlehner@gmail.com', 'Ratione soluta ex et voluptatibus porro rerum.', 'quia enim perferendis', '2023-07-15 05:36:05', '2023-07-15 05:36:05'),
	(64, 46, 0, 'a-at-sed-eum-dignissimos-tempore-nihil-at-quia', NULL, 'https://via.placeholder.com/640x480.png/00dd88?text=ullam', 'Nienow, Watsica and Hoeger', 'Kyler Cummings', '397 Skiles Wells Suite 536\nLake Donnie, WI 95478', 4, '1-704-624-6103', '+1-680-827-5477', '+1-541-545-3758', 'raymundo88@streich.org', 'ijakubowski@fay.info', 'sdavis@okon.biz', 'In ullam placeat minima culpa. Aut ducimus repellendus magni libero laboriosam. Ut at eum blanditiis et pariatur molestiae consequatur harum.', 'http://orn.com/dolorum-repudiandae-neque-eum-rerum', 'https://goo.gl/maps/ywllzpwucd95907', 'https://www.facebook.com/pcwvqb4751', 'https://www.instagram.com/nvjxpz3470', 'https://www.twitter.com/izjqrz9678', 'https://www.linkedin.com/in/budhbz8119', '["18","11","17"]', 'PP86499371', 'YS631350457', 1, 'NFD438214', 'Net 30 Days', 'Express Shipping', 'Placeat tempore molestias aliquam consequatur qui est. Et repellat consectetur placeat facere. Ex fugit quo facere commodi et temporibus excepturi enim. Est dolore nisi odio id quas ipsa quod aut. Eaque vel aut alias iure dolor omnis. Debitis voluptates consequatur voluptas nulla ipsam provident. Molestias consequatur repellat illo delectus totam atque ut magni. Laudantium ut quia nesciunt maiores animi. Voluptas quibusdam molestias autem aut. Deserunt porro reiciendis dolorem quod suscipit consequatur velit. Dolor et commodi perspiciatis. Asperiores illo laudantium ut laborum tenetur dolores. Dignissimos aperiam ut nihil. Architecto corporis iure voluptatibus similique maiores.', 'Telly Harris', 'utoy@hotmail.com', 'Mrs. Deja Cole DVM', 'tabitha72@yahoo.com', 'Yessenia Mayer', 'geovanny51@labadie.com', 'Henri Mann', 'korbin.gleichner@yahoo.com', 'Natus nobis praesentium vel impedit sunt ducimus voluptas.', 'consequuntur consequuntur ut', '2023-07-15 05:36:05', '2023-07-15 05:36:05'),
	(65, 59, 0, 'hic-sint-sit-reprehenderit-in-aspernatur', NULL, 'https://via.placeholder.com/640x480.png/008844?text=voluptates', 'Harvey PLC', 'Miss Elouise Bednar V', '5533 Borer Rapids Suite 922\nSouth Lucyland, MO 73610', 3, '279-329-9032', '404.483.3001', '+1 (430) 427-7839', 'sigrid.medhurst@stamm.org', 'elna18@frami.biz', 'kbergnaum@hotmail.com', 'Deleniti aut et ea sapiente. Ab eos dignissimos quo est dolor provident quisquam vero. Incidunt voluptas aut illum est quia temporibus rerum dolorem.', 'http://rohan.biz/libero-voluptatum-laboriosam-mollitia-qui-est.html', 'https://goo.gl/maps/ntdhkyquzt64545', 'https://www.facebook.com/coodek7878', 'https://www.instagram.com/peeflr5910', 'https://www.twitter.com/ltfaso1711', 'https://www.linkedin.com/in/evfonm2773', '["24","23","17"]', 'OF28317674', 'PI914925544', 2, 'CKF347985', 'Net 60 Days', 'Curbside Delivery', 'Et id assumenda temporibus saepe sit. Temporibus molestiae velit aut earum alias et soluta omnis. Dignissimos iure optio possimus hic. Pariatur illo in reiciendis vero perferendis recusandae. Id atque architecto quis voluptate vitae sint. Explicabo qui aut nisi eius praesentium deleniti quis. Cupiditate et eius vitae exercitationem repellat asperiores. Similique suscipit non ut voluptates.', 'Mohammad Stanton', 'nwolff@yost.org', 'Melba Monahan', 'efrain21@kerluke.info', 'Dr. Kayden Lowe DVM', 'rstanton@yahoo.com', 'Dorothea McDermott', 'yesenia89@pacocha.biz', 'Deleniti deserunt aut dolores vero molestias rerum.', 'pariatur praesentium nostrum', '2023-07-15 05:36:05', '2023-07-15 05:36:05'),
	(66, 67, 0, 'explicabo-quia-numquam-ut-consequuntur-laudantium-repellat-veniam', NULL, 'https://via.placeholder.com/640x480.png/008877?text=ea', 'Witting, Willms and Cassin', 'Prof. Margaret Rowe III', '227 Amanda Roads\nPort Minerva, KY 07741', 4, '(732) 314-6037', '1-615-674-8379', '1-585-550-4525', 'daphne56@cartwright.info', 'edwardo.watsica@yahoo.com', 'vcole@gutmann.org', 'Beatae velit velit perferendis eos veritatis. Eligendi hic dolore quia nesciunt sit eum voluptatem. Enim quas quo cupiditate fugit commodi. Molestiae eos et veniam recusandae delectus et voluptates.', 'http://www.okon.com/', 'https://goo.gl/maps/ppbikvqjgx05710', 'https://www.facebook.com/tpubsc9564', 'https://www.instagram.com/teapbr0528', 'https://www.twitter.com/soxrth2217', 'https://www.linkedin.com/in/woqfqv5797', '["10","25","29"]', 'WE48383441', 'IE675230825', 1, 'SMO305669', 'Net 60 Days', 'Same-Day Delivery', 'Repellat nesciunt reiciendis sed distinctio quibusdam velit. Expedita voluptas pariatur nobis sed. Placeat pariatur incidunt ut ut. Voluptatem perspiciatis itaque explicabo illum qui et quae. Sint autem velit error repudiandae omnis. Est atque accusantium expedita optio veniam consequatur mollitia. Similique culpa asperiores aut aliquid voluptatibus eaque doloribus. Ea distinctio ut est in officiis ratione rerum. Consequuntur iure occaecati nihil voluptates expedita sed quos in. Vitae sint inventore repudiandae voluptatem voluptatem rerum magnam accusamus.', 'Krystina Rippin', 'von.jonatan@hotmail.com', 'Prof. Freeman Medhurst', 'klocko.ariane@yahoo.com', 'Dr. Sonny Goldner Sr.', 'cassie.huels@pacocha.com', 'Muhammad Stanton', 'rmohr@yahoo.com', 'Maiores omnis consectetur qui vel molestiae cupiditate repellendus omnis.', 'officia voluptatibus sed', '2023-07-15 05:36:05', '2023-07-15 05:36:05'),
	(67, 47, 0, 'est-fugiat-fuga-sunt', NULL, 'https://via.placeholder.com/640x480.png/0000cc?text=quis', 'Considine PLC', 'Jovany Hand', '6924 Alisha Path Suite 010\nNew Kimport, GA 61982-2452', 1, '(520) 463-2398', '+1.410.427.4251', '+1-276-752-4921', 'gerry03@gmail.com', 'ola06@smitham.net', 'alice.hoppe@hotmail.com', 'Accusantium asperiores nobis sit commodi perferendis qui. Sunt aut officiis asperiores dolorem doloribus aut necessitatibus. Ea nam enim cupiditate sed expedita enim.', 'http://www.dickens.info/in-vero-consequatur-non', 'https://goo.gl/maps/xsuudohfnd57758', 'https://www.facebook.com/jfpzxs7357', 'https://www.instagram.com/qibxhz7219', 'https://www.twitter.com/srnrpg3972', 'https://www.linkedin.com/in/dvecnt6025', '["21","10","28"]', 'JP44148488', 'YQ984362617', 3, 'WPH903744', 'Net 30 Days', 'Local Pickup Only', 'Magni sit voluptas nulla enim rerum. Ab tempora sit dolor nemo. Est blanditiis et autem qui officia in sint. Qui error soluta voluptas odio. Debitis id odit sapiente facere velit inventore animi velit. Et quisquam a rerum. Delectus eligendi quia assumenda fuga qui facere eos. Velit sed similique ab ut. Suscipit dolor eum similique corporis. Ut fugiat vitae est consectetur ut. Et voluptatem aut iste.', 'Dr. Fay Weber Jr.', 'legros.marcelina@gmail.com', 'Marjorie Yundt', 'emmanuelle.oconnell@hotmail.com', 'Mr. Daryl Schimmel', 'eveline01@yahoo.com', 'Gillian Smith', 'orlando12@kassulke.info', 'Et ipsa voluptas rerum quos eius libero.', 'et sapiente doloremque', '2023-07-15 05:36:05', '2023-07-15 05:36:05'),
	(68, 181, 0, 'quia-in-voluptate-et-ut-voluptates-ut', NULL, 'https://via.placeholder.com/640x480.png/001144?text=magni', 'Kris, Ritchie and Sanford', 'Herminia Dicki', '70318 Junius Points Suite 192\nPort Rebeccaville, AZ 20529', 3, '+1 (680) 857-2158', '248.259.4066', '+1.765.873.1982', 'cara18@mohr.com', 'jaskolski.alvina@gmail.com', 'schinner.milford@yahoo.com', 'Eos animi occaecati ea iusto minus quisquam id. Rem eum facilis aliquam facere earum vitae. Dolor ut omnis voluptatum velit. Sed dolorum nostrum repellat sit.', 'http://www.wisoky.com/nisi-autem-in-est-consequatur-quis-possimus-consequatur', 'https://goo.gl/maps/cgckckqwkj48199', 'https://www.facebook.com/ylqctb8295', 'https://www.instagram.com/umkcnr1259', 'https://www.twitter.com/otxjww2590', 'https://www.linkedin.com/in/tqtmve0340', '["9","15","1"]', 'ZX12834418', 'IN754365953', 2, 'ZZP140248', 'Pay Upon Receipt', 'Free Shipping', 'Numquam laboriosam ad quod aut vero nostrum explicabo corrupti. Veritatis voluptas eos quas maxime ut nihil. Officia fuga quam ipsam doloremque. Laboriosam maxime quis enim beatae reiciendis at eum. Et ullam qui non mollitia placeat. Et dolores alias illum qui et doloremque impedit. Ut voluptate fuga et voluptatibus. Fugit voluptatum quos ipsa accusantium nulla aperiam.', 'Elisha Barton', 'alanna25@aufderhar.com', 'Ms. Pasquale Paucek PhD', 'oliver.cole@abernathy.info', 'Alexie Armstrong', 'nicholaus01@langosh.com', 'Mina Orn', 'maiya.collier@gibson.biz', 'Dignissimos maxime dolorem rerum.', 'est enim non', '2023-07-15 05:36:05', '2023-07-15 05:36:05'),
	(69, 83, 0, 'hic-est-qui-qui-eum-ut-qui', NULL, 'https://via.placeholder.com/640x480.png/001199?text=cupiditate', 'Balistreri, Rempel and Murray', 'Ramon Prohaska', '8618 Madie Gateway\nPort Aubree, AL 57828-4650', 3, '949-287-5537', '1-330-635-2130', '+1-412-812-7341', 'regan77@gmail.com', 'ruecker.pete@gmail.com', 'mckenzie.karlee@hermann.com', 'In ut nam vitae dolorem adipisci nesciunt. Tenetur perferendis aut sequi ad. Cum qui similique ex consequatur. Doloremque est nihil quidem nulla.', 'https://www.pfeffer.com/voluptatem-nemo-ex-provident-dolorem-aliquam-excepturi-et', 'https://goo.gl/maps/sucvoxnnaz20885', 'https://www.facebook.com/rsmmvm3836', 'https://www.instagram.com/bmalan4461', 'https://www.twitter.com/btstmj7761', 'https://www.linkedin.com/in/axvdmu0912', '["13","4","14"]', 'YW52103545', 'SP764170101', 5, 'XSL931444', 'Net 60 Days', 'International Shipping', 'Natus quaerat nemo ut non. Labore ullam earum ab commodi quo voluptas. Occaecati laudantium consequatur a incidunt aut. Aspernatur sunt eaque quis provident. Voluptatem similique officiis ex repudiandae mollitia culpa. Laboriosam repellat et ullam voluptate et. Qui est neque minima exercitationem.', 'Prof. Gretchen Johnson III', 'justen.leffler@roob.net', 'Dr. Jamar Nolan', 'stehr.carlo@gmail.com', 'Emmalee Gleichner V', 'alexandre.conn@hotmail.com', 'Allison Shanahan', 'xschamberger@gmail.com', 'Quam eligendi quos expedita placeat ipsum.', 'commodi temporibus dolorum', '2023-07-15 05:36:05', '2023-07-15 05:36:05'),
	(70, 162, 0, 'soluta-nesciunt-molestiae-ipsum-qui-delectus-numquam', NULL, 'https://via.placeholder.com/640x480.png/004433?text=quos', 'Hermann, Johnson and Bradtke', 'Cleta Carroll', '18189 Carolina Islands\nWest Karlie, MT 10598-1232', 2, '(260) 368-3994', '(346) 407-7886', '820-706-7272', 'marvin.cyril@yahoo.com', 'oconner.andy@gmail.com', 'kulas.nova@gmail.com', 'Optio quia voluptatem quibusdam consequatur. Repellendus nihil incidunt dolores accusamus expedita natus. Est eaque est tenetur modi.', 'http://www.mccullough.net/reiciendis-beatae-magni-vero-vitae-exercitationem-delectus', 'https://goo.gl/maps/msyucrrltu01124', 'https://www.facebook.com/owmnme3966', 'https://www.instagram.com/qwgyic3502', 'https://www.twitter.com/pgcawj6632', 'https://www.linkedin.com/in/avlynx3264', '["27","24","12"]', 'CN74223780', 'OB788632528', 4, 'MAW167230', 'Net 90 Days', 'Standard Delivery', 'Inventore ea delectus et ut in consequuntur. Nulla et facere voluptatibus recusandae. Facere voluptatem maiores perferendis est. Eos sint ab placeat qui. Ut explicabo quis magni. Optio autem animi quibusdam blanditiis libero. Dolor impedit nihil unde perspiciatis sed iusto dicta. Laudantium quia eum veritatis debitis nihil explicabo.', 'Dorris Kerluke', 'ashleigh57@wyman.net', 'Althea Torp DDS', 'anna02@dietrich.com', 'Prof. Braxton Bruen MD', 'alf27@hotmail.com', 'Lemuel Waelchi', 'bruen.sandy@gmail.com', 'Suscipit ut assumenda pariatur laboriosam voluptatum.', 'ut numquam veniam', '2023-07-15 05:36:05', '2023-07-15 05:36:05'),
	(71, 33, 0, 'cupiditate-veniam-dolorem-non-ut-ipsa', NULL, 'https://via.placeholder.com/640x480.png/0088dd?text=et', 'Kertzmann, Spencer and Feil', 'Miss Natalia Heller', '29163 Omer Islands Apt. 946\nSouth Emmy, NE 02138-1807', 3, '+1-432-855-0718', '(801) 474-6821', '337.785.1618', 'urogahn@fritsch.com', 'edmund80@gleichner.net', 'frederik.grant@yahoo.com', 'Incidunt eligendi assumenda saepe quo. Ipsa perferendis ut quia et amet. Sit quia mollitia neque veniam. Cumque voluptatibus dignissimos esse in distinctio debitis eveniet et.', 'http://schuppe.biz/', 'https://goo.gl/maps/kenyeriyfx51802', 'https://www.facebook.com/oqyahl6361', 'https://www.instagram.com/tmtwjx7243', 'https://www.twitter.com/omiyas4358', 'https://www.linkedin.com/in/ujrrfz6031', '["18","30","15"]', 'WZ33737278', 'FF228042681', 4, 'BCZ376530', 'Cash On Delivery', 'Curbside Delivery', 'Corporis aliquid est ut nostrum asperiores aut vero. Consequatur qui qui id earum nulla cumque corrupti. Odit itaque id consequatur quas. Fuga amet distinctio impedit soluta quo earum sed. Dolores eligendi accusantium a velit quidem. Minus reprehenderit nobis cum voluptatibus suscipit qui. Ipsa vitae ut voluptas neque dolorem. Vitae natus ut voluptatem suscipit. Voluptas et quod quia laboriosam praesentium nostrum. Molestiae dolor et dolorem dolore nam eum et.', 'Emmie Roberts', 'olangosh@feeney.org', 'Vincenzo Bode', 'tfriesen@yahoo.com', 'Thomas Keebler', 'ikemmer@white.com', 'Zane Homenick', 'alysa74@hotmail.com', 'Et laudantium vitae dignissimos unde ratione et est non.', 'dignissimos ratione provident', '2023-07-15 05:36:05', '2023-07-15 05:36:05'),
	(72, 19, 0, 'est-vel-consequatur-tempora', NULL, 'https://via.placeholder.com/640x480.png/006633?text=ex', 'Lang Inc', 'Hettie Feil MD', '691 Conroy Fords Apt. 368\nLake Leone, VT 13399', 1, '(971) 539-2731', '+1-425-390-0739', '580.462.6885', 'wvon@gmail.com', 'ejakubowski@watsica.biz', 'gbartell@gmail.com', 'Eos labore veniam velit odio. Rerum consequatur harum est laboriosam aliquid dicta blanditiis. Voluptas aut voluptatem dolore qui consequatur et necessitatibus. Aperiam quos non nisi fugiat sequi quia debitis.', 'http://harris.info/voluptas-corporis-quo-qui-quia', 'https://goo.gl/maps/ihqbxnurha13841', 'https://www.facebook.com/mtayqe2058', 'https://www.instagram.com/plzrwc5992', 'https://www.twitter.com/famjhg7956', 'https://www.linkedin.com/in/wldfuw8561', '["9","25","28"]', 'PV12971319', 'KZ982481141', 3, 'LJZ953438', 'Net 60 Days', 'Next-Day Delivery', 'Ut maiores pariatur inventore laudantium laboriosam nisi. Quam consectetur sequi voluptatum similique officiis eos. Voluptatem placeat assumenda maiores id deserunt eum porro. Eum ex aut tempore non. Quaerat tenetur quae repudiandae. Odio sunt magnam nihil animi pariatur officia sit assumenda. Dolor sunt ut occaecati. Voluptatibus fuga ratione quibusdam amet non occaecati consectetur. Id adipisci explicabo quia.', 'Bobbie Ferry', 'albina86@yahoo.com', 'Ambrose Towne Sr.', 'dejon67@hotmail.com', 'Dr. Percival Thompson DVM', 'bogan.lukas@hotmail.com', 'Jettie Marvin', 'ztorp@hudson.com', 'Enim est aut quis placeat ea maiores et.', 'quae eos et', '2023-07-15 05:36:05', '2023-07-15 05:36:05'),
	(73, 136, 0, 'voluptas-totam-perferendis-atque-saepe', NULL, 'https://via.placeholder.com/640x480.png/0011ee?text=maiores', 'Kozey, Kassulke and Luettgen', 'Prof. Frederik Walsh Sr.', '9007 Robel Island\nLake Cathrynland, NC 19223-9176', 4, '517-691-6167', '1-234-392-5770', '843-536-3275', 'hilario03@collier.com', 'riley63@collins.com', 'agustina.parker@hotmail.com', 'Vel commodi molestiae pariatur maiores quia. Aut officiis fuga ut cum. Laboriosam eaque laboriosam voluptatem non sapiente nesciunt.', 'http://www.ward.info/dolorem-in-quo-dignissimos-ipsa-illum-et', 'https://goo.gl/maps/ujyvysnnaa48893', 'https://www.facebook.com/ukkrzo8634', 'https://www.instagram.com/gjsrvy5310', 'https://www.twitter.com/npjyed6286', 'https://www.linkedin.com/in/towzrl7932', '["30","7","8"]', 'IN99661519', 'CD863308142', 4, 'QTV443944', 'Pay Upon Receipt', 'Priority Shipping', 'Optio odio accusantium ipsam dolore. Esse quo ut consequatur qui rerum. Nihil sequi magni et labore. Omnis perferendis sapiente voluptatibus quibusdam. Autem qui dicta amet doloribus distinctio blanditiis. Et molestiae similique officia sint voluptatibus sint amet. Exercitationem repellat et consequatur ea. Modi tempora ullam voluptatum ut. Perspiciatis voluptas et cupiditate animi. Provident vero hic maxime voluptatibus. Et et culpa quam accusantium doloremque. Et consequatur eum dolorem reiciendis. Autem similique porro sed.', 'Darlene Mayer V', 'kristin.tremblay@hotmail.com', 'Ryley Deckow', 'mayert.bernadine@zboncak.org', 'Xavier Frami PhD', 'vkoch@gmail.com', 'Tiana Dickinson', 'jdenesik@yahoo.com', 'Voluptas tempore aut dolorem minima.', 'tempora cum odit', '2023-07-15 05:36:05', '2023-07-15 05:36:05'),
	(74, 22, 0, 'unde-a-natus-ut-repellendus-optio', NULL, 'https://via.placeholder.com/640x480.png/0099dd?text=aut', 'O\'Hara, Macejkovic and Schamberger', 'Lorenz Kerluke', '69587 Cindy Flat Suite 274\nLake Orlo, NM 33919-3806', 4, '313-310-0487', '+1 (283) 434-7857', '929-474-1053', 'jswaniawski@gmail.com', 'marjory33@hotmail.com', 'wilkinson.pinkie@schmeler.net', 'Ut et dolorum est rerum cumque ea. Non saepe et nesciunt deleniti assumenda et dicta inventore. Reprehenderit rem omnis non est voluptate.', 'http://wolff.net/sunt-occaecati-dolores-qui-sint-hic-non.html', 'https://goo.gl/maps/tbgonpugwo96387', 'https://www.facebook.com/visnjp0309', 'https://www.instagram.com/ggycsl2417', 'https://www.twitter.com/yrsgvh9116', 'https://www.linkedin.com/in/cetmdy2048', '["13","16","29"]', 'WZ65485012', 'EY569026169', 1, 'SCC134292', 'Net 30 Days', 'Curbside Delivery', 'Voluptatem corporis architecto deserunt voluptatem. Quia eos dolor consequatur repellendus voluptatum delectus quis. Dolores laboriosam quia doloribus sit cupiditate et. Consequatur quod neque id mollitia quam nobis quo eos. Quisquam eum quasi ipsa est saepe dolores. Quibusdam repudiandae dolores tenetur ipsum provident. Aut dolorum sapiente recusandae dolores. Veritatis eum eum itaque corporis nesciunt odio laborum qui.', 'Dr. Ima Streich Jr.', 'milo.harvey@hotmail.com', 'Shanelle Jast', 'graham.carlotta@green.com', 'Lance Baumbach', 'kirsten.weber@heidenreich.com', 'Mr. Herbert Collins II', 'wlehner@trantow.com', 'Et provident autem tenetur ipsum molestiae aut non tenetur.', 'in asperiores doloremque', '2023-07-15 05:36:05', '2023-07-15 05:36:05'),
	(75, 61, 0, 'laboriosam-odit-possimus-repudiandae-dolores-similique-in', NULL, 'https://via.placeholder.com/640x480.png/00dd66?text=natus', 'Leffler Group', 'Gladys Nader', '111 Lonzo Rapid Suite 284\nLudwigfurt, IA 90852', 1, '364.649.0319', '+12107611393', '305-377-3221', 'eula.pfannerstill@turcotte.net', 'bernhard.reggie@ruecker.net', 'libby.luettgen@reichert.com', 'Itaque laboriosam ut officiis cum quibusdam qui magnam. Commodi dignissimos iusto consequatur nulla totam cumque. Quo velit quam tempore ipsum. Ducimus corrupti aut omnis exercitationem quia. Maxime architecto aspernatur et similique dignissimos.', 'https://www.quitzon.com/voluptatem-quia-fugiat-commodi-optio-amet', 'https://goo.gl/maps/ejpicbivmw26703', 'https://www.facebook.com/bjtrou3630', 'https://www.instagram.com/szsphg4234', 'https://www.twitter.com/qqsbwq6150', 'https://www.linkedin.com/in/zeclkv9187', '["1","22","30"]', 'EC17357680', 'TC318316933', 3, 'YWL047278', 'Net 60 Days', 'Express Shipping', 'Quia eligendi in unde repudiandae. Cumque magnam vero ipsa. Earum enim explicabo magnam assumenda et quos. Et ut commodi officiis enim iste quidem inventore. Qui doloremque quia sed optio et eum aut. Eius voluptas in ex sit aliquid. Labore saepe incidunt culpa itaque molestias aut. Vel id enim ut possimus. Labore modi odit quo esse quas est. Hic quae qui ratione sunt. Voluptatem neque laborum tempore blanditiis hic beatae provident voluptates. Perferendis voluptates dolor nemo.', 'Jonathan Rempel', 'peyton79@yahoo.com', 'Samantha Blanda', 'emerald.mayer@langosh.com', 'Mozelle Gleichner DDS', 'whayes@bartoletti.com', 'Miss Mable Jacobi', 'shana.maggio@yahoo.com', 'Ullam iste rem ut aut enim aperiam impedit.', 'eius eveniet saepe', '2023-07-15 05:36:05', '2023-07-15 05:36:05'),
	(76, 39, 0, 'quos-qui-commodi-excepturi-accusantium-consequatur', NULL, 'https://via.placeholder.com/640x480.png/007700?text=ad', 'Rutherford Group', 'Prof. Halie Rippin V', '75182 Carter Tunnel\nMikelfort, NE 07915-4794', 4, '283.414.7710', '+1-909-706-4217', '601-400-1663', 'brown82@damore.com', 'wiegand.lillian@gmail.com', 'ushanahan@bashirian.biz', 'A consequatur provident alias quas laborum. Laudantium autem atque vero porro. Odit non corrupti inventore libero explicabo itaque ex quia. Iste doloremque quia et nihil.', 'http://schaefer.biz/', 'https://goo.gl/maps/jtvkltkind37375', 'https://www.facebook.com/stxgsq9871', 'https://www.instagram.com/begcwk7233', 'https://www.twitter.com/nupkfb7827', 'https://www.linkedin.com/in/haiszq4589', '["5","26","28"]', 'VL74625302', 'SY478140823', 6, 'JRW982495', 'Cash On Delivery', 'Express Shipping', 'Minima ut quod dolores. Officia molestiae sed nisi reprehenderit. Maxime numquam voluptatum fugit dolore neque omnis id non. Et cumque sint error eaque rerum molestiae. Voluptate est temporibus nisi dolor mollitia voluptates. Nisi minima et quia minus. Quas aut exercitationem officiis doloribus impedit eligendi praesentium iure. Consequatur est recusandae facere quam maiores magni aut et.', 'Miss Oma Macejkovic MD', 'jskiles@brekke.com', 'Matt Rolfson', 'triston.pagac@gmail.com', 'Prof. Shaylee Ritchie PhD', 'demarco.ratke@gorczany.com', 'Marcellus Rodriguez Sr.', 'bschumm@hotmail.com', 'Quod minima perferendis voluptatem vero aut sequi.', 'ratione ut sit', '2023-07-15 05:36:05', '2023-07-15 05:36:05'),
	(77, 120, 0, 'voluptatibus-doloribus-est-aperiam-qui', NULL, 'https://via.placeholder.com/640x480.png/005500?text=repellat', 'Hauck Ltd', 'Gabriella Kris', '2346 Maggio Bypass Suite 893\nLake Judeburgh, VT 47777', 4, '405-560-1448', '952.879.4594', '+1-332-723-8611', 'roman.abernathy@yahoo.com', 'amedhurst@hotmail.com', 'johnston.savion@pfannerstill.org', 'Ratione id sed ducimus architecto mollitia et reiciendis amet. Vel et soluta impedit. Molestias distinctio pariatur et velit. Accusantium quis ea minima corrupti ullam.', 'http://www.prosacco.com/consequatur-suscipit-corrupti-quod-veritatis-animi-non', 'https://goo.gl/maps/ybkujrmhgj16322', 'https://www.facebook.com/eyaewk0675', 'https://www.instagram.com/eattlt8796', 'https://www.twitter.com/mxdmgc9265', 'https://www.linkedin.com/in/yvwdsh2782', '["15","28","26"]', 'DP09310100', 'VK232484208', 5, 'GXZ023253', 'Pay Upon Receipt', 'Express Shipping', 'Itaque laboriosam sapiente et. Et enim vel iusto quod nulla omnis. Itaque voluptas quaerat vero magnam qui. Nam aut amet sed soluta ut. Provident blanditiis doloremque nam quod itaque necessitatibus quo. Veniam occaecati magni eius doloribus nam id nemo. Nostrum neque expedita beatae aliquid et mollitia. Et laborum inventore mollitia aperiam. Quaerat ut vero autem voluptate ullam vel exercitationem sequi. Fugiat in accusamus ut quod exercitationem sit ut. Possimus eum aut porro facilis reiciendis ut. Laborum rerum debitis odio eveniet maiores tempora. Animi molestias debitis consequatur unde dolore et ex. Sit optio fugiat consequuntur molestiae adipisci ut sint unde.', 'Mr. Moses Gulgowski', 'ruecker.beverly@hotmail.com', 'Prof. Bernardo Herman', 'ratke.maxie@hotmail.com', 'Caleb Prohaska', 'dominic52@oberbrunner.org', 'Judah Hane', 'rwilkinson@hotmail.com', 'Et nihil beatae officiis commodi.', 'doloremque distinctio magni', '2023-07-15 05:36:05', '2023-07-15 05:36:05'),
	(78, 32, 0, 'aliquid-ad-quo-perspiciatis-alias', NULL, 'https://via.placeholder.com/640x480.png/00aa33?text=facilis', 'Ernser Ltd', 'Ayana Tromp', '9638 Bridgette Manor Suite 211\nRubenport, LA 16735-4826', 4, '(430) 802-4963', '+1 (847) 902-2395', '(740) 228-8488', 'johnson.alexandrine@keebler.com', 'thyatt@hotmail.com', 'furman04@yahoo.com', 'Fugit adipisci excepturi explicabo nihil laborum perferendis. Officiis consequatur exercitationem aut velit voluptatibus consequuntur. Aut dolorem rerum ipsa dicta saepe voluptatem omnis et.', 'http://ritchie.info/quia-enim-doloremque-tempore-aut-et-excepturi', 'https://goo.gl/maps/uzoapipfza19210', 'https://www.facebook.com/woujzu5768', 'https://www.instagram.com/mibdsx4442', 'https://www.twitter.com/dvqhth1197', 'https://www.linkedin.com/in/dddkrt4536', '["6","12","24"]', 'DA09515090', 'EM828280197', 5, 'RBQ163163', 'Net 30 Days', 'Curbside Delivery', 'Quos omnis animi dicta facere. Qui voluptatibus illum ut quia et enim. Dolorum qui delectus voluptatem dolor. Consequatur laudantium facere assumenda sed at consequatur. Quam deleniti quo et consequatur commodi. Voluptatem necessitatibus non omnis. Rerum nemo est tenetur magnam. Cum molestias facere quasi earum. Ducimus hic minima ullam rerum quaerat minima officiis. Quo ut omnis atque molestiae ut aperiam.', 'Ms. Sandy Marks', 'connor76@baumbach.com', 'Beatrice Stoltenberg Sr.', 'lilla.conn@yahoo.com', 'Deanna Hermiston', 'andreanne.rohan@daugherty.com', 'Madisen Swaniawski', 'zcorkery@erdman.org', 'Ut sequi corporis sit.', 'quod debitis aliquid', '2023-07-15 05:36:05', '2023-07-15 05:36:05'),
	(79, 190, 0, 'quis-esse-asperiores-sapiente', NULL, 'https://via.placeholder.com/640x480.png/002200?text=nam', 'Morar and Sons', 'Consuelo Haley', '842 Rippin Plains\nNorth Trevabury, SD 73770', 3, '+1-747-716-2312', '909-406-1480', '+1 (419) 490-4551', 'stroman.aniyah@yahoo.com', 'merle.koss@blick.org', 'gfeeney@mosciski.info', 'Fugiat quasi id reprehenderit. Voluptates veritatis voluptatem doloremque nihil aperiam odio maiores. Totam dignissimos commodi error dolores officiis illum nobis iure.', 'http://www.ruecker.com/ducimus-consequatur-aliquam-deserunt-incidunt-recusandae', 'https://goo.gl/maps/vrzmsefrzl66451', 'https://www.facebook.com/cqvoen2493', 'https://www.instagram.com/dzibim9690', 'https://www.twitter.com/nshuei6955', 'https://www.linkedin.com/in/wmfctn6640', '["20","26","1"]', 'IE89352081', 'YY222139081', 5, 'EEK419591', 'Cash On Delivery', 'Curbside Delivery', 'Illum cumque maxime ex sunt molestias fugiat aut. Voluptatem eos harum aut modi atque sapiente et. Quod quo non et deleniti ducimus est repudiandae. Esse quia ut et qui. Aut enim optio assumenda ipsa ea esse veniam. Non dolor ullam voluptas. Excepturi pariatur nihil saepe ratione et voluptas nihil. Optio voluptatem quo et velit est perspiciatis. Impedit suscipit est ducimus eos. Sit veritatis ipsum animi. Necessitatibus ratione quia veritatis est quasi perferendis est. Quis culpa delectus nostrum enim aut occaecati. Quam ut odio rerum vel. Numquam illum molestias fugit nobis.', 'Mrs. Therese Hayes PhD', 'hagenes.omari@hotmail.com', 'Damion McGlynn II', 'mitchell.braeden@gmail.com', 'Skye Rau IV', 'baylee.sporer@gmail.com', 'Jacinto Borer IV', 'gloria.hintz@gmail.com', 'Blanditiis qui ut voluptatibus distinctio quam velit omnis vel.', 'sunt ut officia', '2023-07-15 05:36:05', '2023-07-15 05:36:05'),
	(80, 140, 0, 'quisquam-neque-cumque-voluptas-quos', NULL, 'https://via.placeholder.com/640x480.png/00ddaa?text=voluptas', 'Rosenbaum Ltd', 'Nelle Leffler', '53756 Hahn Landing\nLake Khalil, OK 50616', 3, '+1.909.699.4480', '301.474.7062', '(605) 882-0535', 'kim30@hyatt.biz', 'marquardt.joanne@lockman.com', 'bergnaum.rebeka@yahoo.com', 'Quae expedita ut aliquid assumenda. Maiores ut quia nobis quia in repellendus et. Deserunt commodi qui ad veniam impedit voluptate. Enim est officiis assumenda voluptas quasi provident.', 'http://denesik.com/sit-iste-quod-omnis-quibusdam', 'https://goo.gl/maps/naadbjgjzt67667', 'https://www.facebook.com/xjrzgc0377', 'https://www.instagram.com/ofetbj3163', 'https://www.twitter.com/borqil1835', 'https://www.linkedin.com/in/wpiqzy6841', '["22","8","16"]', 'CW85126350', 'AP000430058', 4, 'JJV601050', 'Cash On Delivery', 'Same-Day Delivery', 'Ipsa ab non doloremque ex dignissimos non. Maxime est hic voluptas officia sunt id ducimus itaque. Ex fugit nihil nisi ducimus assumenda magnam est. Autem est velit est similique dolorum repellendus. Id consectetur laboriosam et ipsum qui reprehenderit ut. Laudantium illum repudiandae voluptas est et tempora cum. Velit quaerat nisi consequatur. Ut eveniet vel odit. Voluptatem voluptatem itaque impedit eius possimus. Rerum qui quos explicabo sed et rerum nisi. Qui aut corrupti et molestiae commodi dolore exercitationem. Est et quidem voluptatibus minima veniam. Soluta non deserunt beatae odio.', 'Prof. Edmond Kris', 'uauer@gmail.com', 'Prof. Bernie Beahan V', 'fschmidt@hotmail.com', 'Martina Hills', 'wisoky.caleigh@hotmail.com', 'Marcos Cartwright', 'delia06@gmail.com', 'Fugit quo delectus architecto tempore est facere commodi.', 'impedit velit provident', '2023-07-15 05:36:05', '2023-07-15 05:36:05'),
	(81, 164, 0, 'aut-libero-laudantium-soluta', NULL, 'https://via.placeholder.com/640x480.png/002211?text=sequi', 'Wiza, Reichert and Towne', 'Ashton Bernier', '3141 Sporer Walk Apt. 483\nJacintoburgh, GA 20975-0812', 2, '407.862.0434', '+1-352-686-6868', '409-531-8223', 'runte.ciara@oberbrunner.biz', 'hoppe.deron@tillman.org', 'braun.haskell@yahoo.com', 'Quod qui quia rerum voluptate. Quaerat ipsa consequatur neque molestiae et. Possimus sed quo et ex earum.', 'http://willms.com/', 'https://goo.gl/maps/izpckpeazg14595', 'https://www.facebook.com/whjeeh5514', 'https://www.instagram.com/vdsrwo2159', 'https://www.twitter.com/gzpbic1461', 'https://www.linkedin.com/in/ultvdb3696', '["24","12","7"]', 'WJ88393937', 'GQ125532838', 2, 'HFF298104', 'Net 60 Days', 'International Shipping', 'Neque modi repudiandae sint sint quae animi. Enim et magni voluptates in ut. Natus dicta iste aliquid adipisci et. Incidunt iusto pariatur est tenetur rem. Sunt ab corrupti rerum nihil quod rerum nemo. Ut sequi consequuntur est non omnis id. At nam est laudantium voluptas excepturi. Delectus voluptatem quisquam omnis in. Ut cupiditate architecto qui sed eum consequatur animi. Porro placeat maiores error non quaerat maiores earum. Voluptatem praesentium reiciendis soluta. Velit velit non et quasi.', 'Israel Kling', 'kirsten61@hotmail.com', 'Elouise Von', 'luettgen.cicero@bins.com', 'Ms. Clementina Gusikowski DVM', 'glover.kirstin@crist.com', 'Patience Hilpert', 'casandra.ohara@medhurst.com', 'Dolores laudantium repellat aut eos nisi.', 'et et voluptatem', '2023-07-15 05:36:05', '2023-07-15 05:36:05'),
	(82, 169, 0, 'aut-quae-et-modi-quia-qui-omnis-voluptatem-expedita', NULL, 'https://via.placeholder.com/640x480.png/005511?text=ad', 'Graham-Trantow', 'Bethany Lindgren', '89759 Elenor Divide\nTrantowbury, AK 64249', 2, '520-938-1342', '+1-413-986-3172', '(305) 290-0824', 'casper.samantha@miller.net', 'auer.rod@hotmail.com', 'cleo17@yahoo.com', 'Ea quidem ut et maiores et. Qui laborum explicabo aliquid at illum est ea. Hic quia sint hic sit unde laborum sunt. Ab repudiandae atque et ab.', 'https://borer.com/voluptate-alias-doloremque-quos-magni-quo.html', 'https://goo.gl/maps/oaakyxdqje52686', 'https://www.facebook.com/qzmnsv0942', 'https://www.instagram.com/obofrg9837', 'https://www.twitter.com/oypthy5462', 'https://www.linkedin.com/in/ltilmv9693', '["24","7","13"]', 'AZ25587287', 'RY751853864', 3, 'OIX868825', 'Net 60 Days', 'International Shipping', 'Qui ut eligendi aut accusamus ut. Est adipisci quis delectus suscipit officiis eum voluptas. Ducimus animi autem cum qui eveniet facere. Ipsa officia perspiciatis explicabo nostrum voluptates. Expedita excepturi dolorem odit a est. Vel voluptate odit sunt quis quas iure voluptas. Quis voluptas quidem omnis nostrum. Quibusdam sed blanditiis impedit quo non at. In quidem ducimus nulla corrupti.', 'Romaine O\'Connell', 'joanny.eichmann@yahoo.com', 'Ted Huel', 'muller.hildegard@gmail.com', 'Deonte Rogahn', 'zbeatty@hotmail.com', 'Shea D\'Amore', 'madisen.stoltenberg@ratke.info', 'Ducimus aliquam adipisci blanditiis maiores et itaque.', 'voluptas eos sed', '2023-07-15 05:36:05', '2023-07-15 05:36:05'),
	(83, 96, 0, 'optio-natus-aliquid-quis-magnam', NULL, 'https://via.placeholder.com/640x480.png/002299?text=quos', 'Osinski Ltd', 'Jeanette Lowe Sr.', '578 Spinka Unions Apt. 154\nAhmedchester, KY 80365', 2, '+1-540-916-8227', '1-986-515-6468', '+1-838-871-0676', 'bartholome69@yahoo.com', 'doconner@johnson.com', 'susanna.toy@trantow.com', 'Eos ut sed rerum perspiciatis. Molestias aspernatur voluptatibus itaque enim ut tempora. Voluptatem et voluptas nobis. Cumque non voluptatem accusamus.', 'http://www.emard.com/ipsum-ut-aut-ut-et', 'https://goo.gl/maps/vhoadesvzo92869', 'https://www.facebook.com/waynke2208', 'https://www.instagram.com/fyevky9397', 'https://www.twitter.com/kvumah8034', 'https://www.linkedin.com/in/xephlc7144', '["16","14","4"]', 'KA46372064', 'TK419635258', 5, 'GRH422101', 'Net 60 Days', 'Next-Day Delivery', 'Et et saepe voluptatibus illo aut quas. Dolorem optio voluptatem delectus ut pariatur. Qui doloremque sed qui labore ipsa ratione et suscipit. Expedita vel culpa assumenda ut repellendus sed et. Numquam nesciunt eligendi mollitia vel doloremque minima et. Et rerum sint voluptatem voluptatem fugit soluta architecto qui. Sed cumque doloremque a repudiandae qui. Autem similique provident labore ad et consequatur. Culpa deserunt culpa aut qui omnis. Repellendus adipisci fugiat deserunt. Aliquam fugit voluptas occaecati earum molestiae. Molestiae qui esse tempore esse. Iste fugiat laborum quibusdam non aspernatur asperiores aut.', 'Gillian Huel', 'kaden02@yahoo.com', 'Norma Schaefer', 'rhiannon35@yahoo.com', 'Emile Schulist', 'hassie.bruen@lemke.com', 'Prof. Gus Hill', 'jacques67@yahoo.com', 'Exercitationem vel dolores magni velit error perspiciatis est.', 'et ut ipsam', '2023-07-15 05:36:05', '2023-07-15 05:36:05'),
	(84, 123, 0, 'consectetur-voluptatem-nemo-quis-aut-id-cumque-temporibus', NULL, 'https://via.placeholder.com/640x480.png/009988?text=voluptas', 'Donnelly, Stokes and Ondricka', 'Dr. Mallory Abbott', '5929 Ada Manors\nMohrshire, IL 44108', 3, '361.291.0851', '(646) 677-0729', '(470) 464-0304', 'urowe@crooks.net', 'blehner@berge.info', 'pfeffer.bud@hotmail.com', 'Alias nam architecto et debitis itaque blanditiis. Quisquam eveniet magni nostrum occaecati modi illo enim. Officia molestias voluptatibus eos alias dolor non omnis delectus.', 'http://www.lockman.com/non-odio-repellendus-nesciunt-aut-unde-eaque-voluptatem', 'https://goo.gl/maps/wijrtkpcel29916', 'https://www.facebook.com/czerky6866', 'https://www.instagram.com/kemlyp2245', 'https://www.twitter.com/jzmtek5461', 'https://www.linkedin.com/in/rwnwoh9293', '["8","12","10"]', 'BU42358931', 'HG651850875', 4, 'GWC130436', 'Net 90 Days', 'Local Pickup Only', 'Ut perferendis possimus voluptatem voluptatem. Velit ut quod laudantium voluptatibus voluptas. Ad illum et officia quia. Amet neque distinctio quis. Quis ut nihil officiis illum. In voluptates a distinctio. Voluptas cupiditate quos voluptatem eaque sed. Illo animi reiciendis dignissimos veritatis quo doloribus repellat eligendi. Illo molestiae beatae delectus quis. Cupiditate ut eius labore corrupti aperiam exercitationem sit. Accusantium qui molestiae voluptas dolores modi occaecati quidem sint. Reprehenderit similique illo qui sunt. Ex ad repudiandae inventore numquam est.', 'Marion Jakubowski MD', 'drutherford@schmidt.com', 'Aubrey Kling Jr.', 'emilia38@gmail.com', 'Dr. Louvenia Gorczany', 'isporer@bailey.com', 'Prof. Rosalyn Schuppe III', 'bechtelar.genevieve@spinka.info', 'Excepturi consequatur soluta dicta.', 'ut vel dolorum', '2023-07-15 05:36:05', '2023-07-15 05:36:05'),
	(85, 14, 0, 'voluptatum-provident-consequatur-dicta-ab', NULL, 'https://via.placeholder.com/640x480.png/006699?text=perferendis', 'Fadel-Jacobi', 'Stone Dickinson', '55905 Sarai Harbor\nNorth Wilbert, MI 03592-2060', 3, '1-708-925-2138', '+1.424.615.5988', '+1-475-484-4612', 'daphnee37@hotmail.com', 'katlyn.buckridge@yahoo.com', 'jazlyn67@sanford.com', 'Ut numquam dolorem ut deserunt magni velit quaerat. Sit voluptates aut minima et quae est natus. Rem nam et illo eum cupiditate magni porro veniam.', 'http://spinka.biz/cumque-ut-placeat-debitis-quis-laudantium.html', 'https://goo.gl/maps/gncgnphvva65888', 'https://www.facebook.com/ilwtza0823', 'https://www.instagram.com/thynwy3133', 'https://www.twitter.com/fehtdf8904', 'https://www.linkedin.com/in/jpunsk8518', '["19","4","7"]', 'LG78373427', 'NV816590998', 5, 'CAU998785', 'Pay Upon Receipt', 'Same-Day Delivery', 'Voluptas id quia non vel. Ipsam et fugiat sapiente quae quos. Veniam atque quia quia dolorum dolorum dignissimos. At minima distinctio nostrum veritatis consectetur iste. Laudantium eos qui omnis est. Non eius odio veniam porro molestias. Odit minus temporibus fugit maiores neque. Officia perferendis ex necessitatibus.', 'Prof. Brendan Carter MD', 'raquel35@schumm.com', 'Justine Renner', 'clesch@yahoo.com', 'Dino Zemlak', 'qlubowitz@gmail.com', 'Kole Stokes', 'colson@yahoo.com', 'Dignissimos incidunt numquam dignissimos consequatur rerum odio voluptatem.', 'cum et est', '2023-07-15 05:36:05', '2023-07-15 05:36:05'),
	(86, 109, 0, 'adipisci-doloremque-accusamus-autem-excepturi-sed-placeat-repudiandae-itaque', NULL, 'https://via.placeholder.com/640x480.png/00ff44?text=voluptate', 'McDermott-Braun', 'Mr. Scot Nicolas DDS', '13966 Vidal Mountains Suite 506\nHesselchester, MS 36564-6605', 1, '412.687.6753', '336-456-5628', '872-875-4167', 'willard69@bruen.com', 'cordelia.raynor@gmail.com', 'connelly.zula@hand.com', 'Mollitia quod pariatur inventore ut ut facilis ipsum voluptas. Dolores vel tenetur corporis optio placeat. Libero reiciendis doloremque inventore officia ut. Velit illum nihil eveniet expedita qui.', 'http://schneider.org/fugit-numquam-neque-et-inventore-voluptas-quam-sed.html', 'https://goo.gl/maps/vocedgnszy54016', 'https://www.facebook.com/syovwk1441', 'https://www.instagram.com/mwlyfz8801', 'https://www.twitter.com/bczquh2940', 'https://www.linkedin.com/in/bvteqg0907', '["11","29","19"]', 'BD49519691', 'LO407683628', 2, 'OXG035720', 'Net 90 Days', 'Local Pickup Only', 'Unde harum natus facilis corrupti provident. Rerum voluptatibus nostrum eos occaecati id iusto. Cupiditate consequuntur sequi laborum nam praesentium. Quo nobis quo molestiae itaque. Asperiores possimus unde odio earum deleniti deserunt. Qui quos deleniti ducimus nihil quos et consequatur. Corporis quod officiis vel dolores est maiores odio. Adipisci in eum magnam non. Ea occaecati quia minima dignissimos quae fuga.', 'Lue White DVM', 'fkonopelski@waters.com', 'Marlon Moore MD', 'rolando20@hotmail.com', 'Camylle Beatty', 'ywitting@gmail.com', 'Dr. Myrtle Paucek MD', 'schimmel.rubye@gorczany.net', 'Dolor voluptatem rem et sed.', 'vel quod ut', '2023-07-15 05:36:05', '2023-07-15 05:36:05'),
	(87, 69, 0, 'libero-reprehenderit-maxime-occaecati-illum', NULL, 'https://via.placeholder.com/640x480.png/00ccee?text=aut', 'Reilly-Satterfield', 'Rickie Boyle', '22009 Cormier Ways Apt. 896\nStarktown, CO 43524', 3, '820-547-8470', '832-317-3899', '240.762.0381', 'cartwright.maryjane@mann.biz', 'ftrantow@gmail.com', 'wheathcote@stehr.com', 'Consectetur repellat aperiam aut consequatur id consequuntur quaerat pariatur. Asperiores aspernatur voluptatibus sunt sapiente voluptas sapiente neque. Mollitia aut voluptatibus tempora et sunt.', 'http://www.auer.com/velit-omnis-necessitatibus-at.html', 'https://goo.gl/maps/nymztnqxey17177', 'https://www.facebook.com/tvsuft1786', 'https://www.instagram.com/yphxcb5435', 'https://www.twitter.com/mghoem2950', 'https://www.linkedin.com/in/sxmuyd7989', '["16","26","30"]', 'FM87083266', 'NN105402455', 1, 'BWH446769', 'Net 30 Days', 'Next-Day Delivery', 'Sit distinctio id in omnis. Omnis et optio voluptas laudantium quia laborum quibusdam. Cum architecto ab nihil quibusdam autem ut perferendis. Atque ab itaque et quia. Exercitationem qui nulla temporibus a et recusandae. Qui ea sint impedit et in. Et quis ipsam deserunt dolor sunt sequi hic. Quam vero harum pariatur molestiae explicabo maiores ut. Aperiam totam itaque nam eveniet exercitationem. Aut quod id asperiores deleniti debitis commodi. Aut qui explicabo et quidem et dolor.', 'Anabelle Parker DDS', 'dframi@yahoo.com', 'Gerardo Cremin', 'chelsie69@yahoo.com', 'Miss Meagan Block', 'dorcas.pfeffer@gmail.com', 'Prof. Theresia Roberts IV', 'brooks83@marvin.com', 'Veniam alias repellendus delectus nisi maxime ipsum voluptatem.', 'eos quo perspiciatis', '2023-07-15 05:36:05', '2023-07-15 05:36:05'),
	(88, 65, 0, 'in-ab-officiis-ratione-vel-beatae', NULL, 'https://via.placeholder.com/640x480.png/009911?text=alias', 'Shields Ltd', 'Garrett Mills', '204 Medhurst Vista Apt. 279\nBartonport, RI 87942-0913', 3, '+1-817-861-9478', '458-716-1922', '1-774-215-0352', 'doris85@hotmail.com', 'frenner@medhurst.com', 'pframi@gmail.com', 'Enim beatae iusto optio eos quidem. Sit amet magnam quae laudantium aut consequuntur. Sed architecto voluptates aut est et aut est odio. Quia sunt laboriosam similique ut et error voluptas.', 'http://www.trantow.com/eum-eaque-esse-animi-veritatis', 'https://goo.gl/maps/lsxpgxjmie64392', 'https://www.facebook.com/mcfsxk8975', 'https://www.instagram.com/vbkkzj1444', 'https://www.twitter.com/jbsebn8157', 'https://www.linkedin.com/in/ygvmqq1184', '["19","17","30"]', 'UE03683415', 'IV132438029', 1, 'NWG068358', 'Net 30 Days', 'Express Shipping', 'Maiores earum voluptatem quis maiores esse cupiditate laborum alias. Quia consequatur aperiam qui. Aut quidem distinctio officiis in quia. Officiis enim sunt non non. Esse incidunt quam et incidunt necessitatibus amet. Omnis dolores qui nesciunt non. Excepturi ea itaque consequuntur iste. Iste aut expedita nobis quo.', 'Arturo Dare', 'garrett.rogahn@yahoo.com', 'Selina Prosacco', 'ioreilly@crooks.biz', 'Marisol Walsh DDS', 'bkuhlman@pagac.com', 'Mr. Jayde Orn I', 'lschulist@gmail.com', 'Deserunt aliquam repellendus nulla delectus voluptatem saepe.', 'ipsum ab voluptatem', '2023-07-15 05:36:05', '2023-07-15 05:36:05'),
	(89, 108, 0, 'libero-in-doloremque-consequatur-perferendis-minus-ex-eos-perspiciatis', NULL, 'https://via.placeholder.com/640x480.png/00ee66?text=magni', 'Champlin, Langosh and O\'Reilly', 'Dr. Emma O\'Conner Sr.', '800 Becker Burgs\nWest Norvalton, LA 17568', 4, '+1-838-863-1885', '1-424-902-2012', '(918) 358-6676', 'ubalistreri@gmail.com', 'labadie.nicola@heller.org', 'jakubowski.alexane@gmail.com', 'Alias dolorum aperiam est voluptate. Iusto optio iste libero ut qui aspernatur voluptatem. Sequi amet et aut sit incidunt possimus voluptas. Ut sequi veniam odio et.', 'http://runolfsson.com/et-voluptas-delectus-ullam-laboriosam-officia-necessitatibus', 'https://goo.gl/maps/wowunhobdg58727', 'https://www.facebook.com/oqlpoh5301', 'https://www.instagram.com/pwkoro8366', 'https://www.twitter.com/xawtoi1586', 'https://www.linkedin.com/in/zwxysf3572', '["22","15","29"]', 'BZ75837332', 'RL212827124', 4, 'MAK256160', 'Net 90 Days', 'Two-Day Shipping', 'Ipsa voluptas veniam corporis dolor sed quis quod numquam. Et et qui excepturi dolorem facere sit tempore. Non quae sed aspernatur alias minima ut rem. Illo sit hic harum qui aut sed qui unde. Aspernatur atque et commodi earum tempora blanditiis dolor. Sit quis voluptatibus possimus et sint nostrum ut vel. Ut alias exercitationem ut a repellendus sapiente. Et aspernatur sed dicta nostrum est. Reprehenderit ut quibusdam facilis quod eligendi. Voluptatem culpa aut id natus inventore reprehenderit omnis sit. Hic ut ex et eos nam atque qui. Voluptatem voluptas ducimus velit aut similique rem est. Cupiditate necessitatibus pariatur ducimus laborum voluptatem exercitationem. Modi qui et consequatur voluptatem voluptatibus cupiditate nostrum.', 'Ms. Blanca Gislason PhD', 'queen.kirlin@hilpert.com', 'Tyler Walter', 'welch.ena@gleichner.com', 'Eladio Tillman', 'greenholt.telly@rohan.com', 'Dr. Darion Lakin II', 'benny.wyman@hotmail.com', 'Enim sed voluptatem aut ut sunt et.', 'quis est ratione', '2023-07-15 05:36:05', '2023-07-15 05:36:05'),
	(90, 34, 0, 'deserunt-et-consequatur-in-aperiam-fugiat-odio-laudantium-non', NULL, 'https://via.placeholder.com/640x480.png/00eeee?text=nihil', 'Kulas, McDermott and Predovic', 'Ms. Anissa Douglas', '946 Rice Motorway\nSchowalterhaven, NC 66171-6214', 2, '+1 (737) 350-6688', '+16077741910', '+1-361-206-4084', 'jedidiah55@sipes.com', 'franecki.darby@herzog.com', 'lwalter@yahoo.com', 'Optio ut quos sint enim recusandae. Est qui voluptatem placeat mollitia.', 'http://www.roberts.org/delectus-ut-dolorum-sed-laudantium', 'https://goo.gl/maps/tlbizvkucf99565', 'https://www.facebook.com/umwlsl6516', 'https://www.instagram.com/pinrwt2984', 'https://www.twitter.com/olgsns9042', 'https://www.linkedin.com/in/mljbqs1250', '["26","12","17"]', 'WZ16960887', 'IR719854339', 6, 'GSD311227', 'Net 60 Days', 'Free Shipping', 'Culpa ducimus ea reprehenderit iure. Voluptas saepe provident distinctio repellat harum sint illum iusto. Ut neque alias autem velit recusandae non. Aspernatur culpa sit ducimus nam qui non laboriosam. Illo aspernatur velit voluptatem ratione corporis velit ducimus. Aut voluptatem sunt perspiciatis veritatis molestias voluptas nostrum. Quas similique iusto vitae sed fugit. Alias ut et nihil. Sit et impedit voluptas eius aliquam velit. Quos animi pariatur et officiis esse amet. Ad rem possimus ipsum voluptatibus commodi enim. Molestiae iusto repellendus eveniet magnam ea. In quo hic molestias aut et totam. Minus explicabo ut ut quibusdam nulla sit. Temporibus asperiores magnam soluta et error et.', 'Keaton Fisher I', 'elenora.rau@gottlieb.com', 'Prof. Antonette Bartell', 'fritsch.mabelle@collins.com', 'Dedrick Volkman', 'rebeka04@crona.com', 'Mr. Nathen Stracke', 'fweber@gmail.com', 'Qui vero iusto voluptatem quia omnis ut blanditiis.', 'aperiam architecto nulla', '2023-07-15 05:36:05', '2023-07-15 05:36:05'),
	(91, 30, 0, 'tempore-aut-id-ipsam', NULL, 'https://via.placeholder.com/640x480.png/00ee11?text=qui', 'Pollich Ltd', 'Dejon Mraz', '9860 Emard Canyon Suite 141\nNorth Mikaylaside, VA 23200', 3, '+12256090264', '+1-386-894-2280', '+13123699063', 'wjohns@effertz.info', 'haley28@gmail.com', 'nicklaus79@hickle.com', 'Dolor omnis ut placeat. Incidunt minima reprehenderit ducimus iste rerum. Neque impedit ut velit dolorem culpa esse.', 'https://www.mante.com/et-eaque-molestiae-qui-dolor', 'https://goo.gl/maps/enxsgllvsk60423', 'https://www.facebook.com/ezfsmq8370', 'https://www.instagram.com/pdbwfm3141', 'https://www.twitter.com/clujtd9007', 'https://www.linkedin.com/in/bjvqzi2787', '["13","1","22"]', 'TV88091958', 'YR713911632', 5, 'LQH604522', 'Cash On Delivery', 'Same-Day Delivery', 'Quos esse molestiae doloribus autem similique sunt. At esse saepe omnis explicabo. Vitae nam corrupti recusandae voluptatem amet perferendis magnam. Commodi dolore eum inventore quis fugiat et tenetur. Corrupti fugit doloribus sequi consequatur eum. Ea officiis impedit dolores eum sapiente sint. Nemo aliquid fuga alias eius placeat aliquam tempore illum. Enim dolores dolor cum omnis quia at placeat odio. Et unde odio tempore quis harum maxime. Officia praesentium sint illo quae provident. Repudiandae harum aut unde quis.', 'Prof. Lenny Mosciski Sr.', 'lora15@yahoo.com', 'Jaqueline Effertz', 'zkuvalis@franecki.com', 'Ole D\'Amore', 'rjenkins@gmail.com', 'Fabian Herman II', 'misael.walker@gmail.com', 'Qui delectus dolor autem repellendus magni architecto.', 'labore qui nihil', '2023-07-15 05:36:05', '2023-07-15 05:36:05'),
	(92, 119, 0, 'ab-veniam-architecto-a-ut-ducimus', NULL, 'https://via.placeholder.com/640x480.png/00aa77?text=voluptatibus', 'Homenick Ltd', 'Jadon Goldner', '6876 Lemke Spur\nCreminberg, MT 19332-0536', 1, '+1 (773) 929-2993', '+1.928.446.0077', '+1-253-610-0377', 'nathen21@hotmail.com', 'xzemlak@yahoo.com', 'kunze.thalia@becker.com', 'Eveniet et voluptas sint aspernatur sed. Doloremque ut necessitatibus quos ut vitae provident. Adipisci at voluptatem distinctio non vero ea fugiat. In ab veniam aliquam.', 'http://williamson.biz/tenetur-facilis-at-ipsa-nihil-neque-illum-fugit-eum.html', 'https://goo.gl/maps/jkmadxltvl88893', 'https://www.facebook.com/weecld9416', 'https://www.instagram.com/bjtqdu4787', 'https://www.twitter.com/xdmqvy0686', 'https://www.linkedin.com/in/zovyqw6124', '["13","6","16"]', 'HU54120407', 'IH266999100', 1, 'FUB824921', 'Net 90 Days', 'International Shipping', 'Ullam porro quas atque aut quod. Ratione et ullam distinctio consequuntur veniam eveniet architecto. Dignissimos iste mollitia dicta quod. Laudantium provident laboriosam qui et. Fuga sunt ut ut distinctio dolor omnis dolores. Soluta doloribus ipsam et sapiente et nobis. Deserunt voluptatum eius at. Atque nihil hic unde in quia. Et et dolorum repudiandae voluptatem. Dolorum consequatur voluptatum et consequatur repudiandae laboriosam et quibusdam. Et fugiat et necessitatibus earum. Est voluptatibus ut omnis quibusdam corporis.', 'Roma Nolan', 'arne.dickinson@considine.com', 'Monty Hagenes', 'alvis.zulauf@yahoo.com', 'Gabe Gerhold', 'german65@gmail.com', 'Haley Altenwerth MD', 'torp.ted@gmail.com', 'Nihil sunt sit voluptatem similique.', 'qui rerum ea', '2023-07-15 05:36:06', '2023-07-15 05:36:06'),
	(93, 149, 0, 'ex-sapiente-earum-numquam-eum-animi-rerum', NULL, 'https://via.placeholder.com/640x480.png/0033dd?text=amet', 'Macejkovic Group', 'Kaylee Stoltenberg', '5272 Konopelski Via\nJordyntown, NV 58471', 3, '+12393131125', '(339) 583-9456', '(629) 606-0775', 'frances70@lindgren.com', 'bernadette91@homenick.com', 'zola.tillman@kautzer.org', 'Vel tempora quaerat sit magni. Consequuntur est rerum qui quis esse. Officiis debitis repudiandae placeat consequatur sint unde minus. Minima corrupti aut nemo facere. Quo animi beatae libero officiis nihil.', 'http://www.pacocha.com/occaecati-blanditiis-minima-error-voluptas-aut-veniam.html', 'https://goo.gl/maps/plzdqrvrsv05437', 'https://www.facebook.com/ulniaj9879', 'https://www.instagram.com/qqfvak5389', 'https://www.twitter.com/bewbgv0839', 'https://www.linkedin.com/in/mwxoah3276', '["29","18","28"]', 'ZS57504559', 'EZ340162351', 6, 'ADJ887729', 'Net 90 Days', 'Local Pickup Only', 'Sed inventore quia officiis tempora ut et sit. Iure dolores fugit est rem omnis sapiente sapiente sint. Aut ab et asperiores ad ratione quidem quis. Impedit vel molestias aut reprehenderit pariatur nisi. Nemo in veritatis praesentium eos. Natus ut aspernatur qui nesciunt rerum nesciunt ducimus quae. Tempore quisquam ipsam sequi sit. Quia eos rerum quos dolor. Voluptatem sed iste dolorum qui ab sit earum. Dolorum fugit et voluptas doloribus in natus earum. Quia explicabo commodi dolorem pariatur. Quae repudiandae cupiditate vitae est. Magnam tenetur aut vel nesciunt ad non corporis. Pariatur voluptate nemo ducimus.', 'Augusta Steuber', 'pspinka@homenick.com', 'Prof. Craig Koepp III', 'wiley32@rohan.biz', 'Emerald Hirthe DVM', 'jcormier@gmail.com', 'Lewis Gleason', 'raynor.hermann@hotmail.com', 'Velit totam ut dolore quis sunt aut perspiciatis.', 'at quis debitis', '2023-07-15 05:36:06', '2023-07-15 05:36:06'),
	(94, 179, 0, 'voluptatum-corrupti-dignissimos-beatae-quod-consequatur-molestiae-sunt', NULL, 'https://via.placeholder.com/640x480.png/003311?text=explicabo', 'Donnelly-Weber', 'Dr. Reilly Quigley', '3893 Morissette Tunnel Suite 893\nNorth Raymundoberg, IA 23994', 2, '747-413-3466', '+1 (475) 946-3608', '+1.605.746.8992', 'halie.stehr@gibson.com', 'zaltenwerth@hirthe.com', 'corrine.block@hartmann.com', 'Modi consequatur veritatis aut iure est neque modi. Esse perferendis soluta quisquam aut. Iure alias officia est voluptas aut excepturi provident. A adipisci consectetur fuga rerum praesentium. Voluptas dolorem facilis officiis molestiae culpa vero.', 'http://stehr.biz/optio-autem-ipsa-et-assumenda', 'https://goo.gl/maps/axefwmagsv53743', 'https://www.facebook.com/gyffmx8428', 'https://www.instagram.com/fzsuau5525', 'https://www.twitter.com/knkaix2035', 'https://www.linkedin.com/in/rihqay4291', '["2","28","9"]', 'DA29755065', 'GF065796824', 2, 'GOV862589', 'Cash On Delivery', 'Two-Day Shipping', 'Eum eos provident et enim. Voluptatibus eligendi animi dolor. Necessitatibus at quibusdam ipsum ut. Sint tempore doloribus libero qui qui. Optio voluptatem accusamus earum cum. Nesciunt cumque voluptatem facere aut et consequuntur. Repellendus quibusdam omnis dolore eum nam. Vitae quia sequi quisquam sunt. Sunt a rerum qui veniam. Odio autem quae eos optio. Animi minus soluta ut ut totam illum. Perspiciatis tempore aliquid blanditiis sunt. Voluptatem cupiditate aperiam eligendi quisquam. Ut laboriosam tempora laboriosam dolor et.', 'Leatha Cassin', 'broderick.wiegand@gmail.com', 'Glenda Green', 'kreiger.lamont@hotmail.com', 'Mrs. Jordane Bailey', 'elian47@tromp.net', 'Deron Zemlak', 'gorczany.evans@hotmail.com', 'Et qui officia magnam pariatur eligendi dolore blanditiis.', 'accusamus dolores est', '2023-07-15 05:36:06', '2023-07-15 05:36:06'),
	(95, 24, 0, 'omnis-dolorum-eum-voluptate-explicabo', NULL, 'https://via.placeholder.com/640x480.png/0022dd?text=aut', 'Powlowski, Wilkinson and Botsford', 'Brielle Gutmann', '32710 Williamson Mountains Suite 124\nWest Jordanebury, FL 40126', 1, '+1.813.795.5578', '+1-775-700-6018', '+12057882708', 'bhirthe@yahoo.com', 'zquitzon@yahoo.com', 'fisher.rachelle@kulas.com', 'Tempora aspernatur et similique alias dolorem voluptatem. Quia dolore accusantium voluptatem sed voluptas dolorem. Itaque optio ea labore voluptate accusamus perferendis.', 'http://willms.com/', 'https://goo.gl/maps/lvmblbldbf51216', 'https://www.facebook.com/pocrro5159', 'https://www.instagram.com/lmeqgo5582', 'https://www.twitter.com/stakmi2954', 'https://www.linkedin.com/in/jttipr8162', '["14","23","15"]', 'PY39077815', 'RJ978576779', 6, 'SRB824155', 'Cash On Delivery', 'International Shipping', 'Id ut pariatur non aliquid ut rerum nemo enim. Architecto in magni aut reiciendis aut est. Doloribus veniam animi exercitationem quisquam omnis. Blanditiis aut minima aut tempore. Nostrum autem assumenda iusto. Ea repellat voluptas voluptatem sunt. Praesentium animi inventore quibusdam iure.', 'Lorna Kub', 'andy75@parisian.biz', 'Carroll Barton I', 'skuhic@gmail.com', 'Helena VonRueden', 'mayert.sherman@hotmail.com', 'Delfina Von', 'cydney03@okon.org', 'Tenetur quos aspernatur aut rem at totam.', 'dolor velit et', '2023-07-15 05:36:06', '2023-07-15 05:36:06'),
	(96, 183, 0, 'quod-enim-est-explicabo-eaque-aperiam-distinctio-dignissimos-consectetur', NULL, 'https://via.placeholder.com/640x480.png/0044ee?text=laudantium', 'Feest and Sons', 'Dr. Houston Cummerata', '77093 Lesly Highway\nSouth Sunnybury, OK 03589-9080', 2, '743-618-3673', '(272) 862-5066', '+14584443889', 'padberg.jonas@roob.com', 'annette50@gmail.com', 'monroe.kshlerin@homenick.com', 'Doloremque sapiente est modi assumenda labore. Et ipsam quae et nam voluptate quis expedita. Similique est eaque maxime minima.', 'http://www.franecki.biz/', 'https://goo.gl/maps/kwfdqzaanp79855', 'https://www.facebook.com/chomjo2265', 'https://www.instagram.com/pdkvdz0290', 'https://www.twitter.com/iuzcop6745', 'https://www.linkedin.com/in/ohupfl6684', '["24","25","10"]', 'IX89722414', 'AZ668894864', 2, 'DHV925914', 'Net 90 Days', 'Priority Shipping', 'Quibusdam tenetur optio dicta mollitia voluptatem aut. Nesciunt quaerat necessitatibus aut vero omnis fugiat maxime. Delectus neque earum et culpa magnam sunt quidem deserunt. Dolorum voluptas eveniet ea et aut culpa id. Hic quis assumenda ut. Fugit quasi odio ut aliquid. Dolor voluptas eum quo perferendis placeat rerum eum. Sit qui rerum molestiae explicabo. Esse quas et esse debitis omnis veritatis. Maiores consequatur assumenda amet. Vel voluptatem perferendis consectetur vel rerum optio veniam. Non nobis asperiores tempore odio.', 'Nickolas Dooley', 'tremayne88@hotmail.com', 'Maye Turner', 'miller.wintheiser@schroeder.com', 'Mrs. Karli Howe IV', 'beatty.joanne@hotmail.com', 'Clara Kunze', 'onie49@yahoo.com', 'Officia aut saepe et asperiores voluptas.', 'maiores consequatur quis', '2023-07-15 05:36:06', '2023-07-15 05:36:06'),
	(97, 141, 0, 'delectus-qui-voluptatem-sunt-ut', NULL, 'https://via.placeholder.com/640x480.png/00cc55?text=molestiae', 'Kuhn-Kiehn', 'Angel Lebsack DDS', '16906 Gerlach Center\nDaynafort, IA 34852', 2, '1-223-280-8414', '541.572.8260', '571.840.5087', 'stiedemann.reid@lebsack.com', 'hirthe.abdul@tremblay.com', 'shannon89@hotmail.com', 'Suscipit optio repellat reprehenderit consequatur sit impedit. Similique iusto iste non cumque omnis dicta. Dolorem quasi voluptas excepturi sit enim voluptas at. Quaerat eum rem est quia fugiat. Fuga recusandae ut voluptas vel.', 'http://purdy.com/rerum-voluptatem-accusantium-delectus-alias-temporibus.html', 'https://goo.gl/maps/jzgpzoxycw94234', 'https://www.facebook.com/cpswgn6501', 'https://www.instagram.com/bgpwvl6082', 'https://www.twitter.com/gccqso8922', 'https://www.linkedin.com/in/erqsby0221', '["4","19","18"]', 'EL71999318', 'NZ044592713', 2, 'UEJ802117', 'Pay Upon Receipt', 'Standard Delivery', 'Eum impedit debitis esse asperiores quia. A laudantium et qui quos esse. Sit repellat ullam aut. Quia quo sequi aperiam sint quos voluptatem qui. Sit laboriosam maxime quia non inventore. Voluptatem enim ut et et. Quibusdam nihil pariatur saepe minima laborum fugiat nostrum. Sed deserunt fugiat libero quas nesciunt accusamus. Consequuntur voluptas unde dolorem nihil quia ipsa nihil corporis. Esse consequatur eos atque quia.', 'Esperanza Champlin V', 'zstokes@gmail.com', 'Lexie Kuhlman II', 'anya.ledner@gmail.com', 'Mrs. Cecilia Wuckert III', 'keagan95@yahoo.com', 'Herminia Hahn', 'nader.leonardo@yahoo.com', 'Facere dolorem voluptate deleniti expedita.', 'ad quibusdam sed', '2023-07-15 05:36:06', '2023-07-15 05:36:06'),
	(98, 111, 0, 'id-nesciunt-ut-illum-sint', NULL, 'https://via.placeholder.com/640x480.png/00dd88?text=et', 'Schumm Ltd', 'Danyka Durgan', '9845 Evans Cape\nJotown, WV 54164-1106', 4, '(352) 350-5553', '+1-331-476-3934', '(361) 420-6308', 'rudy.weimann@hotmail.com', 'vida.mitchell@hotmail.com', 'cummings.nikolas@yahoo.com', 'Eius veritatis consequatur neque voluptate eos. Sit minima mollitia officiis facilis sed ut. Quis veritatis iste voluptatem voluptatem tempore ipsa tempore.', 'https://www.legros.com/consequatur-aut-occaecati-earum-quod-aut-corporis-unde-et', 'https://goo.gl/maps/dxwciidloj31370', 'https://www.facebook.com/ctpmoh3249', 'https://www.instagram.com/itfkdo9648', 'https://www.twitter.com/cbzigt5587', 'https://www.linkedin.com/in/vbloer1595', '["3","15","1"]', 'DJ92059911', 'BL628090012', 2, 'ZUB112955', 'Cash On Delivery', 'Same-Day Delivery', 'Doloremque ut hic sed earum vel. Corporis mollitia commodi velit. Aliquam veniam quia provident dolorum hic ipsam sed. Autem facere corporis eligendi cumque. Aut perferendis magnam numquam ut atque amet assumenda. Explicabo possimus maxime libero expedita velit. Ratione dolorem dolorem consequatur laboriosam ut voluptatem. Repellendus deserunt ipsum nam. Harum possimus velit adipisci. Et animi animi aut laboriosam impedit. Qui pariatur error sunt voluptatem voluptate. Temporibus quis dicta rerum laboriosam exercitationem quia officia.', 'Karolann Stanton', 'lakin.lupe@yahoo.com', 'Miss Kathryne Schaden PhD', 'billie.schmeler@yahoo.com', 'Abigail Kreiger I', 'marks.gerard@crona.com', 'Cory Romaguera', 'zgislason@hotmail.com', 'Voluptas perferendis libero omnis.', 'similique aperiam est', '2023-07-15 05:36:06', '2023-07-15 05:36:06'),
	(99, 175, 0, 'eveniet-minima-temporibus-dolorem-officia', NULL, 'https://via.placeholder.com/640x480.png/0044dd?text=nulla', 'Cassin and Sons', 'Reta Osinski', '220 Stoltenberg Hills\nConnellymouth, IN 13495', 2, '+17409181292', '+1 (828) 993-1407', '407-644-1860', 'afay@friesen.org', 'zrutherford@yahoo.com', 'fbartell@yahoo.com', 'Enim nihil eligendi et. Nesciunt eaque aut voluptatem repellendus est dolore. Ratione ut ut nam quo dolores numquam dolores. Aut dignissimos qui quos maiores expedita neque distinctio.', 'http://mclaughlin.org/quod-cupiditate-non-eligendi-cumque-deleniti-deleniti-atque', 'https://goo.gl/maps/plemyvdnaf39616', 'https://www.facebook.com/pkxzcq3102', 'https://www.instagram.com/bdweka9939', 'https://www.twitter.com/xbclka8955', 'https://www.linkedin.com/in/ibvcnp7210', '["15","6","12"]', 'KK91141481', 'WB117978503', 1, 'EMO381619', 'Net 30 Days', 'Local Pickup Only', 'Cum voluptas consequatur quidem ea. Esse est consequuntur molestiae et. Est omnis sit qui quia quia est provident. Odio saepe quis harum consequatur. Soluta earum rerum quos est et saepe. Ad et voluptatibus est eum harum qui nesciunt. Ut deserunt deleniti et id quia beatae. Amet sapiente quisquam dolore repellendus et nam. Itaque ipsum voluptas ex numquam tempore quo aliquam. Unde sit ipsam ullam doloremque soluta eos.', 'Meghan Funk', 'matilde40@langworth.net', 'Rosa Bauch', 'evangeline.lubowitz@schroeder.net', 'Reggie Bosco', 'imani.purdy@cummings.com', 'Prof. Kristoffer Johnston I', 'awisozk@wiza.com', 'Numquam repellendus nihil eaque repellendus sed veritatis voluptas.', 'debitis quo totam', '2023-07-15 05:36:06', '2023-07-15 05:36:06'),
	(100, 199, 0, 'est-omnis-cupiditate-omnis-ipsum-dolores-iusto-blanditiis', NULL, 'https://via.placeholder.com/640x480.png/00dd99?text=doloribus', 'Stamm-Orn', 'Miss Annamarie Rutherford III', '76400 Runte Lake\nConnburgh, NH 02370', 4, '(617) 326-6202', '1-539-712-9587', '440-909-0984', 'zosinski@dubuque.info', 'ukozey@yahoo.com', 'schimmel.ezekiel@gmail.com', 'Et dolorem id laboriosam beatae ut distinctio. Error omnis omnis et. Debitis nam voluptas dicta est.', 'http://www.mckenzie.org/sunt-amet-corrupti-omnis-itaque-ad', 'https://goo.gl/maps/zqexmgadxu72297', 'https://www.facebook.com/ygicfh4534', 'https://www.instagram.com/dlnume7449', 'https://www.twitter.com/qphshc6735', 'https://www.linkedin.com/in/zinajk9922', '["26","21","8"]', 'VH59964280', 'JX824078753', 5, 'DAT034981', 'Cash On Delivery', 'Priority Shipping', 'Ut assumenda non maxime velit dicta itaque. Quo numquam eos saepe impedit vero quibusdam exercitationem. Consequatur sit qui qui sint molestias in. Ea velit corporis ut quibusdam neque. Quam repudiandae praesentium quia. A qui eveniet ab repellendus aliquam quis est facere. Debitis cum iste sequi id ullam. Expedita veniam ut reprehenderit ut minus.', 'Alexis Dicki V', 'wrussel@yahoo.com', 'Karen Lynch', 'fidel.schiller@torphy.com', 'Norbert Zieme', 'cremin.ray@yahoo.com', 'Amanda Mayer', 'sherman97@hotmail.com', 'Deserunt sint dolor a atque.', 'eius sunt sequi', '2023-07-15 05:36:06', '2023-07-15 05:36:06');

-- Dumping structure for table aurora.roles
CREATE TABLE IF NOT EXISTS `roles` (
  `id` bigint(20) unsigned NOT NULL AUTO_INCREMENT,
  `title` varchar(255) NOT NULL,
  `slug` varchar(255) NOT NULL,
  `type` enum('admin','user') NOT NULL,
  `created_at` timestamp NULL DEFAULT NULL,
  `updated_at` timestamp NULL DEFAULT NULL,
  PRIMARY KEY (`id`),
  UNIQUE KEY `roles_slug_unique` (`slug`)
) ENGINE=InnoDB AUTO_INCREMENT=5 DEFAULT CHARSET=utf8mb4 COLLATE=utf8mb4_unicode_ci;

-- Dumping data for table aurora.roles: ~4 rows (approximately)
INSERT INTO `roles` (`id`, `title`, `slug`, `type`, `created_at`, `updated_at`) VALUES
	(1, 'Admin', 'admin', 'admin', '2023-07-15 05:36:04', '2023-07-15 05:36:04'),
	(2, 'Editor', 'editor', 'admin', '2023-07-15 05:36:04', '2023-07-15 05:36:04'),
	(3, 'Manufacturer', 'manufacturer', 'user', '2023-07-15 05:36:04', '2023-07-15 05:36:04'),
	(4, 'Shop', 'shop', 'user', '2023-07-15 05:36:04', '2023-07-15 05:36:04');

-- Dumping structure for table aurora.sessions
CREATE TABLE IF NOT EXISTS `sessions` (
  `id` varchar(255) NOT NULL,
  `user_id` bigint(20) unsigned DEFAULT NULL,
  `ip_address` varchar(45) DEFAULT NULL,
  `user_agent` text DEFAULT NULL,
  `payload` longtext NOT NULL,
  `last_activity` int(11) NOT NULL,
  PRIMARY KEY (`id`),
  KEY `sessions_user_id_index` (`user_id`),
  KEY `sessions_last_activity_index` (`last_activity`)
) ENGINE=InnoDB DEFAULT CHARSET=utf8mb4 COLLATE=utf8mb4_unicode_ci;

-- Dumping data for table aurora.sessions: ~0 rows (approximately)

-- Dumping structure for table aurora.telescope_entries
CREATE TABLE IF NOT EXISTS `telescope_entries` (
  `sequence` bigint(20) unsigned NOT NULL AUTO_INCREMENT,
  `uuid` char(36) NOT NULL,
  `batch_id` char(36) NOT NULL,
  `family_hash` varchar(255) DEFAULT NULL,
  `should_display_on_index` tinyint(1) NOT NULL DEFAULT 1,
  `type` varchar(20) NOT NULL,
  `content` longtext NOT NULL,
  `created_at` datetime DEFAULT NULL,
  PRIMARY KEY (`sequence`),
  UNIQUE KEY `telescope_entries_uuid_unique` (`uuid`),
  KEY `telescope_entries_batch_id_index` (`batch_id`),
  KEY `telescope_entries_family_hash_index` (`family_hash`),
  KEY `telescope_entries_created_at_index` (`created_at`),
  KEY `telescope_entries_type_should_display_on_index_index` (`type`,`should_display_on_index`)
) ENGINE=InnoDB DEFAULT CHARSET=utf8mb4 COLLATE=utf8mb4_unicode_ci;

-- Dumping data for table aurora.telescope_entries: ~0 rows (approximately)

-- Dumping structure for table aurora.telescope_entries_tags
CREATE TABLE IF NOT EXISTS `telescope_entries_tags` (
  `entry_uuid` char(36) NOT NULL,
  `tag` varchar(255) NOT NULL,
  KEY `telescope_entries_tags_entry_uuid_tag_index` (`entry_uuid`,`tag`),
  KEY `telescope_entries_tags_tag_index` (`tag`),
  CONSTRAINT `telescope_entries_tags_entry_uuid_foreign` FOREIGN KEY (`entry_uuid`) REFERENCES `telescope_entries` (`uuid`) ON DELETE CASCADE
) ENGINE=InnoDB DEFAULT CHARSET=utf8mb4 COLLATE=utf8mb4_unicode_ci;

-- Dumping data for table aurora.telescope_entries_tags: ~0 rows (approximately)

-- Dumping structure for table aurora.telescope_monitoring
CREATE TABLE IF NOT EXISTS `telescope_monitoring` (
  `tag` varchar(255) NOT NULL
) ENGINE=InnoDB DEFAULT CHARSET=utf8mb4 COLLATE=utf8mb4_unicode_ci;

-- Dumping data for table aurora.telescope_monitoring: ~0 rows (approximately)

-- Dumping structure for table aurora.users
CREATE TABLE IF NOT EXISTS `users` (
  `id` bigint(20) unsigned NOT NULL AUTO_INCREMENT,
  `role_id` bigint(20) unsigned NOT NULL,
  `name` varchar(255) NOT NULL,
  `email` varchar(255) NOT NULL,
  `email_verified_at` timestamp NULL DEFAULT NULL,
  `password` varchar(255) NOT NULL,
  `two_factor_secret` text DEFAULT NULL,
  `two_factor_recovery_codes` text DEFAULT NULL,
  `two_factor_confirmed_at` timestamp NULL DEFAULT NULL,
  `remember_token` varchar(100) DEFAULT NULL,
  `current_team_id` bigint(20) unsigned DEFAULT NULL,
  `profile_photo_path` varchar(2048) DEFAULT NULL,
  `created_at` timestamp NULL DEFAULT NULL,
  `updated_at` timestamp NULL DEFAULT NULL,
  PRIMARY KEY (`id`),
  UNIQUE KEY `users_email_unique` (`email`),
  KEY `users_role_id_foreign` (`role_id`),
  CONSTRAINT `users_role_id_foreign` FOREIGN KEY (`role_id`) REFERENCES `roles` (`id`)
) ENGINE=InnoDB AUTO_INCREMENT=201 DEFAULT CHARSET=utf8mb4 COLLATE=utf8mb4_unicode_ci;

-- Dumping data for table aurora.users: ~200 rows (approximately)
INSERT INTO `users` (`id`, `role_id`, `name`, `email`, `email_verified_at`, `password`, `two_factor_secret`, `two_factor_recovery_codes`, `two_factor_confirmed_at`, `remember_token`, `current_team_id`, `profile_photo_path`, `created_at`, `updated_at`) VALUES
	(1, 1, 'Admin', 'admin@aurora.com', '2023-07-15 05:36:04', '$2y$10$zeIVfQDopmzIyEMvv8Mh7OOfRMwqPZYPPHRjlpe0L96hRYZCOZvCS', NULL, NULL, NULL, 'qn5xFfAGde', NULL, NULL, '2023-07-15 05:36:04', '2023-07-15 05:36:04'),
	(2, 2, 'Keon Morissette I', '64b2304451477rbashirian@example.org', '2023-07-15 05:36:04', '$2y$10$zeIVfQDopmzIyEMvv8Mh7OOfRMwqPZYPPHRjlpe0L96hRYZCOZvCS', NULL, NULL, NULL, 'mITkUbQtwL', NULL, NULL, '2023-07-15 05:36:04', '2023-07-15 05:36:04'),
	(3, 2, 'Prof. Hugh DuBuque', '64b230445206cywill@example.org', '2023-07-15 05:36:04', '$2y$10$zeIVfQDopmzIyEMvv8Mh7OOfRMwqPZYPPHRjlpe0L96hRYZCOZvCS', NULL, NULL, NULL, 'ag03a9XpqR', NULL, NULL, '2023-07-15 05:36:04', '2023-07-15 05:36:04'),
	(4, 2, 'Dorris Kuhic Sr.', '64b2304452438lmetz@example.org', '2023-07-15 05:36:04', '$2y$10$zeIVfQDopmzIyEMvv8Mh7OOfRMwqPZYPPHRjlpe0L96hRYZCOZvCS', NULL, NULL, NULL, 'MHqOIx0Mwc', NULL, NULL, '2023-07-15 05:36:04', '2023-07-15 05:36:04'),
	(5, 2, 'Carey Stracke', '64b23044527cfwweimann@example.net', '2023-07-15 05:36:04', '$2y$10$zeIVfQDopmzIyEMvv8Mh7OOfRMwqPZYPPHRjlpe0L96hRYZCOZvCS', NULL, NULL, NULL, 'D0ImlhwL0M', NULL, NULL, '2023-07-15 05:36:04', '2023-07-15 05:36:04'),
	(6, 2, 'Meggie Swift V', '64b2304452b54mayert.norris@example.com', '2023-07-15 05:36:04', '$2y$10$zeIVfQDopmzIyEMvv8Mh7OOfRMwqPZYPPHRjlpe0L96hRYZCOZvCS', NULL, NULL, NULL, '76nE3rgbjY', NULL, NULL, '2023-07-15 05:36:04', '2023-07-15 05:36:04'),
	(7, 2, 'Jodie Maggio', '64b2304452ed4pearlie12@example.com', '2023-07-15 05:36:04', '$2y$10$zeIVfQDopmzIyEMvv8Mh7OOfRMwqPZYPPHRjlpe0L96hRYZCOZvCS', NULL, NULL, NULL, 'YwFSNunCTp', NULL, NULL, '2023-07-15 05:36:04', '2023-07-15 05:36:04'),
	(8, 2, 'Jamel Dietrich', '64b2304453277hdubuque@example.net', '2023-07-15 05:36:04', '$2y$10$zeIVfQDopmzIyEMvv8Mh7OOfRMwqPZYPPHRjlpe0L96hRYZCOZvCS', NULL, NULL, NULL, '2KfDbMwi5S', NULL, NULL, '2023-07-15 05:36:04', '2023-07-15 05:36:04'),
	(9, 2, 'Giovani Tillman', '64b23044535c6laurel10@example.org', '2023-07-15 05:36:04', '$2y$10$zeIVfQDopmzIyEMvv8Mh7OOfRMwqPZYPPHRjlpe0L96hRYZCOZvCS', NULL, NULL, NULL, 'zGFR4DEjrw', NULL, NULL, '2023-07-15 05:36:04', '2023-07-15 05:36:04'),
	(10, 2, 'April Bechtelar', '64b230445391fhyatt.kiara@example.net', '2023-07-15 05:36:04', '$2y$10$zeIVfQDopmzIyEMvv8Mh7OOfRMwqPZYPPHRjlpe0L96hRYZCOZvCS', NULL, NULL, NULL, 'e4UJ1dQCrA', NULL, NULL, '2023-07-15 05:36:04', '2023-07-15 05:36:04'),
	(11, 4, 'Reid Becker', '64b2304453c68shields.bria@example.com', '2023-07-15 05:36:04', '$2y$10$zeIVfQDopmzIyEMvv8Mh7OOfRMwqPZYPPHRjlpe0L96hRYZCOZvCS', NULL, NULL, NULL, 'u1bxC0fqmn', NULL, NULL, '2023-07-15 05:36:04', '2023-07-15 05:36:04'),
	(12, 4, 'Ms. Jacinthe Ruecker', '64b2304454051heller.charlene@example.com', '2023-07-15 05:36:04', '$2y$10$zeIVfQDopmzIyEMvv8Mh7OOfRMwqPZYPPHRjlpe0L96hRYZCOZvCS', NULL, NULL, NULL, 'v7Z6MdG2qG', NULL, NULL, '2023-07-15 05:36:04', '2023-07-15 05:36:04'),
	(13, 4, 'Prof. Brianne Johns III', '64b23044544bbchrista98@example.org', '2023-07-15 05:36:04', '$2y$10$zeIVfQDopmzIyEMvv8Mh7OOfRMwqPZYPPHRjlpe0L96hRYZCOZvCS', NULL, NULL, NULL, 'fZbQXEkOkG', NULL, NULL, '2023-07-15 05:36:04', '2023-07-15 05:36:04'),
	(14, 4, 'Freda Marquardt', '64b2304454853winnifred.mraz@example.com', '2023-07-15 05:36:04', '$2y$10$zeIVfQDopmzIyEMvv8Mh7OOfRMwqPZYPPHRjlpe0L96hRYZCOZvCS', NULL, NULL, NULL, '5dafvQZeyR', NULL, NULL, '2023-07-15 05:36:04', '2023-07-15 05:36:04'),
	(15, 3, 'Raphael Hane', '64b2304454bbcwilla.breitenberg@example.com', '2023-07-15 05:36:04', '$2y$10$zeIVfQDopmzIyEMvv8Mh7OOfRMwqPZYPPHRjlpe0L96hRYZCOZvCS', NULL, NULL, NULL, 'X2p21cgE7I', NULL, NULL, '2023-07-15 05:36:04', '2023-07-15 05:36:04'),
	(16, 3, 'Prof. Eli Hartmann DVM', '64b2304454f1clonie85@example.org', '2023-07-15 05:36:04', '$2y$10$zeIVfQDopmzIyEMvv8Mh7OOfRMwqPZYPPHRjlpe0L96hRYZCOZvCS', NULL, NULL, NULL, 'ZtKhBoLQjg', NULL, NULL, '2023-07-15 05:36:04', '2023-07-15 05:36:04'),
	(17, 4, 'Cullen Reynolds', '64b2304455280hgraham@example.com', '2023-07-15 05:36:04', '$2y$10$zeIVfQDopmzIyEMvv8Mh7OOfRMwqPZYPPHRjlpe0L96hRYZCOZvCS', NULL, NULL, NULL, 'pFKaXS76eY', NULL, NULL, '2023-07-15 05:36:04', '2023-07-15 05:36:04'),
	(18, 4, 'Kacie Roob', '64b23044555celukas.mosciski@example.org', '2023-07-15 05:36:04', '$2y$10$zeIVfQDopmzIyEMvv8Mh7OOfRMwqPZYPPHRjlpe0L96hRYZCOZvCS', NULL, NULL, NULL, 'afWq9WvzW5', NULL, NULL, '2023-07-15 05:36:04', '2023-07-15 05:36:04'),
	(19, 3, 'Dr. Keyshawn Tillman', '64b2304455938xhomenick@example.org', '2023-07-15 05:36:04', '$2y$10$zeIVfQDopmzIyEMvv8Mh7OOfRMwqPZYPPHRjlpe0L96hRYZCOZvCS', NULL, NULL, NULL, 'QW5FY2vke3', NULL, NULL, '2023-07-15 05:36:04', '2023-07-15 05:36:04'),
	(20, 3, 'Chaya Vandervort', '64b2304455c89ccasper@example.net', '2023-07-15 05:36:04', '$2y$10$zeIVfQDopmzIyEMvv8Mh7OOfRMwqPZYPPHRjlpe0L96hRYZCOZvCS', NULL, NULL, NULL, 'YOglkZPnrB', NULL, NULL, '2023-07-15 05:36:04', '2023-07-15 05:36:04'),
	(21, 3, 'Ms. Janice Heathcote', '64b2304455fefvalentina.mcclure@example.net', '2023-07-15 05:36:04', '$2y$10$zeIVfQDopmzIyEMvv8Mh7OOfRMwqPZYPPHRjlpe0L96hRYZCOZvCS', NULL, NULL, NULL, '88nO3ZRjQt', NULL, NULL, '2023-07-15 05:36:04', '2023-07-15 05:36:04'),
	(22, 3, 'Dr. Trever Fahey Jr.', '64b2304456361lritchie@example.org', '2023-07-15 05:36:04', '$2y$10$zeIVfQDopmzIyEMvv8Mh7OOfRMwqPZYPPHRjlpe0L96hRYZCOZvCS', NULL, NULL, NULL, 'yaSUXWjYSr', NULL, NULL, '2023-07-15 05:36:04', '2023-07-15 05:36:04'),
	(23, 3, 'Prof. Jaden Blanda', '64b23044566b9qborer@example.org', '2023-07-15 05:36:04', '$2y$10$zeIVfQDopmzIyEMvv8Mh7OOfRMwqPZYPPHRjlpe0L96hRYZCOZvCS', NULL, NULL, NULL, 'w391CquKdk', NULL, NULL, '2023-07-15 05:36:04', '2023-07-15 05:36:04'),
	(24, 3, 'Miss Alexanne Fadel PhD', '64b23044569a8alexandrine.auer@example.org', '2023-07-15 05:36:04', '$2y$10$zeIVfQDopmzIyEMvv8Mh7OOfRMwqPZYPPHRjlpe0L96hRYZCOZvCS', NULL, NULL, NULL, 'BqXxZlCxa0', NULL, NULL, '2023-07-15 05:36:04', '2023-07-15 05:36:04'),
	(25, 3, 'Franco Harber', '64b2304456c7fjerod59@example.com', '2023-07-15 05:36:04', '$2y$10$zeIVfQDopmzIyEMvv8Mh7OOfRMwqPZYPPHRjlpe0L96hRYZCOZvCS', NULL, NULL, NULL, '0v6s6MC422', NULL, NULL, '2023-07-15 05:36:04', '2023-07-15 05:36:04'),
	(26, 4, 'Dr. Desiree Von DVM', '64b2304456f5athelma.becker@example.org', '2023-07-15 05:36:04', '$2y$10$zeIVfQDopmzIyEMvv8Mh7OOfRMwqPZYPPHRjlpe0L96hRYZCOZvCS', NULL, NULL, NULL, 'SL09RIObG5', NULL, NULL, '2023-07-15 05:36:04', '2023-07-15 05:36:04'),
	(27, 4, 'Dr. Afton Boehm', '64b230445722bcnikolaus@example.org', '2023-07-15 05:36:04', '$2y$10$zeIVfQDopmzIyEMvv8Mh7OOfRMwqPZYPPHRjlpe0L96hRYZCOZvCS', NULL, NULL, NULL, '84BTBpjjLg', NULL, NULL, '2023-07-15 05:36:04', '2023-07-15 05:36:04'),
	(28, 3, 'Federico Klein', '64b23044574eelueilwitz.alexa@example.com', '2023-07-15 05:36:04', '$2y$10$zeIVfQDopmzIyEMvv8Mh7OOfRMwqPZYPPHRjlpe0L96hRYZCOZvCS', NULL, NULL, NULL, 'w5GLXEsWFB', NULL, NULL, '2023-07-15 05:36:04', '2023-07-15 05:36:04'),
	(29, 4, 'Dasia Donnelly', '64b23044577bcstacy.stoltenberg@example.net', '2023-07-15 05:36:04', '$2y$10$zeIVfQDopmzIyEMvv8Mh7OOfRMwqPZYPPHRjlpe0L96hRYZCOZvCS', NULL, NULL, NULL, 'oGg4QvexPu', NULL, NULL, '2023-07-15 05:36:04', '2023-07-15 05:36:04'),
	(30, 4, 'Dr. Guido Schuster', '64b2304457a99funk.rosalinda@example.org', '2023-07-15 05:36:04', '$2y$10$zeIVfQDopmzIyEMvv8Mh7OOfRMwqPZYPPHRjlpe0L96hRYZCOZvCS', NULL, NULL, NULL, '0aEtbsWyKV', NULL, NULL, '2023-07-15 05:36:04', '2023-07-15 05:36:04'),
	(31, 3, 'Vivienne Zieme', '64b2304457d66prohaska.leonor@example.net', '2023-07-15 05:36:04', '$2y$10$zeIVfQDopmzIyEMvv8Mh7OOfRMwqPZYPPHRjlpe0L96hRYZCOZvCS', NULL, NULL, NULL, 'DJewyya4Ll', NULL, NULL, '2023-07-15 05:36:04', '2023-07-15 05:36:04'),
	(32, 4, 'Kendrick Connelly', '64b2304458081prosacco.kelsie@example.com', '2023-07-15 05:36:04', '$2y$10$zeIVfQDopmzIyEMvv8Mh7OOfRMwqPZYPPHRjlpe0L96hRYZCOZvCS', NULL, NULL, NULL, 'IBxSHDRVCo', NULL, NULL, '2023-07-15 05:36:04', '2023-07-15 05:36:04'),
	(33, 3, 'Lisette McKenzie', '64b2304458350luettgen.raphael@example.org', '2023-07-15 05:36:04', '$2y$10$zeIVfQDopmzIyEMvv8Mh7OOfRMwqPZYPPHRjlpe0L96hRYZCOZvCS', NULL, NULL, NULL, 'oIza3x11Cc', NULL, NULL, '2023-07-15 05:36:04', '2023-07-15 05:36:04'),
	(34, 4, 'Norma Powlowski', '64b230445861cvandervort.adrianna@example.net', '2023-07-15 05:36:04', '$2y$10$zeIVfQDopmzIyEMvv8Mh7OOfRMwqPZYPPHRjlpe0L96hRYZCOZvCS', NULL, NULL, NULL, 'D8eNJ1Ra3B', NULL, NULL, '2023-07-15 05:36:04', '2023-07-15 05:36:04'),
	(35, 3, 'Rhiannon Beahan III', '64b23044588f7howell.maya@example.net', '2023-07-15 05:36:04', '$2y$10$zeIVfQDopmzIyEMvv8Mh7OOfRMwqPZYPPHRjlpe0L96hRYZCOZvCS', NULL, NULL, NULL, 'vsjQoMcA7A', NULL, NULL, '2023-07-15 05:36:04', '2023-07-15 05:36:04'),
	(36, 3, 'Waino Hessel Sr.', '64b2304458bc7qbrown@example.net', '2023-07-15 05:36:04', '$2y$10$zeIVfQDopmzIyEMvv8Mh7OOfRMwqPZYPPHRjlpe0L96hRYZCOZvCS', NULL, NULL, NULL, 'mxrkbAzdVw', NULL, NULL, '2023-07-15 05:36:04', '2023-07-15 05:36:04'),
	(37, 4, 'Julien Rowe', '64b2304458e89halvorson.willard@example.org', '2023-07-15 05:36:04', '$2y$10$zeIVfQDopmzIyEMvv8Mh7OOfRMwqPZYPPHRjlpe0L96hRYZCOZvCS', NULL, NULL, NULL, '22r9Rg8tug', NULL, NULL, '2023-07-15 05:36:04', '2023-07-15 05:36:04'),
	(38, 4, 'Dock Gottlieb II', '64b2304459159vance67@example.org', '2023-07-15 05:36:04', '$2y$10$zeIVfQDopmzIyEMvv8Mh7OOfRMwqPZYPPHRjlpe0L96hRYZCOZvCS', NULL, NULL, NULL, 'c6KCSEUi4g', NULL, NULL, '2023-07-15 05:36:04', '2023-07-15 05:36:04'),
	(39, 3, 'Annamarie Lueilwitz', '64b2304459421gbarton@example.org', '2023-07-15 05:36:04', '$2y$10$zeIVfQDopmzIyEMvv8Mh7OOfRMwqPZYPPHRjlpe0L96hRYZCOZvCS', NULL, NULL, NULL, 'PLbM1VH7hE', NULL, NULL, '2023-07-15 05:36:04', '2023-07-15 05:36:04'),
	(40, 3, 'Lavinia Mohr', '64b23044596ebqtreutel@example.com', '2023-07-15 05:36:04', '$2y$10$zeIVfQDopmzIyEMvv8Mh7OOfRMwqPZYPPHRjlpe0L96hRYZCOZvCS', NULL, NULL, NULL, 'Q9JSy992JO', NULL, NULL, '2023-07-15 05:36:04', '2023-07-15 05:36:04'),
	(41, 3, 'Prof. Mallory West MD', '64b23044599belayne.pollich@example.net', '2023-07-15 05:36:04', '$2y$10$zeIVfQDopmzIyEMvv8Mh7OOfRMwqPZYPPHRjlpe0L96hRYZCOZvCS', NULL, NULL, NULL, 'QfhTF3ViEM', NULL, NULL, '2023-07-15 05:36:04', '2023-07-15 05:36:04'),
	(42, 4, 'Rigoberto Kris', '64b2304459c87collins.claudie@example.com', '2023-07-15 05:36:04', '$2y$10$zeIVfQDopmzIyEMvv8Mh7OOfRMwqPZYPPHRjlpe0L96hRYZCOZvCS', NULL, NULL, NULL, 'NteYk5LGps', NULL, NULL, '2023-07-15 05:36:04', '2023-07-15 05:36:04'),
	(43, 3, 'Arlo Raynor', '64b2304459f58jacobs.davin@example.com', '2023-07-15 05:36:04', '$2y$10$zeIVfQDopmzIyEMvv8Mh7OOfRMwqPZYPPHRjlpe0L96hRYZCOZvCS', NULL, NULL, NULL, 'lYrHCENHfw', NULL, NULL, '2023-07-15 05:36:04', '2023-07-15 05:36:04'),
	(44, 4, 'Dejah Block', '64b230445a228carmen95@example.org', '2023-07-15 05:36:04', '$2y$10$zeIVfQDopmzIyEMvv8Mh7OOfRMwqPZYPPHRjlpe0L96hRYZCOZvCS', NULL, NULL, NULL, 'OEDj6IwSzE', NULL, NULL, '2023-07-15 05:36:04', '2023-07-15 05:36:04'),
	(45, 4, 'Prof. Scottie Orn', '64b230445a50dmazie36@example.com', '2023-07-15 05:36:04', '$2y$10$zeIVfQDopmzIyEMvv8Mh7OOfRMwqPZYPPHRjlpe0L96hRYZCOZvCS', NULL, NULL, NULL, 'sIopgBSOql', NULL, NULL, '2023-07-15 05:36:04', '2023-07-15 05:36:04'),
	(46, 3, 'Garnet Sporer', '64b230445a7d8lessie.wyman@example.com', '2023-07-15 05:36:04', '$2y$10$zeIVfQDopmzIyEMvv8Mh7OOfRMwqPZYPPHRjlpe0L96hRYZCOZvCS', NULL, NULL, NULL, 'ZIsrJ68VLd', NULL, NULL, '2023-07-15 05:36:04', '2023-07-15 05:36:04'),
	(47, 4, 'Mr. Lawrence Dickens', '64b230445aaa4ignatius.lemke@example.com', '2023-07-15 05:36:04', '$2y$10$zeIVfQDopmzIyEMvv8Mh7OOfRMwqPZYPPHRjlpe0L96hRYZCOZvCS', NULL, NULL, NULL, 'bwFIWg1zd2', NULL, NULL, '2023-07-15 05:36:04', '2023-07-15 05:36:04'),
	(48, 3, 'Dr. Danielle Gutmann', '64b230445ad6dymraz@example.org', '2023-07-15 05:36:04', '$2y$10$zeIVfQDopmzIyEMvv8Mh7OOfRMwqPZYPPHRjlpe0L96hRYZCOZvCS', NULL, NULL, NULL, 'Spi1WbaOrc', NULL, NULL, '2023-07-15 05:36:04', '2023-07-15 05:36:04'),
	(49, 4, 'Leif Ondricka', '64b230445b029watson21@example.net', '2023-07-15 05:36:04', '$2y$10$zeIVfQDopmzIyEMvv8Mh7OOfRMwqPZYPPHRjlpe0L96hRYZCOZvCS', NULL, NULL, NULL, 'kPchhEv4VC', NULL, NULL, '2023-07-15 05:36:04', '2023-07-15 05:36:04'),
	(50, 3, 'Dr. Georgianna Willms', '64b230445b2f5bartoletti.keyon@example.com', '2023-07-15 05:36:04', '$2y$10$zeIVfQDopmzIyEMvv8Mh7OOfRMwqPZYPPHRjlpe0L96hRYZCOZvCS', NULL, NULL, NULL, 'otg6RJPt8J', NULL, NULL, '2023-07-15 05:36:04', '2023-07-15 05:36:04'),
	(51, 4, 'Eldon Luettgen', '64b230445b5b0jimmie20@example.net', '2023-07-15 05:36:04', '$2y$10$zeIVfQDopmzIyEMvv8Mh7OOfRMwqPZYPPHRjlpe0L96hRYZCOZvCS', NULL, NULL, NULL, '8MySoUSiKD', NULL, NULL, '2023-07-15 05:36:04', '2023-07-15 05:36:04'),
	(52, 3, 'Meghan Pagac', '64b230445b873sonny.champlin@example.net', '2023-07-15 05:36:04', '$2y$10$zeIVfQDopmzIyEMvv8Mh7OOfRMwqPZYPPHRjlpe0L96hRYZCOZvCS', NULL, NULL, NULL, 'nbf19kKkPW', NULL, NULL, '2023-07-15 05:36:04', '2023-07-15 05:36:04'),
	(53, 3, 'Myrtis Stokes', '64b230445bb3cfrederick.gleichner@example.com', '2023-07-15 05:36:04', '$2y$10$zeIVfQDopmzIyEMvv8Mh7OOfRMwqPZYPPHRjlpe0L96hRYZCOZvCS', NULL, NULL, NULL, 'fAuAhrYNE9', NULL, NULL, '2023-07-15 05:36:04', '2023-07-15 05:36:04'),
	(54, 3, 'Hazle Kreiger Sr.', '64b230445be0cbarton.greg@example.com', '2023-07-15 05:36:04', '$2y$10$zeIVfQDopmzIyEMvv8Mh7OOfRMwqPZYPPHRjlpe0L96hRYZCOZvCS', NULL, NULL, NULL, 'v6og0N6rFJ', NULL, NULL, '2023-07-15 05:36:04', '2023-07-15 05:36:04'),
	(55, 4, 'Adan Schmitt', '64b230445c0e2rsteuber@example.net', '2023-07-15 05:36:04', '$2y$10$zeIVfQDopmzIyEMvv8Mh7OOfRMwqPZYPPHRjlpe0L96hRYZCOZvCS', NULL, NULL, NULL, 'ZfpnSnJEoy', NULL, NULL, '2023-07-15 05:36:04', '2023-07-15 05:36:04'),
	(56, 3, 'Reyes Bernier', '64b230445c39dledner.bobby@example.net', '2023-07-15 05:36:04', '$2y$10$zeIVfQDopmzIyEMvv8Mh7OOfRMwqPZYPPHRjlpe0L96hRYZCOZvCS', NULL, NULL, NULL, 'Ur2bYWv4cL', NULL, NULL, '2023-07-15 05:36:04', '2023-07-15 05:36:04'),
	(57, 4, 'Dr. Casimir Casper', '64b230445c666jedediah.sauer@example.com', '2023-07-15 05:36:04', '$2y$10$zeIVfQDopmzIyEMvv8Mh7OOfRMwqPZYPPHRjlpe0L96hRYZCOZvCS', NULL, NULL, NULL, 'NGpFpGW4Wl', NULL, NULL, '2023-07-15 05:36:04', '2023-07-15 05:36:04'),
	(58, 4, 'Deion Kozey DVM', '64b230445c92clogan62@example.com', '2023-07-15 05:36:04', '$2y$10$zeIVfQDopmzIyEMvv8Mh7OOfRMwqPZYPPHRjlpe0L96hRYZCOZvCS', NULL, NULL, NULL, 'HaVzixgLuP', NULL, NULL, '2023-07-15 05:36:04', '2023-07-15 05:36:04'),
	(59, 3, 'Prof. Tierra Schulist IV', '64b230445cbfbskulas@example.net', '2023-07-15 05:36:04', '$2y$10$zeIVfQDopmzIyEMvv8Mh7OOfRMwqPZYPPHRjlpe0L96hRYZCOZvCS', NULL, NULL, NULL, 'VejM8X767D', NULL, NULL, '2023-07-15 05:36:04', '2023-07-15 05:36:04'),
	(60, 4, 'Ethan Rau PhD', '64b230445cec7darron32@example.com', '2023-07-15 05:36:04', '$2y$10$zeIVfQDopmzIyEMvv8Mh7OOfRMwqPZYPPHRjlpe0L96hRYZCOZvCS', NULL, NULL, NULL, 'YlMiIVdx6f', NULL, NULL, '2023-07-15 05:36:04', '2023-07-15 05:36:04'),
	(61, 4, 'Corrine Metz', '64b230445d18epercy.krajcik@example.com', '2023-07-15 05:36:04', '$2y$10$zeIVfQDopmzIyEMvv8Mh7OOfRMwqPZYPPHRjlpe0L96hRYZCOZvCS', NULL, NULL, NULL, 'OLxsq13klb', NULL, NULL, '2023-07-15 05:36:04', '2023-07-15 05:36:04'),
	(62, 3, 'Mallory Ruecker', '64b230445d455gail48@example.org', '2023-07-15 05:36:04', '$2y$10$zeIVfQDopmzIyEMvv8Mh7OOfRMwqPZYPPHRjlpe0L96hRYZCOZvCS', NULL, NULL, NULL, '7rgHTSSPJa', NULL, NULL, '2023-07-15 05:36:04', '2023-07-15 05:36:04'),
	(63, 4, 'Dr. Timmy Paucek V', '64b230445d732tchristiansen@example.net', '2023-07-15 05:36:04', '$2y$10$zeIVfQDopmzIyEMvv8Mh7OOfRMwqPZYPPHRjlpe0L96hRYZCOZvCS', NULL, NULL, NULL, 'm8mDqj0ZyS', NULL, NULL, '2023-07-15 05:36:04', '2023-07-15 05:36:04'),
	(64, 4, 'Michelle Williamson', '64b230445d9edkdibbert@example.com', '2023-07-15 05:36:04', '$2y$10$zeIVfQDopmzIyEMvv8Mh7OOfRMwqPZYPPHRjlpe0L96hRYZCOZvCS', NULL, NULL, NULL, 'yEMXZAMOOu', NULL, NULL, '2023-07-15 05:36:04', '2023-07-15 05:36:04'),
	(65, 4, 'Lance Dare', '64b230445dc9ddarlene.ryan@example.org', '2023-07-15 05:36:04', '$2y$10$zeIVfQDopmzIyEMvv8Mh7OOfRMwqPZYPPHRjlpe0L96hRYZCOZvCS', NULL, NULL, NULL, 'On26JgnKzt', NULL, NULL, '2023-07-15 05:36:04', '2023-07-15 05:36:04'),
	(66, 4, 'Arvilla Parker', '64b230445df4eterrence.marks@example.com', '2023-07-15 05:36:04', '$2y$10$zeIVfQDopmzIyEMvv8Mh7OOfRMwqPZYPPHRjlpe0L96hRYZCOZvCS', NULL, NULL, NULL, 'ejrAP48MAG', NULL, NULL, '2023-07-15 05:36:04', '2023-07-15 05:36:04'),
	(67, 3, 'Maureen Maggio', '64b230445e245freeda.rippin@example.org', '2023-07-15 05:36:04', '$2y$10$zeIVfQDopmzIyEMvv8Mh7OOfRMwqPZYPPHRjlpe0L96hRYZCOZvCS', NULL, NULL, NULL, 'fx6ZsNLfkz', NULL, NULL, '2023-07-15 05:36:04', '2023-07-15 05:36:04'),
	(68, 4, 'Neal Roob MD', '64b230445e547hwindler@example.net', '2023-07-15 05:36:04', '$2y$10$zeIVfQDopmzIyEMvv8Mh7OOfRMwqPZYPPHRjlpe0L96hRYZCOZvCS', NULL, NULL, NULL, '9ABK390ILi', NULL, NULL, '2023-07-15 05:36:04', '2023-07-15 05:36:04'),
	(69, 3, 'Crawford Crist V', '64b230445e820von.ocie@example.com', '2023-07-15 05:36:04', '$2y$10$zeIVfQDopmzIyEMvv8Mh7OOfRMwqPZYPPHRjlpe0L96hRYZCOZvCS', NULL, NULL, NULL, 'IYwYCs1Q9p', NULL, NULL, '2023-07-15 05:36:04', '2023-07-15 05:36:04'),
	(70, 4, 'Katrine Rosenbaum', '64b230445eae5keebler.chase@example.com', '2023-07-15 05:36:04', '$2y$10$zeIVfQDopmzIyEMvv8Mh7OOfRMwqPZYPPHRjlpe0L96hRYZCOZvCS', NULL, NULL, NULL, 'eaCJdkeCci', NULL, NULL, '2023-07-15 05:36:04', '2023-07-15 05:36:04'),
	(71, 3, 'Prof. Alexander Bergnaum MD', '64b230445edb3ukoepp@example.com', '2023-07-15 05:36:04', '$2y$10$zeIVfQDopmzIyEMvv8Mh7OOfRMwqPZYPPHRjlpe0L96hRYZCOZvCS', NULL, NULL, NULL, 'sKHKC3Ttpj', NULL, NULL, '2023-07-15 05:36:04', '2023-07-15 05:36:04'),
	(72, 3, 'Estella Hermann', '64b230445f06aqconnelly@example.net', '2023-07-15 05:36:04', '$2y$10$zeIVfQDopmzIyEMvv8Mh7OOfRMwqPZYPPHRjlpe0L96hRYZCOZvCS', NULL, NULL, NULL, 'oJBNOTHChH', NULL, NULL, '2023-07-15 05:36:04', '2023-07-15 05:36:04'),
	(73, 4, 'Mallie Morar', '64b230445f322hickle.gerry@example.net', '2023-07-15 05:36:04', '$2y$10$zeIVfQDopmzIyEMvv8Mh7OOfRMwqPZYPPHRjlpe0L96hRYZCOZvCS', NULL, NULL, NULL, 'WjLKoltDH1', NULL, NULL, '2023-07-15 05:36:04', '2023-07-15 05:36:04'),
	(74, 3, 'Stevie Stamm', '64b230445f5dfkirlin.beth@example.org', '2023-07-15 05:36:04', '$2y$10$zeIVfQDopmzIyEMvv8Mh7OOfRMwqPZYPPHRjlpe0L96hRYZCOZvCS', NULL, NULL, NULL, '1fFdrbDR7q', NULL, NULL, '2023-07-15 05:36:04', '2023-07-15 05:36:04'),
	(75, 3, 'Jakob Gulgowski', '64b230445f914travis67@example.org', '2023-07-15 05:36:04', '$2y$10$zeIVfQDopmzIyEMvv8Mh7OOfRMwqPZYPPHRjlpe0L96hRYZCOZvCS', NULL, NULL, NULL, '3qCZcK0jx8', NULL, NULL, '2023-07-15 05:36:04', '2023-07-15 05:36:04'),
	(76, 4, 'Mrs. Serenity Satterfield I', '64b230445fc72krajcik.skye@example.com', '2023-07-15 05:36:04', '$2y$10$zeIVfQDopmzIyEMvv8Mh7OOfRMwqPZYPPHRjlpe0L96hRYZCOZvCS', NULL, NULL, NULL, 'r5An0Ljyfk', NULL, NULL, '2023-07-15 05:36:04', '2023-07-15 05:36:04'),
	(77, 4, 'Dr. Manley Steuber I', '64b230445ff88sschoen@example.org', '2023-07-15 05:36:04', '$2y$10$zeIVfQDopmzIyEMvv8Mh7OOfRMwqPZYPPHRjlpe0L96hRYZCOZvCS', NULL, NULL, NULL, 'oLwEbLIKHY', NULL, NULL, '2023-07-15 05:36:04', '2023-07-15 05:36:04'),
	(78, 3, 'Ransom Littel', '64b2304460268gcollins@example.net', '2023-07-15 05:36:04', '$2y$10$zeIVfQDopmzIyEMvv8Mh7OOfRMwqPZYPPHRjlpe0L96hRYZCOZvCS', NULL, NULL, NULL, 'fhawLrTQXQ', NULL, NULL, '2023-07-15 05:36:04', '2023-07-15 05:36:04'),
	(79, 4, 'Elmo Hand', '64b230446053emyrtie.hartmann@example.com', '2023-07-15 05:36:04', '$2y$10$zeIVfQDopmzIyEMvv8Mh7OOfRMwqPZYPPHRjlpe0L96hRYZCOZvCS', NULL, NULL, NULL, 'XSYNAVnkoV', NULL, NULL, '2023-07-15 05:36:04', '2023-07-15 05:36:04'),
	(80, 4, 'Sidney Miller', '64b2304460818dwight55@example.net', '2023-07-15 05:36:04', '$2y$10$zeIVfQDopmzIyEMvv8Mh7OOfRMwqPZYPPHRjlpe0L96hRYZCOZvCS', NULL, NULL, NULL, 'y3zO5IiEjE', NULL, NULL, '2023-07-15 05:36:04', '2023-07-15 05:36:04'),
	(81, 3, 'Marcos Little', '64b2304460aecgrimes.nelda@example.org', '2023-07-15 05:36:04', '$2y$10$zeIVfQDopmzIyEMvv8Mh7OOfRMwqPZYPPHRjlpe0L96hRYZCOZvCS', NULL, NULL, NULL, 'aGuCRGaJUx', NULL, NULL, '2023-07-15 05:36:04', '2023-07-15 05:36:04'),
	(82, 3, 'Kenny Kessler', '64b2304460dc2sheldon93@example.org', '2023-07-15 05:36:04', '$2y$10$zeIVfQDopmzIyEMvv8Mh7OOfRMwqPZYPPHRjlpe0L96hRYZCOZvCS', NULL, NULL, NULL, 'GuLmSkoyei', NULL, NULL, '2023-07-15 05:36:04', '2023-07-15 05:36:04'),
	(83, 4, 'Nova Dietrich', '64b2304461099eleonore.littel@example.com', '2023-07-15 05:36:04', '$2y$10$zeIVfQDopmzIyEMvv8Mh7OOfRMwqPZYPPHRjlpe0L96hRYZCOZvCS', NULL, NULL, NULL, '4QfsDIPy1s', NULL, NULL, '2023-07-15 05:36:04', '2023-07-15 05:36:04'),
	(84, 4, 'Mervin Ankunding', '64b23044613b1uhane@example.com', '2023-07-15 05:36:04', '$2y$10$zeIVfQDopmzIyEMvv8Mh7OOfRMwqPZYPPHRjlpe0L96hRYZCOZvCS', NULL, NULL, NULL, 'UoOUeMS4B7', NULL, NULL, '2023-07-15 05:36:04', '2023-07-15 05:36:04'),
	(85, 3, 'Sabryna Mitchell', '64b2304461682rcarter@example.net', '2023-07-15 05:36:04', '$2y$10$zeIVfQDopmzIyEMvv8Mh7OOfRMwqPZYPPHRjlpe0L96hRYZCOZvCS', NULL, NULL, NULL, 'QcNvgDECRH', NULL, NULL, '2023-07-15 05:36:04', '2023-07-15 05:36:04'),
	(86, 3, 'Enoch Bechtelar IV', '64b2304461950berge.destinee@example.net', '2023-07-15 05:36:04', '$2y$10$zeIVfQDopmzIyEMvv8Mh7OOfRMwqPZYPPHRjlpe0L96hRYZCOZvCS', NULL, NULL, NULL, 'yffWVvRd8P', NULL, NULL, '2023-07-15 05:36:04', '2023-07-15 05:36:04'),
	(87, 4, 'Vallie Kunde', '64b2304461c1csigrid.kiehn@example.net', '2023-07-15 05:36:04', '$2y$10$zeIVfQDopmzIyEMvv8Mh7OOfRMwqPZYPPHRjlpe0L96hRYZCOZvCS', NULL, NULL, NULL, 'ZGrwVcUHP3', NULL, NULL, '2023-07-15 05:36:04', '2023-07-15 05:36:04'),
	(88, 3, 'Prof. Janick Emard PhD', '64b2304461f01hschowalter@example.org', '2023-07-15 05:36:04', '$2y$10$zeIVfQDopmzIyEMvv8Mh7OOfRMwqPZYPPHRjlpe0L96hRYZCOZvCS', NULL, NULL, NULL, 'v8lD6PBazK', NULL, NULL, '2023-07-15 05:36:04', '2023-07-15 05:36:04'),
	(89, 3, 'Dr. Fred Kohler Sr.', '64b2304462213rondricka@example.org', '2023-07-15 05:36:04', '$2y$10$zeIVfQDopmzIyEMvv8Mh7OOfRMwqPZYPPHRjlpe0L96hRYZCOZvCS', NULL, NULL, NULL, 'xMbpB8d6gD', NULL, NULL, '2023-07-15 05:36:04', '2023-07-15 05:36:04'),
	(90, 3, 'Sandra Schaefer V', '64b23044624ecdbailey@example.org', '2023-07-15 05:36:04', '$2y$10$zeIVfQDopmzIyEMvv8Mh7OOfRMwqPZYPPHRjlpe0L96hRYZCOZvCS', NULL, NULL, NULL, 'klDoMlLIKv', NULL, NULL, '2023-07-15 05:36:04', '2023-07-15 05:36:04'),
	(91, 4, 'Sedrick Will DVM', '64b23044627bawaelchi.woodrow@example.net', '2023-07-15 05:36:04', '$2y$10$zeIVfQDopmzIyEMvv8Mh7OOfRMwqPZYPPHRjlpe0L96hRYZCOZvCS', NULL, NULL, NULL, '6MIpPZENmK', NULL, NULL, '2023-07-15 05:36:04', '2023-07-15 05:36:04'),
	(92, 4, 'Mrs. Corrine Smitham PhD', '64b2304462a91hailee.hahn@example.com', '2023-07-15 05:36:04', '$2y$10$zeIVfQDopmzIyEMvv8Mh7OOfRMwqPZYPPHRjlpe0L96hRYZCOZvCS', NULL, NULL, NULL, '1JRurMyiNB', NULL, NULL, '2023-07-15 05:36:04', '2023-07-15 05:36:04'),
	(93, 3, 'Lavina Fadel', '64b2304462d5fkrajcik.garland@example.com', '2023-07-15 05:36:04', '$2y$10$zeIVfQDopmzIyEMvv8Mh7OOfRMwqPZYPPHRjlpe0L96hRYZCOZvCS', NULL, NULL, NULL, 'tCybLHz9g7', NULL, NULL, '2023-07-15 05:36:04', '2023-07-15 05:36:04'),
	(94, 3, 'Mrs. Danika Bradtke', '64b2304463021prosacco.ralph@example.org', '2023-07-15 05:36:04', '$2y$10$zeIVfQDopmzIyEMvv8Mh7OOfRMwqPZYPPHRjlpe0L96hRYZCOZvCS', NULL, NULL, NULL, '1ZiaViRruj', NULL, NULL, '2023-07-15 05:36:04', '2023-07-15 05:36:04'),
	(95, 3, 'Kendall McGlynn', '64b23044632edmacejkovic.marisol@example.org', '2023-07-15 05:36:04', '$2y$10$zeIVfQDopmzIyEMvv8Mh7OOfRMwqPZYPPHRjlpe0L96hRYZCOZvCS', NULL, NULL, NULL, 'vkqyz5dv8Y', NULL, NULL, '2023-07-15 05:36:04', '2023-07-15 05:36:04'),
	(96, 4, 'Shayna Kub', '64b23044635c5elvie.gerlach@example.com', '2023-07-15 05:36:04', '$2y$10$zeIVfQDopmzIyEMvv8Mh7OOfRMwqPZYPPHRjlpe0L96hRYZCOZvCS', NULL, NULL, NULL, 'M80nRQlkTr', NULL, NULL, '2023-07-15 05:36:04', '2023-07-15 05:36:04'),
	(97, 4, 'Franz Schultz', '64b23044638bereichert.briana@example.net', '2023-07-15 05:36:04', '$2y$10$zeIVfQDopmzIyEMvv8Mh7OOfRMwqPZYPPHRjlpe0L96hRYZCOZvCS', NULL, NULL, NULL, '3oe8REAs4J', NULL, NULL, '2023-07-15 05:36:04', '2023-07-15 05:36:04'),
	(98, 4, 'Doris Leffler', '64b2304463b9fharber.mallie@example.net', '2023-07-15 05:36:04', '$2y$10$zeIVfQDopmzIyEMvv8Mh7OOfRMwqPZYPPHRjlpe0L96hRYZCOZvCS', NULL, NULL, NULL, 'IqThQ7c0I3', NULL, NULL, '2023-07-15 05:36:04', '2023-07-15 05:36:04'),
	(99, 3, 'Marquis Terry', '64b2304463e62ybuckridge@example.org', '2023-07-15 05:36:04', '$2y$10$zeIVfQDopmzIyEMvv8Mh7OOfRMwqPZYPPHRjlpe0L96hRYZCOZvCS', NULL, NULL, NULL, 'ZfJqknsAha', NULL, NULL, '2023-07-15 05:36:04', '2023-07-15 05:36:04'),
	(100, 4, 'Mr. Kiel Nader', '64b2304464134sonny13@example.org', '2023-07-15 05:36:04', '$2y$10$zeIVfQDopmzIyEMvv8Mh7OOfRMwqPZYPPHRjlpe0L96hRYZCOZvCS', NULL, NULL, NULL, 'ZYeiALUnGF', NULL, NULL, '2023-07-15 05:36:04', '2023-07-15 05:36:04'),
	(101, 4, 'Dr. Dedric Larson IV', '64b2304464410iweissnat@example.org', '2023-07-15 05:36:04', '$2y$10$zeIVfQDopmzIyEMvv8Mh7OOfRMwqPZYPPHRjlpe0L96hRYZCOZvCS', NULL, NULL, NULL, 'qmGysAZvhz', NULL, NULL, '2023-07-15 05:36:04', '2023-07-15 05:36:04'),
	(102, 3, 'Casey Fay', '64b23044646d6dolores52@example.com', '2023-07-15 05:36:04', '$2y$10$zeIVfQDopmzIyEMvv8Mh7OOfRMwqPZYPPHRjlpe0L96hRYZCOZvCS', NULL, NULL, NULL, 'XM6I02hU2h', NULL, NULL, '2023-07-15 05:36:04', '2023-07-15 05:36:04'),
	(103, 3, 'Mr. Gaston Borer DVM', '64b23044649abtito.orn@example.com', '2023-07-15 05:36:04', '$2y$10$zeIVfQDopmzIyEMvv8Mh7OOfRMwqPZYPPHRjlpe0L96hRYZCOZvCS', NULL, NULL, NULL, 'wFDnXli2gZ', NULL, NULL, '2023-07-15 05:36:04', '2023-07-15 05:36:04'),
	(104, 3, 'Aubree Satterfield', '64b2304464c81asia68@example.com', '2023-07-15 05:36:04', '$2y$10$zeIVfQDopmzIyEMvv8Mh7OOfRMwqPZYPPHRjlpe0L96hRYZCOZvCS', NULL, NULL, NULL, 'tPzG6GsPR2', NULL, NULL, '2023-07-15 05:36:04', '2023-07-15 05:36:04'),
	(105, 3, 'Prof. Manley Carroll MD', '64b2304464f5axfarrell@example.com', '2023-07-15 05:36:04', '$2y$10$zeIVfQDopmzIyEMvv8Mh7OOfRMwqPZYPPHRjlpe0L96hRYZCOZvCS', NULL, NULL, NULL, 'z0DjzkkECT', NULL, NULL, '2023-07-15 05:36:04', '2023-07-15 05:36:04'),
	(106, 3, 'Coby Wehner', '64b2304465219jfadel@example.com', '2023-07-15 05:36:04', '$2y$10$zeIVfQDopmzIyEMvv8Mh7OOfRMwqPZYPPHRjlpe0L96hRYZCOZvCS', NULL, NULL, NULL, 'yZdrPk25SM', NULL, NULL, '2023-07-15 05:36:04', '2023-07-15 05:36:04'),
	(107, 4, 'Tristian Davis', '64b23044654dbbrionna.kub@example.org', '2023-07-15 05:36:04', '$2y$10$zeIVfQDopmzIyEMvv8Mh7OOfRMwqPZYPPHRjlpe0L96hRYZCOZvCS', NULL, NULL, NULL, 'GD1t3eFpKu', NULL, NULL, '2023-07-15 05:36:04', '2023-07-15 05:36:04'),
	(108, 3, 'Moshe Davis', '64b23044657a7kbrown@example.com', '2023-07-15 05:36:04', '$2y$10$zeIVfQDopmzIyEMvv8Mh7OOfRMwqPZYPPHRjlpe0L96hRYZCOZvCS', NULL, NULL, NULL, 'Ym2n0Nhj47', NULL, NULL, '2023-07-15 05:36:04', '2023-07-15 05:36:04'),
	(109, 4, 'Riley Ortiz', '64b2304465a68block.hoyt@example.org', '2023-07-15 05:36:04', '$2y$10$zeIVfQDopmzIyEMvv8Mh7OOfRMwqPZYPPHRjlpe0L96hRYZCOZvCS', NULL, NULL, NULL, '8Ai3qynrSJ', NULL, NULL, '2023-07-15 05:36:04', '2023-07-15 05:36:04'),
	(110, 3, 'Marcelina Schmitt', '64b2304465d32schumm.retha@example.com', '2023-07-15 05:36:04', '$2y$10$zeIVfQDopmzIyEMvv8Mh7OOfRMwqPZYPPHRjlpe0L96hRYZCOZvCS', NULL, NULL, NULL, 'wFceDe0GdY', NULL, NULL, '2023-07-15 05:36:04', '2023-07-15 05:36:04'),
	(111, 4, 'Emmet Stehr MD', '64b2304466012romaguera.warren@example.net', '2023-07-15 05:36:04', '$2y$10$zeIVfQDopmzIyEMvv8Mh7OOfRMwqPZYPPHRjlpe0L96hRYZCOZvCS', NULL, NULL, NULL, 'H7sxkdVnku', NULL, NULL, '2023-07-15 05:36:04', '2023-07-15 05:36:04'),
	(112, 3, 'Macie Glover', '64b2304466320era.nikolaus@example.org', '2023-07-15 05:36:04', '$2y$10$zeIVfQDopmzIyEMvv8Mh7OOfRMwqPZYPPHRjlpe0L96hRYZCOZvCS', NULL, NULL, NULL, 'NTPPwP8y9n', NULL, NULL, '2023-07-15 05:36:04', '2023-07-15 05:36:04'),
	(113, 3, 'Tommie Cummings', '64b230446666eherzog.brennon@example.net', '2023-07-15 05:36:04', '$2y$10$zeIVfQDopmzIyEMvv8Mh7OOfRMwqPZYPPHRjlpe0L96hRYZCOZvCS', NULL, NULL, NULL, '4M6f3bfPNI', NULL, NULL, '2023-07-15 05:36:04', '2023-07-15 05:36:04'),
	(114, 3, 'Shanel Pacocha', '64b230446696ctremblay.holden@example.com', '2023-07-15 05:36:04', '$2y$10$zeIVfQDopmzIyEMvv8Mh7OOfRMwqPZYPPHRjlpe0L96hRYZCOZvCS', NULL, NULL, NULL, 'sTib7auhuU', NULL, NULL, '2023-07-15 05:36:04', '2023-07-15 05:36:04'),
	(115, 4, 'Tracey Dare', '64b2304466c48tamia75@example.com', '2023-07-15 05:36:04', '$2y$10$zeIVfQDopmzIyEMvv8Mh7OOfRMwqPZYPPHRjlpe0L96hRYZCOZvCS', NULL, NULL, NULL, 'QTtRwUTG7x', NULL, NULL, '2023-07-15 05:36:04', '2023-07-15 05:36:04'),
	(116, 3, 'Dr. Deonte Berge', '64b2304466f1flane.keebler@example.org', '2023-07-15 05:36:04', '$2y$10$zeIVfQDopmzIyEMvv8Mh7OOfRMwqPZYPPHRjlpe0L96hRYZCOZvCS', NULL, NULL, NULL, 'b5iFOW15E2', NULL, NULL, '2023-07-15 05:36:04', '2023-07-15 05:36:04'),
	(117, 3, 'Raina Kerluke', '64b2304467219dhagenes@example.org', '2023-07-15 05:36:04', '$2y$10$zeIVfQDopmzIyEMvv8Mh7OOfRMwqPZYPPHRjlpe0L96hRYZCOZvCS', NULL, NULL, NULL, 'FX85XEj41f', NULL, NULL, '2023-07-15 05:36:04', '2023-07-15 05:36:04'),
	(118, 3, 'Jacinthe Russel', '64b2304467521jacobi.alison@example.com', '2023-07-15 05:36:04', '$2y$10$zeIVfQDopmzIyEMvv8Mh7OOfRMwqPZYPPHRjlpe0L96hRYZCOZvCS', NULL, NULL, NULL, 'O0fWzQlVBA', NULL, NULL, '2023-07-15 05:36:04', '2023-07-15 05:36:04'),
	(119, 3, 'Javon Mueller', '64b2304467858robb.miller@example.org', '2023-07-15 05:36:04', '$2y$10$zeIVfQDopmzIyEMvv8Mh7OOfRMwqPZYPPHRjlpe0L96hRYZCOZvCS', NULL, NULL, NULL, 'yR3kyIsqJF', NULL, NULL, '2023-07-15 05:36:04', '2023-07-15 05:36:04'),
	(120, 4, 'Cornelius Langosh', '64b2304467b6bkennith.hackett@example.net', '2023-07-15 05:36:04', '$2y$10$zeIVfQDopmzIyEMvv8Mh7OOfRMwqPZYPPHRjlpe0L96hRYZCOZvCS', NULL, NULL, NULL, '281yxIYd5v', NULL, NULL, '2023-07-15 05:36:04', '2023-07-15 05:36:04'),
	(121, 4, 'Ms. Alycia Kuhlman V', '64b2304467e9bnprice@example.org', '2023-07-15 05:36:04', '$2y$10$zeIVfQDopmzIyEMvv8Mh7OOfRMwqPZYPPHRjlpe0L96hRYZCOZvCS', NULL, NULL, NULL, 'ZT9BJ7BRqN', NULL, NULL, '2023-07-15 05:36:04', '2023-07-15 05:36:04'),
	(122, 4, 'Saul Lesch V', '64b23044681f2zoie.padberg@example.org', '2023-07-15 05:36:04', '$2y$10$zeIVfQDopmzIyEMvv8Mh7OOfRMwqPZYPPHRjlpe0L96hRYZCOZvCS', NULL, NULL, NULL, 'Fcq9MgofSj', NULL, NULL, '2023-07-15 05:36:04', '2023-07-15 05:36:04'),
	(123, 3, 'Prof. Demond Lakin', '64b2304468508amayert@example.net', '2023-07-15 05:36:04', '$2y$10$zeIVfQDopmzIyEMvv8Mh7OOfRMwqPZYPPHRjlpe0L96hRYZCOZvCS', NULL, NULL, NULL, 'JiApxBsUW3', NULL, NULL, '2023-07-15 05:36:04', '2023-07-15 05:36:04'),
	(124, 3, 'Zoie Swaniawski', '64b23044687dbgreenholt.clementine@example.org', '2023-07-15 05:36:04', '$2y$10$zeIVfQDopmzIyEMvv8Mh7OOfRMwqPZYPPHRjlpe0L96hRYZCOZvCS', NULL, NULL, NULL, 'C5KToFfsmJ', NULL, NULL, '2023-07-15 05:36:04', '2023-07-15 05:36:04'),
	(125, 3, 'Peggie Jast', '64b2304468ab7waino90@example.com', '2023-07-15 05:36:04', '$2y$10$zeIVfQDopmzIyEMvv8Mh7OOfRMwqPZYPPHRjlpe0L96hRYZCOZvCS', NULL, NULL, NULL, 'SQQHwJ56ua', NULL, NULL, '2023-07-15 05:36:04', '2023-07-15 05:36:04'),
	(126, 4, 'Emilia Hand DDS', '64b2304468d8blleffler@example.org', '2023-07-15 05:36:04', '$2y$10$zeIVfQDopmzIyEMvv8Mh7OOfRMwqPZYPPHRjlpe0L96hRYZCOZvCS', NULL, NULL, NULL, 'ikY5QcP5hu', NULL, NULL, '2023-07-15 05:36:04', '2023-07-15 05:36:04'),
	(127, 4, 'Shaniya Franecki', '64b2304469060kali12@example.com', '2023-07-15 05:36:04', '$2y$10$zeIVfQDopmzIyEMvv8Mh7OOfRMwqPZYPPHRjlpe0L96hRYZCOZvCS', NULL, NULL, NULL, 'QE9WOvB2h3', NULL, NULL, '2023-07-15 05:36:04', '2023-07-15 05:36:04'),
	(128, 4, 'Gabriella Effertz', '64b230446932cheathcote.arlo@example.net', '2023-07-15 05:36:04', '$2y$10$zeIVfQDopmzIyEMvv8Mh7OOfRMwqPZYPPHRjlpe0L96hRYZCOZvCS', NULL, NULL, NULL, 'e1Gp3borae', NULL, NULL, '2023-07-15 05:36:04', '2023-07-15 05:36:04'),
	(129, 4, 'Loy Schowalter', '64b2304469602shanny.runolfsson@example.net', '2023-07-15 05:36:04', '$2y$10$zeIVfQDopmzIyEMvv8Mh7OOfRMwqPZYPPHRjlpe0L96hRYZCOZvCS', NULL, NULL, NULL, 'EXS8SVbEYe', NULL, NULL, '2023-07-15 05:36:04', '2023-07-15 05:36:04'),
	(130, 3, 'Rebeca Schuster', '64b23044698d1pierre.purdy@example.net', '2023-07-15 05:36:04', '$2y$10$zeIVfQDopmzIyEMvv8Mh7OOfRMwqPZYPPHRjlpe0L96hRYZCOZvCS', NULL, NULL, NULL, 'FAeswxLL4R', NULL, NULL, '2023-07-15 05:36:04', '2023-07-15 05:36:04'),
	(131, 3, 'Fermin Kirlin III', '64b2304469b9ewalsh.estell@example.com', '2023-07-15 05:36:04', '$2y$10$zeIVfQDopmzIyEMvv8Mh7OOfRMwqPZYPPHRjlpe0L96hRYZCOZvCS', NULL, NULL, NULL, 'hEF0hPuFAx', NULL, NULL, '2023-07-15 05:36:04', '2023-07-15 05:36:04'),
	(132, 4, 'Trent Towne IV', '64b2304469e60nrath@example.com', '2023-07-15 05:36:04', '$2y$10$zeIVfQDopmzIyEMvv8Mh7OOfRMwqPZYPPHRjlpe0L96hRYZCOZvCS', NULL, NULL, NULL, 'k5WX1KVWxH', NULL, NULL, '2023-07-15 05:36:04', '2023-07-15 05:36:04'),
	(133, 3, 'Dr. Alfonzo Halvorson V', '64b230446a11amorar.dana@example.com', '2023-07-15 05:36:04', '$2y$10$zeIVfQDopmzIyEMvv8Mh7OOfRMwqPZYPPHRjlpe0L96hRYZCOZvCS', NULL, NULL, NULL, 'uF11R7fqgo', NULL, NULL, '2023-07-15 05:36:04', '2023-07-15 05:36:04'),
	(134, 3, 'Kirk Schimmel', '64b230446a3ebschaefer.heath@example.net', '2023-07-15 05:36:04', '$2y$10$zeIVfQDopmzIyEMvv8Mh7OOfRMwqPZYPPHRjlpe0L96hRYZCOZvCS', NULL, NULL, NULL, 'TPxMvfNjyd', NULL, NULL, '2023-07-15 05:36:04', '2023-07-15 05:36:04'),
	(135, 3, 'Sydney Ratke', '64b230446a78fjaylan37@example.org', '2023-07-15 05:36:04', '$2y$10$zeIVfQDopmzIyEMvv8Mh7OOfRMwqPZYPPHRjlpe0L96hRYZCOZvCS', NULL, NULL, NULL, '61vVB4mFY9', NULL, NULL, '2023-07-15 05:36:04', '2023-07-15 05:36:04'),
	(136, 3, 'Dr. Weston Schneider', '64b230446aa7aagnes.lemke@example.com', '2023-07-15 05:36:04', '$2y$10$zeIVfQDopmzIyEMvv8Mh7OOfRMwqPZYPPHRjlpe0L96hRYZCOZvCS', NULL, NULL, NULL, 'zytPoMECDP', NULL, NULL, '2023-07-15 05:36:04', '2023-07-15 05:36:04'),
	(137, 3, 'Mr. Neil Boyer PhD', '64b230446ad4fharvey.carlos@example.com', '2023-07-15 05:36:04', '$2y$10$zeIVfQDopmzIyEMvv8Mh7OOfRMwqPZYPPHRjlpe0L96hRYZCOZvCS', NULL, NULL, NULL, 'Avc3PgU5wm', NULL, NULL, '2023-07-15 05:36:04', '2023-07-15 05:36:04'),
	(138, 4, 'Emmett Jerde', '64b230446b17dbernhard.scot@example.org', '2023-07-15 05:36:04', '$2y$10$zeIVfQDopmzIyEMvv8Mh7OOfRMwqPZYPPHRjlpe0L96hRYZCOZvCS', NULL, NULL, NULL, 'F3qMM7sMBF', NULL, NULL, '2023-07-15 05:36:04', '2023-07-15 05:36:04'),
	(139, 3, 'Mrs. Jayne Little', '64b230446b6d5monroe.kshlerin@example.com', '2023-07-15 05:36:04', '$2y$10$zeIVfQDopmzIyEMvv8Mh7OOfRMwqPZYPPHRjlpe0L96hRYZCOZvCS', NULL, NULL, NULL, 'iKROjBJ2y4', NULL, NULL, '2023-07-15 05:36:04', '2023-07-15 05:36:04'),
	(140, 4, 'Guadalupe Wisoky', '64b230446bb42mason58@example.net', '2023-07-15 05:36:04', '$2y$10$zeIVfQDopmzIyEMvv8Mh7OOfRMwqPZYPPHRjlpe0L96hRYZCOZvCS', NULL, NULL, NULL, 'FDqFnQDFO8', NULL, NULL, '2023-07-15 05:36:04', '2023-07-15 05:36:04'),
	(141, 3, 'Emmitt Walter IV', '64b230446bef4joannie68@example.net', '2023-07-15 05:36:04', '$2y$10$zeIVfQDopmzIyEMvv8Mh7OOfRMwqPZYPPHRjlpe0L96hRYZCOZvCS', NULL, NULL, NULL, 'glHOSVCoC1', NULL, NULL, '2023-07-15 05:36:04', '2023-07-15 05:36:04'),
	(142, 4, 'Dr. Reymundo Daniel I', '64b230446c228hintz.amelie@example.org', '2023-07-15 05:36:04', '$2y$10$zeIVfQDopmzIyEMvv8Mh7OOfRMwqPZYPPHRjlpe0L96hRYZCOZvCS', NULL, NULL, NULL, 'OYvCVInqF0', NULL, NULL, '2023-07-15 05:36:04', '2023-07-15 05:36:04'),
	(143, 3, 'Delphia Gleason', '64b230446c520dare.gino@example.org', '2023-07-15 05:36:04', '$2y$10$zeIVfQDopmzIyEMvv8Mh7OOfRMwqPZYPPHRjlpe0L96hRYZCOZvCS', NULL, NULL, NULL, 'HacaRS9ppP', NULL, NULL, '2023-07-15 05:36:04', '2023-07-15 05:36:04'),
	(144, 3, 'Adolphus Metz PhD', '64b230446c82fquincy.cummerata@example.net', '2023-07-15 05:36:04', '$2y$10$zeIVfQDopmzIyEMvv8Mh7OOfRMwqPZYPPHRjlpe0L96hRYZCOZvCS', NULL, NULL, NULL, 't3DAm7oumH', NULL, NULL, '2023-07-15 05:36:04', '2023-07-15 05:36:04'),
	(145, 4, 'Jaylen Stiedemann', '64b230446cb41paucek.marcella@example.org', '2023-07-15 05:36:04', '$2y$10$zeIVfQDopmzIyEMvv8Mh7OOfRMwqPZYPPHRjlpe0L96hRYZCOZvCS', NULL, NULL, NULL, 'B9PRGUeiTF', NULL, NULL, '2023-07-15 05:36:04', '2023-07-15 05:36:04'),
	(146, 4, 'Santiago Vandervort', '64b230446ce4cgeorgette06@example.org', '2023-07-15 05:36:04', '$2y$10$zeIVfQDopmzIyEMvv8Mh7OOfRMwqPZYPPHRjlpe0L96hRYZCOZvCS', NULL, NULL, NULL, 'P9zByQyW2j', NULL, NULL, '2023-07-15 05:36:04', '2023-07-15 05:36:04'),
	(147, 4, 'Jermain Ryan DDS', '64b230446d166srosenbaum@example.net', '2023-07-15 05:36:04', '$2y$10$zeIVfQDopmzIyEMvv8Mh7OOfRMwqPZYPPHRjlpe0L96hRYZCOZvCS', NULL, NULL, NULL, 'Y5KrD6tq9Z', NULL, NULL, '2023-07-15 05:36:04', '2023-07-15 05:36:04'),
	(148, 3, 'Lenny Stracke', '64b230446d469yolanda86@example.com', '2023-07-15 05:36:04', '$2y$10$zeIVfQDopmzIyEMvv8Mh7OOfRMwqPZYPPHRjlpe0L96hRYZCOZvCS', NULL, NULL, NULL, 'RNwsl3pzh7', NULL, NULL, '2023-07-15 05:36:04', '2023-07-15 05:36:04'),
	(149, 3, 'Delpha Kassulke', '64b230446d76emante.junior@example.com', '2023-07-15 05:36:04', '$2y$10$zeIVfQDopmzIyEMvv8Mh7OOfRMwqPZYPPHRjlpe0L96hRYZCOZvCS', NULL, NULL, NULL, 'VacWPh2ZuD', NULL, NULL, '2023-07-15 05:36:04', '2023-07-15 05:36:04'),
	(150, 3, 'Mr. Emiliano Tromp', '64b230446da4ftod.jacobi@example.com', '2023-07-15 05:36:04', '$2y$10$zeIVfQDopmzIyEMvv8Mh7OOfRMwqPZYPPHRjlpe0L96hRYZCOZvCS', NULL, NULL, NULL, 'LEEHNWGR2y', NULL, NULL, '2023-07-15 05:36:04', '2023-07-15 05:36:04'),
	(151, 4, 'Miracle Schuppe DDS', '64b230446dd24gutmann.sarai@example.com', '2023-07-15 05:36:04', '$2y$10$zeIVfQDopmzIyEMvv8Mh7OOfRMwqPZYPPHRjlpe0L96hRYZCOZvCS', NULL, NULL, NULL, 'NiD8anWtT3', NULL, NULL, '2023-07-15 05:36:04', '2023-07-15 05:36:04'),
	(152, 4, 'Prof. Theo Carroll', '64b230446e001pablo.bogisich@example.org', '2023-07-15 05:36:04', '$2y$10$zeIVfQDopmzIyEMvv8Mh7OOfRMwqPZYPPHRjlpe0L96hRYZCOZvCS', NULL, NULL, NULL, 'kpWxP66yYj', NULL, NULL, '2023-07-15 05:36:04', '2023-07-15 05:36:04'),
	(153, 4, 'Ms. Britney Little', '64b230446e2cfborer.reginald@example.com', '2023-07-15 05:36:04', '$2y$10$zeIVfQDopmzIyEMvv8Mh7OOfRMwqPZYPPHRjlpe0L96hRYZCOZvCS', NULL, NULL, NULL, 'KGRF7KIp19', NULL, NULL, '2023-07-15 05:36:04', '2023-07-15 05:36:04'),
	(154, 4, 'Yolanda Kozey', '64b230446e63dtdaugherty@example.com', '2023-07-15 05:36:04', '$2y$10$zeIVfQDopmzIyEMvv8Mh7OOfRMwqPZYPPHRjlpe0L96hRYZCOZvCS', NULL, NULL, NULL, '5K2DNyyXY8', NULL, NULL, '2023-07-15 05:36:04', '2023-07-15 05:36:04'),
	(155, 4, 'Ms. Yasmin Stroman MD', '64b230446eb44kberge@example.org', '2023-07-15 05:36:04', '$2y$10$zeIVfQDopmzIyEMvv8Mh7OOfRMwqPZYPPHRjlpe0L96hRYZCOZvCS', NULL, NULL, NULL, 'TsZGCUIe5p', NULL, NULL, '2023-07-15 05:36:04', '2023-07-15 05:36:04'),
	(156, 4, 'Nelda Hermiston', '64b230446ee81aubrey.toy@example.org', '2023-07-15 05:36:04', '$2y$10$zeIVfQDopmzIyEMvv8Mh7OOfRMwqPZYPPHRjlpe0L96hRYZCOZvCS', NULL, NULL, NULL, 'IhCRZw6poj', NULL, NULL, '2023-07-15 05:36:04', '2023-07-15 05:36:04'),
	(157, 3, 'Jaiden Bernhard', '64b230446f178feil.yessenia@example.net', '2023-07-15 05:36:04', '$2y$10$zeIVfQDopmzIyEMvv8Mh7OOfRMwqPZYPPHRjlpe0L96hRYZCOZvCS', NULL, NULL, NULL, 'nmx4NkySci', NULL, NULL, '2023-07-15 05:36:04', '2023-07-15 05:36:04'),
	(158, 4, 'Toby McDermott', '64b230446f44draynor.felicity@example.org', '2023-07-15 05:36:04', '$2y$10$zeIVfQDopmzIyEMvv8Mh7OOfRMwqPZYPPHRjlpe0L96hRYZCOZvCS', NULL, NULL, NULL, 'ieSmUkCtB8', NULL, NULL, '2023-07-15 05:36:04', '2023-07-15 05:36:04'),
	(159, 4, 'Mark Stracke PhD', '64b230446f71djameson97@example.org', '2023-07-15 05:36:04', '$2y$10$zeIVfQDopmzIyEMvv8Mh7OOfRMwqPZYPPHRjlpe0L96hRYZCOZvCS', NULL, NULL, NULL, '4UaNMq9SXH', NULL, NULL, '2023-07-15 05:36:04', '2023-07-15 05:36:04'),
	(160, 3, 'Prof. Luther Nienow PhD', '64b230446f9fcbthiel@example.com', '2023-07-15 05:36:04', '$2y$10$zeIVfQDopmzIyEMvv8Mh7OOfRMwqPZYPPHRjlpe0L96hRYZCOZvCS', NULL, NULL, NULL, 'F8s6MY9F9n', NULL, NULL, '2023-07-15 05:36:04', '2023-07-15 05:36:04'),
	(161, 3, 'Braden Boyle PhD', '64b230446fcc3xmccullough@example.net', '2023-07-15 05:36:04', '$2y$10$zeIVfQDopmzIyEMvv8Mh7OOfRMwqPZYPPHRjlpe0L96hRYZCOZvCS', NULL, NULL, NULL, '7W33W8fYyw', NULL, NULL, '2023-07-15 05:36:04', '2023-07-15 05:36:04'),
	(162, 4, 'Moriah Eichmann', '64b230446ff91kolby.hane@example.com', '2023-07-15 05:36:04', '$2y$10$zeIVfQDopmzIyEMvv8Mh7OOfRMwqPZYPPHRjlpe0L96hRYZCOZvCS', NULL, NULL, NULL, 'I5uQH6tf6y', NULL, NULL, '2023-07-15 05:36:04', '2023-07-15 05:36:04'),
	(163, 3, 'Tyra Terry', '64b230447025disac.nienow@example.org', '2023-07-15 05:36:04', '$2y$10$zeIVfQDopmzIyEMvv8Mh7OOfRMwqPZYPPHRjlpe0L96hRYZCOZvCS', NULL, NULL, NULL, 'UNu8HlE154', NULL, NULL, '2023-07-15 05:36:04', '2023-07-15 05:36:04'),
	(164, 4, 'Thalia Gaylord', '64b2304470524ureinger@example.net', '2023-07-15 05:36:04', '$2y$10$zeIVfQDopmzIyEMvv8Mh7OOfRMwqPZYPPHRjlpe0L96hRYZCOZvCS', NULL, NULL, NULL, 'DATSe3lsGy', NULL, NULL, '2023-07-15 05:36:04', '2023-07-15 05:36:04'),
	(165, 4, 'Mr. Paolo Zulauf', '64b23044707dbkeven20@example.com', '2023-07-15 05:36:04', '$2y$10$zeIVfQDopmzIyEMvv8Mh7OOfRMwqPZYPPHRjlpe0L96hRYZCOZvCS', NULL, NULL, NULL, 'sxbkYubqNX', NULL, NULL, '2023-07-15 05:36:04', '2023-07-15 05:36:04'),
	(166, 4, 'Twila Sporer PhD', '64b2304470aa4mrussel@example.com', '2023-07-15 05:36:04', '$2y$10$zeIVfQDopmzIyEMvv8Mh7OOfRMwqPZYPPHRjlpe0L96hRYZCOZvCS', NULL, NULL, NULL, '2mj247v6iq', NULL, NULL, '2023-07-15 05:36:04', '2023-07-15 05:36:04'),
	(167, 3, 'Prof. Donavon McGlynn', '64b2304470d72gibson.darryl@example.org', '2023-07-15 05:36:04', '$2y$10$zeIVfQDopmzIyEMvv8Mh7OOfRMwqPZYPPHRjlpe0L96hRYZCOZvCS', NULL, NULL, NULL, '8bQKewNvp7', NULL, NULL, '2023-07-15 05:36:04', '2023-07-15 05:36:04'),
	(168, 3, 'Naomi Emard', '64b230447103azwest@example.org', '2023-07-15 05:36:04', '$2y$10$zeIVfQDopmzIyEMvv8Mh7OOfRMwqPZYPPHRjlpe0L96hRYZCOZvCS', NULL, NULL, NULL, 'vr88yc9VwA', NULL, NULL, '2023-07-15 05:36:04', '2023-07-15 05:36:04'),
	(169, 4, 'Jeremie Deckow', '64b23044712f4eschowalter@example.net', '2023-07-15 05:36:04', '$2y$10$zeIVfQDopmzIyEMvv8Mh7OOfRMwqPZYPPHRjlpe0L96hRYZCOZvCS', NULL, NULL, NULL, 'vA0bv2vTza', NULL, NULL, '2023-07-15 05:36:04', '2023-07-15 05:36:04'),
	(170, 3, 'Casper Crona', '64b23044715b0becker.felton@example.org', '2023-07-15 05:36:04', '$2y$10$zeIVfQDopmzIyEMvv8Mh7OOfRMwqPZYPPHRjlpe0L96hRYZCOZvCS', NULL, NULL, NULL, 'EzH1FmNPbu', NULL, NULL, '2023-07-15 05:36:04', '2023-07-15 05:36:04'),
	(171, 4, 'Aaliyah Donnelly', '64b2304471882theidenreich@example.org', '2023-07-15 05:36:04', '$2y$10$zeIVfQDopmzIyEMvv8Mh7OOfRMwqPZYPPHRjlpe0L96hRYZCOZvCS', NULL, NULL, NULL, 'k2f2eMXFex', NULL, NULL, '2023-07-15 05:36:04', '2023-07-15 05:36:04'),
	(172, 3, 'Prof. Milton Weissnat Jr.', '64b2304471b4celinore34@example.net', '2023-07-15 05:36:04', '$2y$10$zeIVfQDopmzIyEMvv8Mh7OOfRMwqPZYPPHRjlpe0L96hRYZCOZvCS', NULL, NULL, NULL, 'Idjhmkq4Mp', NULL, NULL, '2023-07-15 05:36:04', '2023-07-15 05:36:04'),
	(173, 3, 'Mrs. Elva Connelly Jr.', '64b2304471e1dofelia13@example.org', '2023-07-15 05:36:04', '$2y$10$zeIVfQDopmzIyEMvv8Mh7OOfRMwqPZYPPHRjlpe0L96hRYZCOZvCS', NULL, NULL, NULL, 'Ca2hkbeEvy', NULL, NULL, '2023-07-15 05:36:04', '2023-07-15 05:36:04'),
	(174, 4, 'Camren Thiel', '64b23044720e4lonie.prohaska@example.net', '2023-07-15 05:36:04', '$2y$10$zeIVfQDopmzIyEMvv8Mh7OOfRMwqPZYPPHRjlpe0L96hRYZCOZvCS', NULL, NULL, NULL, 'n5IFSHvljJ', NULL, NULL, '2023-07-15 05:36:04', '2023-07-15 05:36:04'),
	(175, 4, 'Aurore Funk', '64b23044723actina.purdy@example.org', '2023-07-15 05:36:04', '$2y$10$zeIVfQDopmzIyEMvv8Mh7OOfRMwqPZYPPHRjlpe0L96hRYZCOZvCS', NULL, NULL, NULL, 'EcdQjadwsY', NULL, NULL, '2023-07-15 05:36:04', '2023-07-15 05:36:04'),
	(176, 3, 'Prof. Keeley Gulgowski Sr.', '64b23044726e1teresa.bernier@example.com', '2023-07-15 05:36:04', '$2y$10$zeIVfQDopmzIyEMvv8Mh7OOfRMwqPZYPPHRjlpe0L96hRYZCOZvCS', NULL, NULL, NULL, 'FERUjF6cRr', NULL, NULL, '2023-07-15 05:36:04', '2023-07-15 05:36:04'),
	(177, 4, 'Dr. Leta Mayer', '64b2304472a2fstewart27@example.net', '2023-07-15 05:36:04', '$2y$10$zeIVfQDopmzIyEMvv8Mh7OOfRMwqPZYPPHRjlpe0L96hRYZCOZvCS', NULL, NULL, NULL, '1ZFQH3EObz', NULL, NULL, '2023-07-15 05:36:04', '2023-07-15 05:36:04'),
	(178, 3, 'Julia Hudson', '64b2304472d3ekkohler@example.net', '2023-07-15 05:36:04', '$2y$10$zeIVfQDopmzIyEMvv8Mh7OOfRMwqPZYPPHRjlpe0L96hRYZCOZvCS', NULL, NULL, NULL, '3AyjGGfkHZ', NULL, NULL, '2023-07-15 05:36:04', '2023-07-15 05:36:04'),
	(179, 4, 'Napoleon Bechtelar', '64b2304473036pturner@example.org', '2023-07-15 05:36:04', '$2y$10$zeIVfQDopmzIyEMvv8Mh7OOfRMwqPZYPPHRjlpe0L96hRYZCOZvCS', NULL, NULL, NULL, 'noLjrYOPzI', NULL, NULL, '2023-07-15 05:36:04', '2023-07-15 05:36:04'),
	(180, 4, 'Uriah Breitenberg IV', '64b23044732faangel.swaniawski@example.net', '2023-07-15 05:36:04', '$2y$10$zeIVfQDopmzIyEMvv8Mh7OOfRMwqPZYPPHRjlpe0L96hRYZCOZvCS', NULL, NULL, NULL, 'aS5CRvF71Q', NULL, NULL, '2023-07-15 05:36:04', '2023-07-15 05:36:04'),
	(181, 3, 'Dr. Rebeka Russel', '64b23044735cedorothea.donnelly@example.net', '2023-07-15 05:36:04', '$2y$10$zeIVfQDopmzIyEMvv8Mh7OOfRMwqPZYPPHRjlpe0L96hRYZCOZvCS', NULL, NULL, NULL, 'LSh9jl2jds', NULL, NULL, '2023-07-15 05:36:04', '2023-07-15 05:36:04'),
	(182, 3, 'Marcos Hettinger', '64b2304473895lynch.maurine@example.com', '2023-07-15 05:36:04', '$2y$10$zeIVfQDopmzIyEMvv8Mh7OOfRMwqPZYPPHRjlpe0L96hRYZCOZvCS', NULL, NULL, NULL, 'golHtM3dP5', NULL, NULL, '2023-07-15 05:36:04', '2023-07-15 05:36:04'),
	(183, 3, 'Prof. Victor Morissette PhD', '64b2304473b7aserena44@example.org', '2023-07-15 05:36:04', '$2y$10$zeIVfQDopmzIyEMvv8Mh7OOfRMwqPZYPPHRjlpe0L96hRYZCOZvCS', NULL, NULL, NULL, 'fb3mAvAAjB', NULL, NULL, '2023-07-15 05:36:04', '2023-07-15 05:36:04'),
	(184, 4, 'Hassie Bartoletti', '64b2304473e43alta52@example.org', '2023-07-15 05:36:04', '$2y$10$zeIVfQDopmzIyEMvv8Mh7OOfRMwqPZYPPHRjlpe0L96hRYZCOZvCS', NULL, NULL, NULL, '3AaEaxIOq2', NULL, NULL, '2023-07-15 05:36:04', '2023-07-15 05:36:04'),
	(185, 3, 'Sierra Mohr', '64b230447411ajulie59@example.net', '2023-07-15 05:36:04', '$2y$10$zeIVfQDopmzIyEMvv8Mh7OOfRMwqPZYPPHRjlpe0L96hRYZCOZvCS', NULL, NULL, NULL, 'hof0agWuVJ', NULL, NULL, '2023-07-15 05:36:04', '2023-07-15 05:36:04'),
	(186, 4, 'Olin Hyatt PhD', '64b23044743e2barrett59@example.org', '2023-07-15 05:36:04', '$2y$10$zeIVfQDopmzIyEMvv8Mh7OOfRMwqPZYPPHRjlpe0L96hRYZCOZvCS', NULL, NULL, NULL, 'WGfwmfKcUp', NULL, NULL, '2023-07-15 05:36:04', '2023-07-15 05:36:04'),
	(187, 4, 'Felicia Kozey', '64b23044746a8chandler72@example.org', '2023-07-15 05:36:04', '$2y$10$zeIVfQDopmzIyEMvv8Mh7OOfRMwqPZYPPHRjlpe0L96hRYZCOZvCS', NULL, NULL, NULL, 'nRr4Uu3IfV', NULL, NULL, '2023-07-15 05:36:04', '2023-07-15 05:36:04'),
	(188, 3, 'Jaeden Harris', '64b2304474986rath.devante@example.net', '2023-07-15 05:36:04', '$2y$10$zeIVfQDopmzIyEMvv8Mh7OOfRMwqPZYPPHRjlpe0L96hRYZCOZvCS', NULL, NULL, NULL, 'ePnoqPVTzH', NULL, NULL, '2023-07-15 05:36:04', '2023-07-15 05:36:04'),
	(189, 4, 'Richmond Gulgowski', '64b2304474c4eesta.ledner@example.org', '2023-07-15 05:36:04', '$2y$10$zeIVfQDopmzIyEMvv8Mh7OOfRMwqPZYPPHRjlpe0L96hRYZCOZvCS', NULL, NULL, NULL, '5chsrBeWqf', NULL, NULL, '2023-07-15 05:36:04', '2023-07-15 05:36:04'),
	(190, 3, 'Beryl Blick', '64b2304474f28lkoelpin@example.net', '2023-07-15 05:36:04', '$2y$10$zeIVfQDopmzIyEMvv8Mh7OOfRMwqPZYPPHRjlpe0L96hRYZCOZvCS', NULL, NULL, NULL, 'EaqaKLndBf', NULL, NULL, '2023-07-15 05:36:04', '2023-07-15 05:36:04'),
	(191, 4, 'Shane Schaefer', '64b23044751e7jerald.volkman@example.net', '2023-07-15 05:36:04', '$2y$10$zeIVfQDopmzIyEMvv8Mh7OOfRMwqPZYPPHRjlpe0L96hRYZCOZvCS', NULL, NULL, NULL, '0JdYrzgluz', NULL, NULL, '2023-07-15 05:36:04', '2023-07-15 05:36:04'),
	(192, 4, 'Joshuah Blanda Jr.', '64b23044754b0cummerata.hollie@example.org', '2023-07-15 05:36:04', '$2y$10$zeIVfQDopmzIyEMvv8Mh7OOfRMwqPZYPPHRjlpe0L96hRYZCOZvCS', NULL, NULL, NULL, 'DIOAdegAYE', NULL, NULL, '2023-07-15 05:36:04', '2023-07-15 05:36:04'),
	(193, 4, 'Shanel Anderson Jr.', '64b2304475785jchamplin@example.com', '2023-07-15 05:36:04', '$2y$10$zeIVfQDopmzIyEMvv8Mh7OOfRMwqPZYPPHRjlpe0L96hRYZCOZvCS', NULL, NULL, NULL, '3CEtskAU8o', NULL, NULL, '2023-07-15 05:36:04', '2023-07-15 05:36:04'),
	(194, 3, 'Mr. Immanuel Fadel III', '64b2304475a4fschneider.elbert@example.net', '2023-07-15 05:36:04', '$2y$10$zeIVfQDopmzIyEMvv8Mh7OOfRMwqPZYPPHRjlpe0L96hRYZCOZvCS', NULL, NULL, NULL, 'aCwTRQDudv', NULL, NULL, '2023-07-15 05:36:04', '2023-07-15 05:36:04'),
	(195, 4, 'Myrtie Hahn PhD', '64b2304475d2fanthony.konopelski@example.org', '2023-07-15 05:36:04', '$2y$10$zeIVfQDopmzIyEMvv8Mh7OOfRMwqPZYPPHRjlpe0L96hRYZCOZvCS', NULL, NULL, NULL, 'PEmuq9kWgO', NULL, NULL, '2023-07-15 05:36:04', '2023-07-15 05:36:04'),
	(196, 3, 'Mrs. Dianna Lindgren', '64b2304475ff5branson.glover@example.net', '2023-07-15 05:36:04', '$2y$10$zeIVfQDopmzIyEMvv8Mh7OOfRMwqPZYPPHRjlpe0L96hRYZCOZvCS', NULL, NULL, NULL, 'rvd5snu26q', NULL, NULL, '2023-07-15 05:36:04', '2023-07-15 05:36:04'),
	(197, 4, 'Mr. Raul Orn', '64b23044762dbkatlyn24@example.com', '2023-07-15 05:36:04', '$2y$10$zeIVfQDopmzIyEMvv8Mh7OOfRMwqPZYPPHRjlpe0L96hRYZCOZvCS', NULL, NULL, NULL, 'rXRjpblOfB', NULL, NULL, '2023-07-15 05:36:04', '2023-07-15 05:36:04'),
	(198, 4, 'Prof. Karl Johnson', '64b23044765b6igleichner@example.org', '2023-07-15 05:36:04', '$2y$10$zeIVfQDopmzIyEMvv8Mh7OOfRMwqPZYPPHRjlpe0L96hRYZCOZvCS', NULL, NULL, NULL, 'ooUZtmHGAb', NULL, NULL, '2023-07-15 05:36:04', '2023-07-15 05:36:04'),
	(199, 4, 'Kaylin Gutkowski', '64b23044768cdtorphy.geoffrey@example.com', '2023-07-15 05:36:04', '$2y$10$zeIVfQDopmzIyEMvv8Mh7OOfRMwqPZYPPHRjlpe0L96hRYZCOZvCS', NULL, NULL, NULL, 'h4W8w1Tf51', NULL, NULL, '2023-07-15 05:36:04', '2023-07-15 05:36:04'),
	(200, 3, 'Bridie Dickens MD', '64b2304476ba7aletha.bergnaum@example.org', '2023-07-15 05:36:04', '$2y$10$zeIVfQDopmzIyEMvv8Mh7OOfRMwqPZYPPHRjlpe0L96hRYZCOZvCS', NULL, NULL, NULL, 'rimMEfqAPn', NULL, NULL, '2023-07-15 05:36:04', '2023-07-15 05:36:04');

/*!40103 SET TIME_ZONE=IFNULL(@OLD_TIME_ZONE, 'system') */;
/*!40101 SET SQL_MODE=IFNULL(@OLD_SQL_MODE, '') */;
/*!40014 SET FOREIGN_KEY_CHECKS=IFNULL(@OLD_FOREIGN_KEY_CHECKS, 1) */;
/*!40101 SET CHARACTER_SET_CLIENT=@OLD_CHARACTER_SET_CLIENT */;
/*!40111 SET SQL_NOTES=IFNULL(@OLD_SQL_NOTES, 1) */;
